<?xml version="1.0"?>
<COLLADA xmlns="http://www.collada.org/2005/11/COLLADASchema" version="1.4.1">
	<asset>
		<contributor>
			<author>Assimp</author>
			<authoring_tool>Assimp Exporter</authoring_tool>
		</contributor>
		<created>2023-11-09T14:53:47</created>
		<modified>2023-11-09T14:53:47</modified>
		<unit name="meter" meter="0.010000" />
		<up_axis>Y_UP</up_axis>
	</asset>
	<library_effects>
		<effect id="DefaultMaterial-fx" name="DefaultMaterial">
			<profile_COMMON>
				<technique sid="standard">
					<phong>
						<diffuse>
							<color sid="diffuse">0.600000   0.600000   0.600000   1.000000</color>
						</diffuse>
					</phong>
				</technique>
			</profile_COMMON>
		</effect>
	</library_effects>
	<library_materials>
		<material id="DefaultMaterial" name="DefaultMaterial">
			<instance_effect url="#DefaultMaterial-fx"/>
		</material>
	</library_materials>
	<library_geometries>
		<geometry id="meshId0" name="meshId0_name" >
			<mesh>
				<source id="meshId0-positions" name="meshId0-positions">
					<float_array id="meshId0-positions-array" count="10632"> 
						-70.138489 3.577798 -40.423512 -63.067432 3.577801 -47.494583 -67.073227 3.577799 -51.500378 -74.144302 3.577797 -44.429306 -74.144302 3.577797 -44.429306 -67.073227 3.577799 -51.500378 -67.073227 0.217802 -51.500378 -74.144302 0.217800 -44.429306 -74.144302 0.217800 -44.429306 -67.073227 0.217802 -51.500378 -63.067432 0.217804 -47.494583 -70.138489 0.217802 -40.423512 -70.138489 0.217802 -40.423512 -63.067432 0.217804 -47.494583 -63.067432 3.577801 -47.494583 -70.138489 3.577798 -40.423512 -112.564896 0.217788 2.002901 -105.493828 0.217790 -5.068169 -105.493828 3.577787 -5.068169 -112.564903 3.577785 2.002901 -98.422752 0.217793 -12.139237 -98.422752 3.577789 -12.139237 -91.351685 0.217795 -19.210306 -91.351685 3.577791 -19.210306 -84.280624 0.217797 -26.281374 -84.280624 3.577794 -26.281374 -77.209557 0.217799 -33.352448 -77.209557 3.577796 -33.352448 -116.570694 0.217787 -2.002898 -109.499626 0.217789 -9.073969 -105.493828 0.217790 -5.068169 -112.564896 0.217788 2.002901 -102.428566 0.217791 -16.145035 -98.422752 0.217793 -12.139237 -95.357491 0.217793 -23.216105 -91.351685 0.217795 -19.210306 -88.286430 0.217796 -30.287176 -84.280624 0.217797 -26.281374 -81.215363 0.217798 -37.358242 -77.209557 0.217799 -33.352448 -116.570694 3.577783 -2.002898 -109.499626 3.577785 -9.073969 -109.499626 0.217789 -9.073969 -116.570694 0.217787 -2.002898 -102.428566 3.577787 -16.145035 -102.428566 0.217791 -16.145035 -95.357498 3.577790 -23.216105 -95.357491 0.217793 -23.216105 -88.286430 3.577792 -30.287176 -88.286430 0.217796 -30.287176 -81.215363 3.577794 -37.358242 -81.215363 0.217798 -37.358242 -112.564903 3.577785 2.002901 -105.493828 3.577787 -5.068169 -109.499626 3.577785 -9.073969 -116.570694 3.577783 -2.002898 -98.422752 3.577789 -12.139237 -102.428566 3.577787 -16.145035 -91.351685 3.577791 -19.210306 -95.357498 3.577790 -23.216105 -84.280624 3.577794 -26.281374 -88.286430 3.577792 -30.287176 -77.209557 3.577796 -33.352448 -81.215363 3.577794 -37.358242 
						-70.953468 42.856197 -41.238472 -63.882401 42.856197 -48.309540 -66.258278 42.856197 -50.685421 -73.329346 42.856197 -43.614349 -73.329346 42.856197 -43.614349 -66.258278 42.856197 -50.685421 -66.258278 39.496201 -50.685421 -73.329346 39.496201 -43.614349 -73.329346 39.496201 -43.614349 -66.258278 39.496201 -50.685421 -63.882393 39.496201 -48.309540 -70.953468 39.496201 -41.238472 -70.953468 39.496201 -41.238472 -63.882393 39.496201 -48.309540 -63.882401 42.856197 -48.309540 -70.953468 42.856197 -41.238472 -113.379868 39.496178 1.187939 -106.308800 39.496185 -5.883129 -106.308800 42.856186 -5.883129 -113.379868 42.856186 1.187939 -99.237740 39.496185 -12.954199 -99.237740 42.856194 -12.954199 -92.166672 39.496185 -20.025267 -92.166672 42.856194 -20.025267 -85.095604 39.496193 -27.096334 -85.095604 42.856194 -27.096334 -78.024536 39.496193 -34.167408 -78.024536 42.856197 -34.167408 -115.755753 39.496178 -1.187940 -108.684685 39.496185 -8.259009 -106.308800 39.496185 -5.883129 -113.379868 39.496178 1.187939 -101.613625 39.496185 -15.330078 -99.237740 39.496185 -12.954199 -94.542549 39.496185 -22.401148 -92.166672 39.496185 -20.025267 -87.471489 39.496193 -29.472214 -85.095604 39.496193 -27.096334 -80.400414 39.496193 -36.543285 -78.024536 39.496193 -34.167408 -115.755753 42.856186 -1.187940 -108.684685 42.856186 -8.259009 -108.684685 39.496185 -8.259009 -115.755753 39.496178 -1.187940 -101.613625 42.856194 -15.330078 -101.613625 39.496185 -15.330078 -94.542549 42.856194 -22.401148 -94.542549 39.496185 -22.401148 -87.471489 42.856194 -29.472214 -87.471489 39.496193 -29.472214 -80.400414 42.856197 -36.543285 -80.400414 39.496193 -36.543285 -113.379868 42.856186 1.187939 -106.308800 42.856186 -5.883129 -108.684685 42.856186 -8.259009 -115.755753 42.856186 -1.187940 -99.237740 42.856194 -12.954199 -101.613625 42.856194 -15.330078 -92.166672 42.856194 -20.025267 -94.542549 42.856194 -22.401148 -85.095604 42.856194 -27.096334 -87.471489 42.856194 -29.472214 -78.024536 42.856197 -34.167408 -80.400414 42.856197 -36.543285 
						-70.953484 82.134598 -41.238472 -63.882412 82.134605 -48.309540 -66.258286 82.134605 -50.685421 -73.329361 82.134598 -43.614353 -73.329361 82.134598 -43.614353 -66.258286 82.134605 -50.685421 -66.258286 78.774605 -50.685421 -73.329361 78.774605 -43.614353 -73.329361 78.774605 -43.614353 -66.258286 78.774605 -50.685421 -63.882412 78.774605 -48.309540 -70.953484 78.774605 -41.238472 -70.953484 78.774605 -41.238472 -63.882412 78.774605 -48.309540 -63.882412 82.134605 -48.309540 -70.953484 82.134598 -41.238472 -113.379890 78.774590 1.187939 -106.308815 78.774590 -5.883130 -106.308815 82.134590 -5.883130 -113.379890 82.134590 1.187939 -99.237747 78.774597 -12.954199 -99.237747 82.134590 -12.954199 -92.166672 78.774597 -20.025267 -92.166672 82.134590 -20.025267 -85.095612 78.774605 -27.096334 -85.095612 82.134598 -27.096334 -78.024544 78.774605 -34.167408 -78.024544 82.134598 -34.167408 -115.755753 78.774590 -1.187940 -108.684685 78.774590 -8.259009 -106.308815 78.774590 -5.883130 -113.379890 78.774590 1.187939 -101.613625 78.774597 -15.330078 -99.237747 78.774597 -12.954199 -94.542557 78.774597 -22.401148 -92.166672 78.774597 -20.025267 -87.471497 78.774605 -29.472214 -85.095612 78.774605 -27.096334 -80.400429 78.774605 -36.543285 -78.024544 78.774605 -34.167408 -115.755768 82.134590 -1.187940 -108.684685 82.134590 -8.259009 -108.684685 78.774590 -8.259009 -115.755753 78.774590 -1.187940 -101.613625 82.134590 -15.330078 -101.613625 78.774597 -15.330078 -94.542557 82.134590 -22.401148 -94.542557 78.774597 -22.401148 -87.471497 82.134598 -29.472214 -87.471497 78.774605 -29.472214 -80.400429 82.134598 -36.543285 -80.400429 78.774605 -36.543285 -113.379890 82.134590 1.187939 -106.308815 82.134590 -5.883130 -108.684685 82.134590 -8.259009 -115.755768 82.134590 -1.187940 -99.237747 82.134590 -12.954199 -101.613625 82.134590 -15.330078 -92.166672 82.134590 -20.025267 -94.542557 82.134590 -22.401148 -85.095612 82.134598 -27.096334 -87.471497 82.134598 -29.472214 -78.024544 82.134598 -34.167408 -80.400429 82.134598 -36.543285 
						-70.953491 121.413002 -41.238472 -63.882427 121.413002 -48.309540 -66.258301 121.413002 -50.685421 -73.329369 121.413002 -43.614353 -73.329369 121.413002 -43.614353 -66.258301 121.413002 -50.685421 -66.258301 118.053017 -50.685421 -73.329369 118.053017 -43.614353 -73.329369 118.053017 -43.614353 -66.258301 118.053017 -50.685421 -63.882427 118.053017 -48.309540 -70.953491 118.053017 -41.238472 -70.953491 118.053017 -41.238472 -63.882427 118.053017 -48.309540 -63.882427 121.413002 -48.309540 -70.953491 121.413002 -41.238472 -113.379890 118.053001 1.187938 -106.308815 118.053001 -5.883130 -106.308815 121.412994 -5.883130 -113.379890 121.412994 1.187938 -99.237762 118.053001 -12.954199 -99.237762 121.412994 -12.954199 -92.166687 118.053017 -20.025267 -92.166687 121.413002 -20.025267 -85.095619 118.053017 -27.096334 -85.095627 121.413002 -27.096334 -78.024551 118.053017 -34.167408 -78.024551 121.413002 -34.167408 -115.755783 118.053001 -1.187941 -108.684715 118.053001 -8.259009 -106.308815 118.053001 -5.883130 -113.379890 118.053001 1.187938 -101.613647 118.053001 -15.330078 -99.237762 118.053001 -12.954199 -94.542572 118.053017 -22.401148 -92.166687 118.053017 -20.025267 -87.471504 118.053017 -29.472214 -85.095619 118.053017 -27.096334 -80.400429 118.053017 -36.543285 -78.024551 118.053017 -34.167408 -115.755783 121.412994 -1.187941 -108.684715 121.412994 -8.259009 -108.684715 118.053001 -8.259009 -115.755783 118.053001 -1.187941 -101.613647 121.412994 -15.330078 -101.613647 118.053001 -15.330078 -94.542572 121.413002 -22.401148 -94.542572 118.053017 -22.401148 -87.471504 121.413002 -29.472214 -87.471504 118.053017 -29.472214 -80.400436 121.413002 -36.543285 -80.400429 118.053017 -36.543285 -113.379890 121.412994 1.187938 -106.308815 121.412994 -5.883130 -108.684715 121.412994 -8.259009 -115.755783 121.412994 -1.187941 -99.237762 121.412994 -12.954199 -101.613647 121.412994 -15.330078 -92.166687 121.413002 -20.025267 -94.542572 121.413002 -22.401148 -85.095627 121.413002 -27.096334 -87.471504 121.413002 -29.472214 -78.024551 121.413002 -34.167408 -80.400436 121.413002 -36.543285 
						-70.953499 160.691437 -41.238472 -63.882439 160.691437 -48.309540 -66.258308 160.691437 -50.685421 -73.329376 160.691437 -43.614353 -73.329376 160.691437 -43.614353 -66.258308 160.691437 -50.685421 -66.258308 157.331406 -50.685421 -73.329376 157.331406 -43.614353 -73.329376 157.331406 -43.614353 -66.258308 157.331406 -50.685421 -63.882439 157.331406 -48.309540 -70.953499 157.331406 -41.238472 -70.953499 157.331406 -41.238472 -63.882439 157.331406 -48.309540 -63.882439 160.691437 -48.309540 -70.953499 160.691437 -41.238472 -113.379913 157.331390 1.187938 -106.308846 157.331390 -5.883131 -106.308846 160.691406 -5.883131 -113.379913 160.691406 1.187938 -99.237778 157.331390 -12.954199 -99.237778 160.691406 -12.954199 -92.166702 157.331406 -20.025267 -92.166710 160.691437 -20.025267 -85.095642 157.331406 -27.096334 -85.095642 160.691437 -27.096334 -78.024567 157.331406 -34.167408 -78.024567 160.691437 -34.167408 -115.755791 157.331390 -1.187941 -108.684715 157.331390 -8.259009 -106.308846 157.331390 -5.883131 -113.379913 157.331390 1.187938 -101.613647 157.331390 -15.330079 -99.237778 157.331390 -12.954199 -94.542587 157.331406 -22.401148 -92.166702 157.331406 -20.025267 -87.471512 157.331406 -29.472214 -85.095642 157.331406 -27.096334 -80.400459 157.331406 -36.543285 -78.024567 157.331406 -34.167408 -115.755791 160.691406 -1.187941 -108.684723 160.691406 -8.259009 -108.684715 157.331390 -8.259009 -115.755791 157.331390 -1.187941 -101.613647 160.691406 -15.330079 -101.613647 157.331390 -15.330079 -94.542587 160.691437 -22.401148 -94.542587 157.331406 -22.401148 -87.471512 160.691437 -29.472214 -87.471512 157.331406 -29.472214 -80.400459 160.691437 -36.543285 -80.400459 157.331406 -36.543285 -113.379913 160.691406 1.187938 -106.308846 160.691406 -5.883131 -108.684723 160.691406 -8.259009 -115.755791 160.691406 -1.187941 -99.237778 160.691406 -12.954199 -101.613647 160.691406 -15.330079 -92.166710 160.691437 -20.025267 -94.542587 160.691437 -22.401148 -85.095642 160.691437 -27.096334 -87.471512 160.691437 -29.472214 -78.024567 160.691437 -34.167408 -80.400459 160.691437 -36.543285 
						-70.138573 199.969818 -40.423512 -63.067501 199.969818 -47.494583 -67.073288 199.969818 -51.500385 -74.144363 199.969818 -44.429310 -74.144363 199.969818 -44.429310 -67.073288 199.969818 -51.500385 -67.073288 196.609802 -51.500385 -74.144363 196.609802 -44.429310 -74.144363 196.609802 -44.429310 -67.073288 196.609802 -51.500385 -63.067493 196.609802 -47.494583 -70.138573 196.609802 -40.423512 -70.138573 196.609802 -40.423512 -63.067493 196.609802 -47.494583 -63.067501 199.969818 -47.494583 -70.138573 199.969818 -40.423512 -112.564949 196.609802 2.002899 -105.493889 196.609802 -5.068171 -105.493889 199.969803 -5.068171 -112.564949 199.969803 2.002899 -98.422829 196.609802 -12.139240 -98.422829 199.969803 -12.139240 -91.351761 196.609802 -19.210308 -91.351761 199.969818 -19.210308 -84.280693 196.609802 -26.281374 -84.280693 199.969818 -26.281374 -77.209633 196.609802 -33.352451 -77.209633 199.969818 -33.352451 -116.570755 196.609802 -2.002900 -109.499695 196.609802 -9.073969 -105.493889 196.609802 -5.068171 -112.564949 196.609802 2.002899 -102.428627 196.609802 -16.145037 -98.422829 196.609802 -12.139240 -95.357559 196.609802 -23.216106 -91.351761 196.609802 -19.210308 -88.286491 196.609802 -30.287176 -84.280693 196.609802 -26.281374 -81.215424 196.609802 -37.358246 -77.209633 196.609802 -33.352451 -116.570755 199.969803 -2.002900 -109.499695 199.969803 -9.073969 -109.499695 196.609802 -9.073969 -116.570755 196.609802 -2.002900 -102.428627 199.969803 -16.145037 -102.428627 196.609802 -16.145037 -95.357559 199.969818 -23.216106 -95.357559 196.609802 -23.216106 -88.286491 199.969818 -30.287176 -88.286491 196.609802 -30.287176 -81.215424 199.969818 -37.358246 -81.215424 196.609802 -37.358246 -112.564949 199.969803 2.002899 -105.493889 199.969803 -5.068171 -109.499695 199.969803 -9.073969 -116.570755 199.969803 -2.002900 -98.422829 199.969803 -12.139240 -102.428627 199.969803 -16.145037 -91.351761 199.969818 -19.210308 -95.357559 199.969818 -23.216106 -84.280693 199.969818 -26.281374 -88.286491 199.969818 -30.287176 -77.209633 199.969818 -33.352451 -81.215424 199.969818 -37.358246 
						-113.719315 171.428574 4.808312 -113.719330 200.237534 4.808310 -119.376175 200.237534 -0.848546 -119.376160 171.428574 -0.848543 -119.376160 171.428574 -0.848543 -119.376175 200.237534 -0.848546 -115.416359 200.237534 -4.808348 -115.416359 171.428574 -4.808345 -115.416359 171.428574 -4.808345 -115.416359 200.237534 -4.808348 -109.759514 200.237534 0.848507 -109.759506 171.428574 0.848509 -109.759506 171.428574 0.848509 -109.759514 200.237534 0.848507 -113.719330 200.237534 4.808310 -113.719315 171.428574 4.808312 -119.376129 -0.809658 -0.848524 -115.416321 -0.809659 -4.808327 -109.759460 -0.809657 0.848528 -113.719269 -0.809657 4.808330 -115.416359 200.237534 -4.808348 -119.376175 200.237534 -0.848546 -113.719330 200.237534 4.808310 -109.759514 200.237534 0.848507 -109.759460 -0.809657 0.848528 -109.759483 28.571426 0.848525 -113.719269 28.571426 4.808327 -113.719269 -0.809657 4.808330 -109.759483 57.142853 0.848522 -113.719269 57.142853 4.808324 -109.759491 85.714287 0.848519 -113.719292 85.714287 4.808321 -109.759506 114.285706 0.848516 -113.719307 114.285706 4.808318 -109.759506 142.857132 0.848513 -113.719307 142.857132 4.808315 -115.416321 -0.809659 -4.808327 -115.416328 28.571426 -4.808330 -109.759483 28.571426 0.848525 -109.759460 -0.809657 0.848528 -115.416344 57.142853 -4.808333 -109.759483 57.142853 0.848522 -115.416344 85.714287 -4.808336 -109.759491 85.714287 0.848519 -115.416359 114.285706 -4.808339 -109.759506 114.285706 0.848516 -115.416359 142.857132 -4.808342 -109.759506 142.857132 0.848513 -119.376129 -0.809658 -0.848524 -119.376144 28.571426 -0.848527 -115.416328 28.571426 -4.808330 -115.416321 -0.809659 -4.808327 -119.376144 57.142853 -0.848531 -115.416344 57.142853 -4.808333 -119.376144 85.714287 -0.848534 -115.416344 85.714287 -4.808336 -119.376152 114.285706 -0.848537 -115.416359 114.285706 -4.808339 -119.376160 142.857132 -0.848540 -115.416359 142.857132 -4.808342 -113.719269 -0.809657 4.808330 -113.719269 28.571426 4.808327 -119.376144 28.571426 -0.848527 -119.376129 -0.809658 -0.848524 
						-113.719269 57.142853 4.808324 -119.376144 57.142853 -0.848531 -113.719292 85.714287 4.808321 -119.376144 85.714287 -0.848534 -113.719307 114.285706 4.808318 -119.376152 114.285706 -0.848537 -113.719307 142.857132 4.808315 -119.376160 142.857132 -0.848540 -64.221832 171.428558 -44.689159 -64.221832 200.237534 -44.689163 -69.878693 200.237534 -50.346016 -69.878693 171.428558 -50.346016 -69.878693 171.428558 -50.346016 -69.878693 200.237534 -50.346016 -65.918884 200.237534 -54.305813 -65.918884 171.428558 -54.305813 -65.918884 171.428558 -54.305813 -65.918884 200.237534 -54.305813 -60.262035 200.237534 -48.648960 -60.262028 171.428558 -48.648960 -60.262028 171.428558 -48.648960 -60.262035 200.237534 -48.648960 -64.221832 200.237534 -44.689163 -64.221832 171.428558 -44.689159 -69.878654 -0.809662 -50.345989 -65.918839 -0.809663 -54.305798 -60.261990 -0.809661 -48.648937 -64.221786 -0.809660 -44.689133 -65.918884 200.237534 -54.305813 -69.878693 200.237534 -50.346016 -64.221832 200.237534 -44.689163 -60.262035 200.237534 -48.648960 -60.261990 -0.809661 -48.648937 -60.261993 28.571421 -48.648937 -64.221802 28.571426 -44.689137 -64.221786 -0.809660 -44.689133 -60.262001 57.142853 -48.648941 -64.221802 57.142853 -44.689148 -60.262016 85.714272 -48.648941 -64.221809 85.714287 -44.689148 -60.262016 114.285698 -48.648952 -64.221817 114.285698 -44.689152 -60.262028 142.857132 -48.648952 -64.221825 142.857132 -44.689156 -65.918839 -0.809663 -54.305798 -65.918854 28.571421 -54.305798 -60.261993 28.571421 -48.648937 -60.261990 -0.809661 -48.648937 -65.918854 57.142853 -54.305801 -60.262001 57.142853 -48.648941 -65.918861 85.714272 -54.305801 -60.262016 85.714272 -48.648941 -65.918869 114.285698 -54.305809 -60.262016 114.285698 -48.648952 -65.918877 142.857132 -54.305809 -60.262028 142.857132 -48.648952 -69.878654 -0.809662 -50.345989 -69.878654 28.571426 -50.345997 -65.918854 28.571421 -54.305798 -65.918839 -0.809663 -54.305798 -69.878670 57.142853 -50.345997 -65.918854 57.142853 -54.305801 -69.878670 85.714287 -50.346004 -65.918861 85.714272 -54.305801 
						-69.878685 114.285698 -50.346004 -65.918869 114.285698 -54.305809 -69.878685 142.857132 -50.346008 -65.918877 142.857132 -54.305809 -64.221786 -0.809660 -44.689133 -64.221802 28.571426 -44.689137 -69.878654 28.571426 -50.345997 -69.878654 -0.809662 -50.345989 -64.221802 57.142853 -44.689148 -69.878670 57.142853 -50.345997 -64.221809 85.714287 -44.689148 -69.878670 85.714287 -50.346004 -64.221817 114.285698 -44.689152 -69.878685 114.285698 -50.346004 -64.221825 142.857132 -44.689156 -69.878685 142.857132 -50.346008 -81.150513 164.478867 -30.249500 -81.150513 196.718292 -30.249504 -84.318359 196.718292 -33.417343 -84.318344 164.478867 -33.417339 -84.318344 164.478867 -33.417339 -84.318359 196.718292 -33.417343 -82.100868 196.718292 -35.634823 -82.100861 164.478867 -35.634823 -82.100861 164.478867 -35.634823 -82.100868 196.718292 -35.634823 -78.933029 196.718292 -32.466991 -78.933029 164.478867 -32.466984 -78.933029 164.478867 -32.466984 -78.933029 196.718292 -32.466991 -81.150513 196.718292 -30.249504 -81.150513 164.478867 -30.249500 -97.595482 164.478867 -13.804537 -97.595482 196.718292 -13.804540 -100.763329 196.718292 -16.972376 -100.763313 164.478867 -16.972374 -100.763313 164.478867 -16.972374 -100.763329 196.718292 -16.972376 -98.545837 196.718292 -19.189865 -98.545830 164.478867 -19.189861 -98.545830 164.478867 -19.189861 -98.545837 196.718292 -19.189865 -95.377998 196.718292 -16.022026 -95.377991 164.478867 -16.022024 -95.377991 164.478867 -16.022024 -95.377998 196.718292 -16.022026 -97.595482 196.718292 -13.804540 -97.595482 164.478867 -13.804537 -95.377953 3.281682 -16.022005 -95.377960 35.521114 -16.022011 -97.595444 35.521114 -13.804522 -97.595444 3.281682 -13.804519 -95.377968 67.760536 -16.022011 -97.595444 67.760551 -13.804526 -95.377968 99.999985 -16.022018 -97.595451 99.999985 -13.804531 -95.377983 132.239410 -16.022022 -97.595467 132.239410 -13.804534 -98.545792 3.281680 -19.189844 -98.545799 35.521114 -19.189846 -95.377960 35.521114 -16.022011 -95.377953 3.281682 -16.022005 -98.545807 67.760536 -19.189850 -95.377968 67.760536 -16.022011 
						-98.545815 99.999985 -19.189854 -95.377968 99.999985 -16.022018 -98.545822 132.239410 -19.189859 -95.377983 132.239410 -16.022022 -100.763283 3.281681 -16.972355 -100.763283 35.521114 -16.972359 -98.545799 35.521114 -19.189846 -98.545792 3.281680 -19.189844 -100.763290 67.760536 -16.972361 -98.545807 67.760536 -19.189850 -100.763298 99.999985 -16.972366 -98.545815 99.999985 -19.189854 -100.763298 132.239410 -16.972370 -98.545822 132.239410 -19.189859 -97.595444 3.281682 -13.804519 -97.595444 35.521114 -13.804522 -100.763283 35.521114 -16.972359 -100.763283 3.281681 -16.972355 -97.595444 67.760551 -13.804526 -100.763290 67.760536 -16.972361 -97.595451 99.999985 -13.804531 -100.763298 99.999985 -16.972366 -97.595467 132.239410 -13.804534 -100.763298 132.239410 -16.972370 -78.932983 3.281681 -32.466972 -78.932999 35.521118 -32.466976 -81.150475 35.521114 -30.249485 -81.150467 3.281681 -30.249483 -78.932999 67.760559 -32.466980 -81.150490 67.760544 -30.249491 -78.933006 99.999992 -32.466980 -81.150497 99.999977 -30.249493 -78.933022 132.239441 -32.466980 -81.150505 132.239441 -30.249496 -82.100830 3.281679 -35.634808 -82.100838 35.521118 -35.634811 -78.932999 35.521118 -32.466976 -78.932983 3.281681 -32.466972 -82.100838 67.760559 -35.634811 -78.932999 67.760559 -32.466980 -82.100853 99.999992 -35.634815 -78.933006 99.999992 -32.466980 -82.100853 132.239441 -35.634819 -78.933022 132.239441 -32.466980 -84.318306 3.281680 -33.417324 -84.318314 35.521118 -33.417328 -82.100838 35.521118 -35.634811 -82.100830 3.281679 -35.634808 -84.318314 67.760559 -33.417332 -82.100838 67.760559 -35.634811 -84.318336 99.999992 -33.417332 -82.100853 99.999992 -35.634815 -84.318344 132.239441 -33.417336 -82.100853 132.239441 -35.634819 -81.150467 3.281681 -30.249483 -81.150475 35.521114 -30.249485 -84.318314 35.521118 -33.417328 -84.318306 3.281680 -33.417324 -81.150490 67.760544 -30.249491 -84.318314 67.760559 -33.417332 -81.150497 99.999977 -30.249493 -84.318336 99.999992 -33.417332 -81.150505 132.239441 -30.249496 -84.318344 132.239441 -33.417336 
						-89.819054 148.355927 -24.748741 -65.070297 148.355911 -49.497482 -65.070320 196.711823 -49.497482 -89.819054 196.711838 -24.748741 -11.177980 3.577804 -9.337074 -3.517532 3.577808 -2.909201 0.123894 3.577809 -7.248885 -7.536555 3.577805 -13.676758 -7.536555 3.577805 -13.676758 0.123894 3.577809 -7.248885 0.123894 0.217812 -7.248885 -7.536555 0.217809 -13.676758 -7.536555 0.217809 -13.676758 0.123894 0.217812 -7.248885 -3.517532 0.217810 -2.909201 -11.177980 0.217807 -9.337074 -11.177980 0.217807 -9.337074 -3.517532 0.217810 -2.909201 -3.517532 3.577808 -2.909201 -11.177980 3.577804 -9.337074 -57.140667 0.217787 -47.904316 -49.480225 0.217790 -41.476437 -49.480225 3.577787 -41.476437 -57.140667 3.577784 -47.904316 -41.819775 0.217793 -35.048569 -41.819775 3.577791 -35.048569 -34.159325 0.217797 -28.620689 -34.159325 3.577794 -28.620693 -26.498878 0.217800 -22.192822 -26.498878 3.577797 -22.192822 -18.838428 0.217804 -15.764945 -18.838428 3.577801 -15.764945 -53.499241 0.217788 -52.243999 -45.838791 0.217792 -45.816128 -49.480225 0.217790 -41.476437 -57.140667 0.217787 -47.904316 -38.178349 0.217795 -39.388245 -41.819775 0.217793 -35.048569 -30.517900 0.217799 -32.960384 -34.159325 0.217797 -28.620689 -22.857452 0.217802 -26.532503 -26.498878 0.217800 -22.192822 -15.197003 0.217805 -20.104626 -18.838428 0.217804 -15.764945 -53.499241 3.577785 -52.243999 -45.838791 3.577789 -45.816128 -45.838791 0.217792 -45.816128 -53.499241 0.217788 -52.243999 -38.178349 3.577792 -39.388245 -38.178349 0.217795 -39.388245 -30.517900 3.577796 -32.960381 -30.517900 0.217799 -32.960384 -22.857452 3.577799 -26.532503 -22.857452 0.217802 -26.532503 -15.197003 3.577802 -20.104626 -15.197003 0.217805 -20.104626 -57.140667 3.577784 -47.904316 -49.480225 3.577787 -41.476437 -45.838791 3.577789 -45.816128 -53.499241 3.577785 -52.243999 -41.819775 3.577791 -35.048569 -38.178349 3.577792 -39.388245 -34.159325 3.577794 -28.620693 -30.517900 3.577796 -32.960381 
						-26.498878 3.577797 -22.192822 -22.857452 3.577799 -26.532503 -18.838428 3.577801 -15.764945 -15.197003 3.577802 -20.104626 -10.437166 42.856209 -10.219959 -2.776718 42.856213 -3.792077 -0.616956 42.856213 -6.365991 -8.277406 42.856209 -12.793867 -8.277406 42.856209 -12.793867 -0.616956 42.856213 -6.365991 -0.616956 39.496204 -6.365991 -8.277406 39.496204 -12.793867 -8.277406 39.496204 -12.793867 -0.616956 39.496204 -6.365991 -2.776718 39.496204 -3.792077 -10.437166 39.496204 -10.219959 -10.437166 39.496204 -10.219959 -2.776718 39.496204 -3.792077 -2.776718 42.856213 -3.792077 -10.437166 42.856209 -10.219959 -56.399853 39.496185 -48.787209 -48.739410 39.496185 -42.359322 -48.739410 42.856194 -42.359325 -56.399853 42.856194 -48.787209 -41.078957 39.496193 -35.931461 -41.078957 42.856194 -35.931461 -33.418507 39.496201 -29.503580 -33.418510 42.856197 -29.503580 -25.758066 39.496201 -23.075703 -25.758070 42.856209 -23.075703 -18.097622 39.496204 -16.647831 -18.097628 42.856209 -16.647831 -54.240082 39.496185 -51.361118 -46.579639 39.496185 -44.933239 -48.739410 39.496185 -42.359322 -56.399853 39.496185 -48.787209 -38.919186 39.496193 -38.505363 -41.078957 39.496193 -35.931461 -31.258751 39.496201 -32.077492 -33.418507 39.496201 -29.503580 -23.598301 39.496201 -25.649618 -25.758066 39.496201 -23.075703 -15.937847 39.496201 -19.221745 -18.097622 39.496204 -16.647831 -54.240082 42.856194 -51.361118 -46.579639 42.856194 -44.933243 -46.579639 39.496185 -44.933239 -54.240082 39.496185 -51.361118 -38.919193 42.856194 -38.505363 -38.919186 39.496193 -38.505363 -31.258751 42.856197 -32.077492 -31.258751 39.496201 -32.077492 -23.598301 42.856209 -25.649618 -23.598301 39.496201 -25.649618 -15.937853 42.856209 -19.221745 -15.937847 39.496201 -19.221745 -56.399853 42.856194 -48.787209 -48.739410 42.856194 -42.359325 -46.579639 42.856194 -44.933243 -54.240082 42.856194 -51.361118 -41.078957 42.856194 -35.931461 -38.919193 42.856194 -38.505363 -33.418510 42.856197 -29.503580 -31.258751 42.856197 -32.077492 
						-25.758070 42.856209 -23.075703 -23.598301 42.856209 -25.649618 -18.097628 42.856209 -16.647831 -15.937853 42.856209 -19.221745 -10.437191 82.134628 -10.219956 -2.776742 82.134628 -3.792089 -0.616980 82.134628 -6.366003 -8.277428 82.134628 -12.793860 -8.277428 82.134628 -12.793860 -0.616980 82.134628 -6.366003 -0.616980 78.774628 -6.366003 -8.277428 78.774628 -12.793860 -8.277428 78.774628 -12.793860 -0.616980 78.774628 -6.366003 -2.776742 78.774628 -3.792089 -10.437191 78.774628 -10.219956 -10.437191 78.774628 -10.219956 -2.776742 78.774628 -3.792089 -2.776742 82.134628 -3.792089 -10.437191 82.134628 -10.219956 -56.399872 78.774597 -48.787209 -48.739422 78.774605 -42.359329 -48.739426 82.134598 -42.359329 -56.399872 82.134590 -48.787209 -41.078972 78.774605 -35.931461 -41.078972 82.134598 -35.931461 -33.418526 78.774605 -29.503576 -33.418530 82.134598 -29.503576 -25.758081 78.774605 -23.075706 -25.758089 82.134605 -23.075706 -18.097639 78.774620 -16.647833 -18.097639 82.134621 -16.647833 -54.240101 78.774597 -51.361122 -46.579655 78.774605 -44.933243 -48.739422 78.774605 -42.359329 -56.399872 78.774597 -48.787209 -38.919212 78.774605 -38.505363 -41.078972 78.774605 -35.931461 -31.258768 78.774605 -32.077488 -33.418526 78.774605 -29.503576 -23.598314 78.774605 -25.649618 -25.758081 78.774605 -23.075706 -15.937864 78.774620 -19.221739 -18.097639 78.774620 -16.647833 -54.240101 82.134590 -51.361122 -46.579659 82.134598 -44.933247 -46.579655 78.774605 -44.933243 -54.240101 78.774597 -51.361122 -38.919212 82.134598 -38.505363 -38.919212 78.774605 -38.505363 -31.258774 82.134598 -32.077488 -31.258768 78.774605 -32.077488 -23.598314 82.134605 -25.649618 -23.598314 78.774605 -25.649618 -15.937864 82.134621 -19.221739 -15.937864 78.774620 -19.221739 -56.399872 82.134590 -48.787209 -48.739426 82.134598 -42.359329 -46.579659 82.134598 -44.933247 -54.240101 82.134590 -51.361122 -41.078972 82.134598 -35.931461 -38.919212 82.134598 -38.505363 -33.418530 82.134598 -29.503576 -31.258774 82.134598 -32.077488 
						-25.758089 82.134605 -23.075706 -23.598314 82.134605 -25.649618 -18.097639 82.134621 -16.647833 -15.937864 82.134621 -19.221739 -10.437202 121.413048 -10.219956 -2.776766 121.413063 -3.792084 -0.617003 121.413063 -6.365997 -8.277440 121.413048 -12.793864 -8.277440 121.413048 -12.793864 -0.617003 121.413063 -6.365997 -0.616992 118.053055 -6.365997 -8.277440 118.053040 -12.793864 -8.277440 118.053040 -12.793864 -0.616992 118.053055 -6.365997 -2.776754 118.053055 -3.792084 -10.437202 118.053040 -10.219956 -10.437202 118.053040 -10.219956 -2.776754 118.053055 -3.792084 -2.776766 121.413063 -3.792084 -10.437202 121.413048 -10.219956 -56.399887 118.053017 -48.787205 -48.739449 118.053017 -42.359322 -48.739449 121.413002 -42.359325 -56.399887 121.413002 -48.787205 -41.078991 118.053017 -35.931461 -41.078991 121.413017 -35.931461 -33.418549 118.053017 -29.503580 -33.418549 121.413017 -29.503580 -25.758099 118.053017 -23.075699 -25.758099 121.413017 -23.075699 -18.097651 118.053040 -16.647833 -18.097651 121.413048 -16.647833 -54.240124 118.053017 -51.361118 -46.579674 118.053017 -44.933247 -48.739449 118.053017 -42.359322 -56.399887 118.053017 -48.787205 -38.919231 118.053032 -38.505363 -41.078991 118.053017 -35.931461 -31.258785 118.053032 -32.077492 -33.418549 118.053017 -29.503580 -23.598337 118.053032 -25.649612 -25.758099 118.053017 -23.075699 -15.937882 118.053040 -19.221741 -18.097651 118.053040 -16.647833 -54.240124 121.413002 -51.361118 -46.579681 121.413017 -44.933239 -46.579674 118.053017 -44.933247 -54.240124 118.053017 -51.361118 -38.919231 121.413025 -38.505363 -38.919231 118.053032 -38.505363 -31.258785 121.413025 -32.077492 -31.258785 118.053032 -32.077492 -23.598337 121.413025 -25.649612 -23.598337 118.053032 -25.649612 -15.937882 121.413048 -19.221741 -15.937882 118.053040 -19.221741 -56.399887 121.413002 -48.787205 -48.739449 121.413002 -42.359325 -46.579681 121.413017 -44.933239 -54.240124 121.413002 -51.361118 -41.078991 121.413017 -35.931461 -38.919231 121.413025 -38.505363 -33.418549 121.413017 -29.503580 -31.258785 121.413025 -32.077492 
						-25.758099 121.413017 -23.075699 -23.598337 121.413025 -25.649612 -18.097651 121.413048 -16.647833 -15.937882 121.413048 -19.221741 -10.437226 160.691452 -10.219956 -2.776778 160.691467 -3.792084 -0.617015 160.691467 -6.365997 -8.277453 160.691452 -12.793870 -8.277453 160.691452 -12.793870 -0.617015 160.691467 -6.365997 -0.617015 157.331436 -6.365997 -8.277453 157.331436 -12.793867 -8.277453 157.331436 -12.793867 -0.617015 157.331436 -6.365997 -2.776778 157.331436 -3.792084 -10.437226 157.331436 -10.219954 -10.437226 157.331436 -10.219954 -2.776778 157.331436 -3.792084 -2.776778 160.691467 -3.792084 -10.437226 160.691452 -10.219956 -56.399910 157.331406 -48.787209 -48.739464 157.331406 -42.359329 -48.739464 160.691437 -42.359329 -56.399910 160.691437 -48.787209 -41.079010 157.331421 -35.931458 -41.079010 160.691437 -35.931458 -33.418560 157.331421 -29.503580 -33.418560 160.691437 -29.503582 -25.758120 157.331421 -23.075703 -25.758120 160.691437 -23.075706 -18.097675 157.331436 -16.647831 -18.097675 160.691452 -16.647833 -54.240139 157.331406 -51.361122 -46.579697 157.331421 -44.933243 -48.739464 157.331406 -42.359329 -56.399910 157.331406 -48.787209 -38.919247 157.331436 -38.505363 -41.079010 157.331421 -35.931458 -31.258797 157.331436 -32.077492 -33.418560 157.331421 -29.503580 -23.598349 157.331436 -25.649618 -25.758120 157.331421 -23.075703 -15.937901 157.331436 -19.221739 -18.097675 157.331436 -16.647831 -54.240139 160.691437 -51.361122 -46.579697 160.691437 -44.933243 -46.579697 157.331421 -44.933243 -54.240139 157.331406 -51.361122 -38.919247 160.691452 -38.505363 -38.919247 157.331436 -38.505363 -31.258797 160.691452 -32.077496 -31.258797 157.331436 -32.077492 -23.598349 160.691452 -25.649622 -23.598349 157.331436 -25.649618 -15.937901 160.691452 -19.221741 -15.937901 157.331436 -19.221739 -56.399910 160.691437 -48.787209 -48.739464 160.691437 -42.359329 -46.579697 160.691437 -44.933243 -54.240139 160.691437 -51.361122 -41.079010 160.691437 -35.931458 -38.919247 160.691452 -38.505363 -33.418560 160.691437 -29.503582 -31.258797 160.691452 -32.077496 
						-25.758120 160.691437 -23.075706 -23.598349 160.691452 -25.649622 -18.097675 160.691452 -16.647833 -15.937901 160.691452 -19.221741 -11.178076 199.969833 -9.337077 -3.517616 199.969864 -2.909201 0.123799 199.969864 -7.248885 -7.536650 199.969833 -13.676767 -7.536650 199.969833 -13.676767 0.123799 199.969864 -7.248885 0.123799 196.609848 -7.248885 -7.536638 196.609833 -13.676767 -7.536638 196.609833 -13.676767 0.123799 196.609848 -7.248885 -3.517616 196.609848 -2.909201 -11.178076 196.609833 -9.337077 -11.178076 196.609833 -9.337077 -3.517616 196.609848 -2.909201 -3.517616 199.969864 -2.909201 -11.178076 199.969833 -9.337077 -57.140755 196.609802 -47.904316 -49.480312 196.609802 -41.476437 -49.480312 199.969818 -41.476437 -57.140759 199.969818 -47.904316 -41.819866 196.609818 -35.048561 -41.819866 199.969833 -35.048561 -34.159409 196.609818 -28.620693 -34.159409 199.969833 -28.620693 -26.498968 196.609818 -22.192818 -26.498976 199.969833 -22.192818 -18.838512 196.609818 -15.764947 -18.838518 199.969833 -15.764947 -53.499332 196.609818 -52.243999 -45.838882 196.609818 -45.816120 -49.480312 196.609802 -41.476437 -57.140755 196.609802 -47.904316 -38.178432 196.609833 -39.388245 -41.819866 196.609818 -35.048561 -30.517982 196.609833 -32.960384 -34.159409 196.609818 -28.620693 -22.857534 196.609833 -26.532507 -26.498968 196.609818 -22.192818 -15.197087 196.609833 -20.104626 -18.838512 196.609818 -15.764947 -53.499332 199.969833 -52.243999 -45.838882 199.969833 -45.816124 -45.838882 196.609818 -45.816120 -53.499332 196.609818 -52.243999 -38.178432 199.969833 -39.388245 -38.178432 196.609833 -39.388245 -30.517982 199.969833 -32.960384 -30.517982 196.609833 -32.960384 -22.857534 199.969833 -26.532507 -22.857534 196.609833 -26.532507 -15.197092 199.969833 -20.104626 -15.197087 196.609833 -20.104626 -57.140759 199.969818 -47.904316 -49.480312 199.969818 -41.476437 -45.838882 199.969833 -45.816124 -53.499332 199.969833 -52.243999 -41.819866 199.969833 -35.048561 -38.178432 199.969833 -39.388245 -34.159409 199.969833 -28.620693 -30.517982 199.969833 -32.960384 
						-26.498976 199.969833 -22.192818 -22.857534 199.969833 -26.532507 -18.838518 199.969833 -15.764947 -15.197092 199.969833 -20.104626 -60.036087 171.428589 -48.809784 -60.036098 200.237579 -48.809772 -54.893806 200.237595 -54.938129 -54.893787 171.428604 -54.938137 -54.893787 171.428604 -54.938137 -54.893806 200.237595 -54.938129 -50.603947 200.237595 -51.338520 -50.603943 171.428604 -51.338520 -50.603943 171.428604 -51.338520 -50.603947 200.237595 -51.338520 -55.746239 200.237579 -45.210163 -55.746235 171.428589 -45.210163 -55.746235 171.428589 -45.210163 -55.746239 200.237579 -45.210163 -60.036098 200.237579 -48.809772 -60.036087 171.428589 -48.809784 -54.893730 -0.809657 -54.938148 -50.603874 -0.809656 -51.338539 -55.746174 -0.809659 -45.210182 -60.036034 -0.809659 -48.809795 -50.603947 200.237595 -51.338520 -54.893806 200.237595 -54.938129 -60.036098 200.237579 -48.809772 -55.746239 200.237579 -45.210163 -55.746174 -0.809659 -45.210182 -55.746185 28.571432 -45.210175 -60.036041 28.571432 -48.809792 -60.036034 -0.809659 -48.809795 -55.746197 57.142860 -45.210175 -60.036045 57.142860 -48.809792 -55.746208 85.714302 -45.210171 -60.036064 85.714302 -48.809784 -55.746220 114.285721 -45.210167 -60.036072 114.285721 -48.809784 -55.746227 142.857147 -45.210167 -60.036079 142.857147 -48.809784 -50.603874 -0.809656 -51.338539 -50.603893 28.571432 -51.338528 -55.746185 28.571432 -45.210175 -55.746174 -0.809659 -45.210182 -50.603901 57.142860 -51.338528 -55.746197 57.142860 -45.210175 -50.603901 85.714302 -51.338528 -55.746208 85.714302 -45.210171 -50.603912 114.285728 -51.338528 -55.746220 114.285721 -45.210167 -50.603928 142.857162 -51.338520 -55.746227 142.857147 -45.210167 -54.893730 -0.809657 -54.938148 -54.893738 28.571432 -54.938148 -50.603893 28.571432 -51.338528 -50.603874 -0.809656 -51.338539 -54.893753 57.142860 -54.938148 -50.603901 57.142860 -51.338528 -54.893761 85.714302 -54.938148 -50.603901 85.714302 -51.338528 -54.893772 114.285728 -54.938141 -50.603912 114.285728 -51.338528 -54.893780 142.857162 -54.938137 -50.603928 142.857162 -51.338520 
						-60.036034 -0.809659 -48.809795 -60.036041 28.571432 -48.809792 -54.893738 28.571432 -54.938148 -54.893730 -0.809657 -54.938148 -60.036045 57.142860 -48.809792 -54.893753 57.142860 -54.938148 -60.036064 85.714302 -48.809784 -54.893761 85.714302 -54.938148 -60.036072 114.285721 -48.809784 -54.893772 114.285728 -54.938141 -60.036079 142.857147 -48.809784 -54.893780 142.857162 -54.938137 -6.412971 171.428574 -3.814638 -6.412971 200.237579 -3.814638 -1.270676 200.237595 -9.942998 -1.270664 171.428589 -9.942998 -1.270664 171.428589 -9.942998 -1.270676 200.237595 -9.942998 3.019166 200.237595 -6.343389 3.019190 171.428604 -6.343377 3.019190 171.428604 -6.343377 3.019166 200.237595 -6.343389 -2.123129 200.237595 -0.215030 -2.123118 171.428604 -0.215030 -2.123118 171.428604 -0.215030 -2.123129 200.237595 -0.215030 -6.412971 200.237579 -3.814638 -6.412971 171.428574 -3.814638 -1.270616 -0.809652 -9.943022 3.019250 -0.809652 -6.343401 -2.123058 -0.809654 -0.215042 -6.412912 -0.809655 -3.814662 3.019166 200.237595 -6.343389 -1.270676 200.237595 -9.942998 -6.412971 200.237579 -3.814638 -2.123129 200.237595 -0.215030 -2.123058 -0.809654 -0.215042 -2.123058 28.571432 -0.215042 -6.412923 28.571440 -3.814656 -6.412912 -0.809655 -3.814662 -2.123082 57.142864 -0.215036 -6.412936 57.142860 -3.814656 -2.123082 85.714294 -0.215036 -6.412948 85.714302 -3.814656 -2.123094 114.285751 -0.215036 -6.412948 114.285721 -3.814656 -2.123106 142.857178 -0.215030 -6.412959 142.857147 -3.814638 3.019250 -0.809652 -6.343401 3.019238 28.571440 -6.343401 -2.123058 28.571432 -0.215042 -2.123058 -0.809654 -0.215042 3.019226 57.142864 -6.343401 -2.123082 57.142864 -0.215036 3.019202 85.714294 -6.343394 -2.123082 85.714294 -0.215036 3.019202 114.285751 -6.343394 -2.123094 114.285751 -0.215036 3.019178 142.857178 -6.343389 -2.123106 142.857178 -0.215030 -1.270616 -0.809652 -9.943022 -1.270616 28.571440 -9.943015 3.019238 28.571440 -6.343401 3.019250 -0.809652 -6.343401 
						-1.270640 57.142860 -9.943015 3.019226 57.142864 -6.343401 -1.270640 85.714302 -9.943009 3.019202 85.714294 -6.343394 -1.270640 114.285728 -9.943009 3.019202 114.285751 -6.343394 -1.270664 142.857162 -9.942998 3.019178 142.857178 -6.343389 -6.412912 -0.809655 -3.814662 -6.412923 28.571440 -3.814656 -1.270616 28.571440 -9.943015 -1.270616 -0.809652 -9.943022 -6.412936 57.142860 -3.814656 -1.270640 57.142860 -9.943015 -6.412948 85.714302 -3.814656 -1.270640 85.714302 -9.943009 -6.412948 114.285721 -3.814656 -1.270640 114.285728 -9.943009 -6.412959 142.857147 -3.814638 -1.270664 142.857162 -9.942998 -22.273111 164.478867 -19.420397 -22.273123 196.718307 -19.420395 -19.393433 196.718323 -22.852278 -19.393421 164.478882 -22.852278 -19.393421 164.478882 -22.852278 -19.393433 196.718323 -22.852278 -16.991116 196.718323 -20.836500 -16.991108 164.478882 -20.836500 -16.991108 164.478882 -20.836500 -16.991116 196.718323 -20.836500 -19.870806 196.718307 -17.404615 -19.870800 164.478867 -17.404621 -19.870800 164.478867 -17.404621 -19.870806 196.718307 -17.404615 -22.273123 196.718307 -19.420395 -22.273111 164.478867 -19.420397 -40.088779 164.478882 -34.369518 -40.088783 196.718307 -34.369514 -37.209110 196.718323 -37.801392 -37.209095 164.478897 -37.801392 -37.209095 164.478897 -37.801392 -37.209110 196.718323 -37.801392 -34.806782 196.718323 -35.785606 -34.806782 164.478897 -35.785606 -34.806782 164.478897 -35.785606 -34.806782 196.718323 -35.785606 -37.686474 196.718307 -32.353725 -37.686466 164.478882 -32.353725 -37.686466 164.478882 -32.353725 -37.686474 196.718307 -32.353725 -40.088783 196.718307 -34.369514 -40.088779 164.478882 -34.369518 -37.686409 3.281683 -32.353752 -37.686420 35.521118 -32.353748 -40.088730 35.521118 -34.369534 -40.088726 3.281683 -34.369534 -37.686432 67.760551 -32.353737 -40.088741 67.760559 -34.369526 -37.686447 99.999992 -32.353737 -40.088749 99.999992 -34.369526 -37.686451 132.239441 -32.353737 -40.088760 132.239441 -34.369526 -34.806721 3.281685 -35.785633 -34.806728 35.521118 -35.785629 
						-37.686420 35.521118 -32.353748 -37.686409 3.281683 -32.353752 -34.806740 67.760551 -35.785618 -37.686432 67.760551 -32.353737 -34.806751 99.999992 -35.785614 -37.686447 99.999992 -32.353737 -34.806759 132.239456 -35.785614 -37.686451 132.239441 -32.353737 -37.209034 3.281685 -37.801407 -37.209049 35.521114 -37.801407 -34.806728 35.521118 -35.785629 -34.806721 3.281685 -35.785633 -37.209057 67.760544 -37.801399 -34.806740 67.760551 -35.785618 -37.209068 99.999992 -37.801399 -34.806751 99.999992 -35.785614 -37.209076 132.239456 -37.801399 -34.806759 132.239456 -35.785614 -40.088726 3.281683 -34.369534 -40.088730 35.521118 -34.369534 -37.209049 35.521114 -37.801407 -37.209034 3.281685 -37.801407 -40.088741 67.760559 -34.369526 -37.209057 67.760544 -37.801399 -40.088749 99.999992 -34.369526 -37.209068 99.999992 -37.801399 -40.088760 132.239441 -34.369526 -37.209076 132.239456 -37.801399 -19.870741 3.281685 -17.404634 -19.870758 35.521130 -17.404625 -22.273077 35.521130 -19.420406 -22.273058 3.281685 -19.420418 -19.870764 67.760559 -17.404625 -22.273081 67.760559 -19.420406 -19.870777 100.000015 -17.404625 -22.273094 99.999985 -19.420406 -19.870789 132.239441 -17.404615 -22.273100 132.239441 -19.420395 -16.991055 3.281687 -20.836508 -16.991066 35.521130 -20.836508 -19.870758 35.521130 -17.404625 -19.870741 3.281685 -17.404634 -16.991074 67.760559 -20.836506 -19.870764 67.760559 -17.404625 -16.991085 100.000015 -20.836506 -19.870777 100.000015 -17.404625 -16.991096 132.239456 -20.836496 -19.870789 132.239441 -17.404615 -19.393366 3.281687 -22.852295 -19.393387 35.521130 -22.852289 -16.991066 35.521130 -20.836508 -16.991055 3.281687 -20.836508 -19.393391 67.760559 -22.852289 -16.991074 67.760559 -20.836506 -19.393402 100.000000 -22.852289 -16.991085 100.000015 -20.836506 -19.393415 132.239456 -22.852278 -16.991096 132.239456 -20.836496 -22.273058 3.281685 -19.420418 -22.273077 35.521130 -19.420406 -19.393387 35.521130 -22.852289 -19.393366 3.281687 -22.852295 -22.273081 67.760559 -19.420406 -19.393391 67.760559 -22.852289 
						-22.273094 99.999985 -19.420406 -19.393402 100.000000 -22.852289 -22.273100 132.239441 -19.420395 -19.393415 132.239456 -22.852278 -28.508472 148.355942 -27.576544 -1.696897 148.355942 -5.078976 -1.696921 196.711868 -5.078965 -28.508472 196.711868 -27.576532 52.533081 3.577805 -45.739906 59.604137 3.577808 -52.810966 55.598331 3.577806 -56.816761 48.527275 3.577803 -49.745708 48.527275 3.577803 -49.745708 55.598331 3.577806 -56.816761 55.598331 0.217809 -56.816761 48.527275 0.217806 -49.745708 48.527275 0.217806 -49.745708 55.598331 0.217809 -56.816761 59.604137 0.217811 -52.810966 52.533081 0.217808 -45.739906 52.533081 0.217808 -45.739906 59.604137 0.217811 -52.810966 59.604137 3.577808 -52.810966 52.533081 3.577805 -45.739906 10.106671 0.217788 -3.313470 17.177752 0.217791 -10.384542 17.177752 3.577789 -10.384542 10.106671 3.577785 -3.313470 24.248816 0.217795 -17.455616 24.248816 3.577792 -17.455616 31.319870 0.217798 -24.526686 31.319870 3.577795 -24.526686 38.390934 0.217801 -31.597752 38.390934 3.577799 -31.597752 45.462006 0.217805 -38.668835 45.462006 3.577802 -38.668835 6.100881 0.217786 -7.319266 13.171948 0.217790 -14.390345 17.177752 0.217791 -10.384542 10.106671 0.217788 -3.313470 20.243015 0.217793 -21.461414 24.248816 0.217795 -17.455616 27.314081 0.217796 -28.532488 31.319870 0.217798 -24.526686 34.385143 0.217800 -35.603554 38.390934 0.217801 -31.597752 41.456211 0.217803 -42.674629 45.462006 0.217805 -38.668835 6.100881 3.577784 -7.319266 13.171948 3.577787 -14.390345 13.171948 0.217790 -14.390345 6.100881 0.217786 -7.319266 20.243015 3.577790 -21.461414 20.243015 0.217793 -21.461414 27.314081 3.577794 -28.532488 27.314081 0.217796 -28.532488 34.385143 3.577797 -35.603554 34.385143 0.217800 -35.603554 41.456211 3.577800 -42.674629 41.456211 0.217803 -42.674629 10.106671 3.577785 -3.313470 17.177752 3.577789 -10.384542 13.171948 3.577787 -14.390345 6.100881 3.577784 -7.319266 
						24.248816 3.577792 -17.455616 20.243015 3.577790 -21.461414 31.319870 3.577795 -24.526686 27.314081 3.577794 -28.532488 38.390934 3.577799 -31.597752 34.385143 3.577797 -35.603554 45.462006 3.577802 -38.668835 41.456211 3.577800 -42.674629 51.718105 42.856209 -46.554863 58.789158 42.856213 -53.625919 56.413280 42.856213 -56.001804 49.342228 42.856209 -48.930740 49.342228 42.856209 -48.930740 56.413280 42.856213 -56.001804 56.413280 39.496208 -56.001804 49.342228 39.496204 -48.930740 49.342228 39.496204 -48.930740 56.413280 39.496208 -56.001804 58.789158 39.496208 -53.625919 51.718105 39.496204 -46.554863 51.718105 39.496204 -46.554863 58.789158 39.496208 -53.625919 58.789158 42.856213 -53.625919 51.718105 42.856209 -46.554863 9.291709 39.496185 -4.128432 16.362776 39.496193 -11.199499 16.362776 42.856194 -11.199499 9.291709 42.856194 -4.128432 23.433828 39.496193 -18.270576 23.433828 42.856194 -18.270576 30.504908 39.496201 -25.341650 30.504908 42.856197 -25.341650 37.575974 39.496204 -32.412716 37.575974 42.856209 -32.412716 44.647026 39.496204 -39.483776 44.647018 42.856209 -39.483784 6.915820 39.496185 -6.504315 13.986886 39.496193 -13.575382 16.362776 39.496193 -11.199499 9.291709 39.496185 -4.128432 21.057953 39.496193 -20.646454 23.433828 39.496193 -18.270576 28.129019 39.496201 -27.717527 30.504908 39.496201 -25.341650 35.200085 39.496204 -34.788601 37.575974 39.496204 -32.412716 42.271149 39.496204 -41.859661 44.647026 39.496204 -39.483776 6.915820 42.856194 -6.504315 13.986886 42.856194 -13.575382 13.986886 39.496193 -13.575382 6.915820 39.496185 -6.504315 21.057953 42.856194 -20.646454 21.057953 39.496193 -20.646454 28.129019 42.856197 -27.717531 28.129019 39.496201 -27.717527 35.200085 42.856209 -34.788601 35.200085 39.496204 -34.788601 42.271149 42.856209 -41.859661 42.271149 39.496204 -41.859661 9.291709 42.856194 -4.128432 16.362776 42.856194 -11.199499 13.986886 42.856194 -13.575382 6.915820 42.856194 -6.504315 
						23.433828 42.856194 -18.270576 21.057953 42.856194 -20.646454 30.504908 42.856197 -25.341650 28.129019 42.856197 -27.717531 37.575974 42.856209 -32.412716 35.200085 42.856209 -34.788601 44.647018 42.856209 -39.483784 42.271149 42.856209 -41.859661 51.718082 82.134621 -46.554855 58.789150 82.134621 -53.625919 56.413261 82.134621 -56.001804 49.342194 82.134621 -48.930737 49.342194 82.134621 -48.930737 56.413261 82.134621 -56.001804 56.413261 78.774620 -56.001804 49.342194 78.774620 -48.930737 49.342194 78.774620 -48.930737 56.413261 78.774620 -56.001804 58.789150 78.774620 -53.625919 51.718082 78.774620 -46.554855 51.718082 78.774620 -46.554855 58.789150 78.774620 -53.625919 58.789150 82.134621 -53.625919 51.718082 82.134621 -46.554855 9.291685 78.774590 -4.128432 16.362751 78.774597 -11.199505 16.362751 82.134590 -11.199505 9.291685 82.134590 -4.128432 23.433819 78.774597 -18.270571 23.433819 82.134590 -18.270571 30.504885 78.774605 -25.341644 30.504885 82.134598 -25.341644 37.575951 78.774605 -32.412720 37.575951 82.134598 -32.412720 44.647018 78.774612 -39.483784 44.647018 82.134621 -39.483784 6.915796 78.774590 -6.504315 13.986875 78.774597 -13.575382 16.362751 78.774597 -11.199505 9.291685 78.774590 -4.128432 21.057930 78.774597 -20.646454 23.433819 78.774597 -18.270571 28.128996 78.774605 -27.717527 30.504885 78.774605 -25.341644 35.200077 78.774605 -34.788601 37.575951 78.774605 -32.412720 42.271130 78.774612 -41.859661 44.647018 78.774612 -39.483784 6.915796 82.134590 -6.504315 13.986875 82.134590 -13.575382 13.986875 78.774597 -13.575382 6.915796 78.774590 -6.504315 21.057930 82.134590 -20.646454 21.057930 78.774597 -20.646454 28.128996 82.134598 -27.717527 28.128996 78.774605 -27.717527 35.200077 82.134598 -34.788601 35.200077 78.774605 -34.788601 42.271130 82.134621 -41.859661 42.271130 78.774612 -41.859661 9.291685 82.134590 -4.128432 16.362751 82.134590 -11.199505 13.986875 82.134590 -13.575382 6.915796 82.134590 -6.504315 
						23.433819 82.134590 -18.270571 21.057930 82.134590 -20.646454 30.504885 82.134598 -25.341644 28.128996 82.134598 -27.717527 37.575951 82.134598 -32.412720 35.200077 82.134598 -34.788601 44.647018 82.134621 -39.483784 42.271130 82.134621 -41.859661 51.718056 121.413048 -46.554859 58.789108 121.413048 -53.625923 56.413235 121.413048 -56.001804 49.342178 121.413048 -48.930737 49.342178 121.413048 -48.930737 56.413235 121.413048 -56.001804 56.413235 118.053040 -56.001804 49.342194 118.053040 -48.930737 49.342194 118.053040 -48.930737 56.413235 118.053040 -56.001804 58.789124 118.053040 -53.625923 51.718056 118.053040 -46.554859 51.718056 118.053040 -46.554859 58.789124 118.053040 -53.625923 58.789108 121.413048 -53.625923 51.718056 121.413048 -46.554859 9.291661 118.053017 -4.128438 16.362726 118.053017 -11.199499 16.362726 121.413017 -11.199499 9.291661 121.413017 -4.128438 23.433792 118.053017 -18.270571 23.433792 121.413017 -18.270571 30.504858 118.053017 -25.341650 30.504858 121.413017 -25.341644 37.575924 118.053017 -32.412716 37.575924 121.413017 -32.412716 44.646992 118.053040 -39.483784 44.646992 121.413048 -39.483784 6.915796 118.053017 -6.504315 13.986851 118.053017 -13.575382 16.362726 118.053017 -11.199499 9.291661 118.053017 -4.128438 21.057915 118.053017 -20.646454 23.433792 118.053017 -18.270571 28.128983 118.053017 -27.717518 30.504858 118.053017 -25.341650 35.200062 118.053017 -34.788593 37.575924 118.053017 -32.412716 42.271114 118.053040 -41.859665 44.646992 118.053040 -39.483784 6.915784 121.413017 -6.504315 13.986837 121.413017 -13.575382 13.986851 118.053017 -13.575382 6.915796 118.053017 -6.504315 21.057905 121.413017 -20.646454 21.057915 118.053017 -20.646454 28.128971 121.413017 -27.717518 28.128983 118.053017 -27.717518 35.200035 121.413017 -34.788601 35.200062 118.053017 -34.788593 42.271103 121.413048 -41.859665 42.271114 118.053040 -41.859665 9.291661 121.413017 -4.128438 16.362726 121.413017 -11.199499 13.986837 121.413017 -13.575382 6.915784 121.413017 -6.504315 
						23.433792 121.413017 -18.270571 21.057905 121.413017 -20.646454 30.504858 121.413017 -25.341644 28.128971 121.413017 -27.717518 37.575924 121.413017 -32.412716 35.200035 121.413017 -34.788601 44.646992 121.413048 -39.483784 42.271103 121.413048 -41.859665 51.718044 160.691452 -46.554859 58.789101 160.691452 -53.625923 56.413212 160.691452 -56.001808 49.342167 160.691452 -48.930737 49.342167 160.691452 -48.930737 56.413212 160.691452 -56.001808 56.413212 157.331436 -56.001808 49.342167 157.331436 -48.930737 49.342167 157.331436 -48.930737 56.413212 157.331436 -56.001808 58.789101 157.331436 -53.625923 51.718044 157.331436 -46.554859 51.718044 157.331436 -46.554859 58.789101 157.331436 -53.625923 58.789101 160.691452 -53.625923 51.718044 160.691452 -46.554859 9.291638 157.331421 -4.128432 16.362717 157.331421 -11.199499 16.362717 160.691437 -11.199499 9.291638 160.691437 -4.128432 23.433769 157.331421 -18.270576 23.433769 160.691437 -18.270576 30.504835 157.331421 -25.341644 30.504835 160.691437 -25.341644 37.575905 157.331421 -32.412712 37.575905 160.691437 -32.412712 44.646969 157.331436 -39.483776 44.646969 160.691452 -39.483776 6.915761 157.331421 -6.504315 13.986837 157.331421 -13.575382 16.362717 157.331421 -11.199499 9.291638 157.331421 -4.128432 21.057905 157.331421 -20.646446 23.433769 157.331421 -18.270576 28.128960 157.331421 -27.717527 30.504835 157.331421 -25.341644 35.200024 157.331421 -34.788593 37.575905 157.331421 -32.412712 42.271080 157.331436 -41.859653 44.646969 157.331436 -39.483776 6.915761 160.691437 -6.504315 13.986837 160.691437 -13.575382 13.986837 157.331421 -13.575382 6.915761 157.331421 -6.504315 21.057905 160.691437 -20.646446 21.057905 157.331421 -20.646446 28.128960 160.691437 -27.717527 28.128960 157.331421 -27.717527 35.200024 160.691437 -34.788593 35.200024 157.331421 -34.788593 42.271080 160.691452 -41.859653 42.271080 157.331436 -41.859653 9.291638 160.691437 -4.128432 16.362717 160.691437 -11.199499 13.986837 160.691437 -13.575382 6.915761 160.691437 -6.504315 
						23.433769 160.691437 -18.270576 21.057905 160.691437 -20.646446 30.504835 160.691437 -25.341644 28.128960 160.691437 -27.717527 37.575905 160.691437 -32.412712 35.200024 160.691437 -34.788593 44.646969 160.691452 -39.483776 42.271080 160.691452 -41.859653 52.532974 199.969864 -45.739895 59.604031 199.969864 -52.810966 55.598225 199.969864 -56.816761 48.527180 199.969864 -49.745689 48.527180 199.969864 -49.745689 55.598225 199.969864 -56.816761 55.598225 196.609833 -56.816761 48.527180 196.609833 -49.745689 48.527180 196.609833 -49.745689 55.598225 196.609833 -56.816761 59.604042 196.609833 -52.810970 52.532974 196.609833 -45.739895 52.532974 196.609833 -45.739895 59.604042 196.609833 -52.810970 59.604031 199.969864 -52.810966 52.532974 199.969864 -45.739895 10.106600 196.609818 -3.313470 17.177668 196.609818 -10.384542 17.177668 199.969833 -10.384542 10.106600 199.969833 -3.313470 24.248734 196.609818 -17.455608 24.248734 199.969833 -17.455608 31.319788 196.609818 -24.526686 31.319788 199.969833 -24.526686 38.390850 196.609818 -31.597752 38.390850 199.969833 -31.597752 45.461910 196.609833 -38.668819 45.461910 199.969864 -38.668819 6.100786 196.609818 -7.319272 13.171853 196.609818 -14.390345 17.177668 196.609818 -10.384542 10.106600 196.609818 -3.313470 20.242918 196.609818 -21.461409 24.248734 196.609818 -17.455608 27.313984 196.609818 -28.532482 31.319788 196.609818 -24.526686 34.385048 196.609818 -35.603554 38.390850 196.609818 -31.597752 41.456116 196.609833 -42.674618 45.461910 196.609833 -38.668819 6.100786 199.969833 -7.319272 13.171853 199.969833 -14.390345 13.171853 196.609818 -14.390345 6.100786 196.609818 -7.319272 20.242918 199.969833 -21.461409 20.242918 196.609818 -21.461409 27.313984 199.969833 -28.532482 27.313984 196.609818 -28.532482 34.385048 199.969833 -35.603554 34.385048 196.609818 -35.603554 41.456116 199.969864 -42.674618 41.456116 196.609833 -42.674618 10.106600 199.969833 -3.313470 17.177668 199.969833 -10.384542 13.171853 199.969833 -14.390345 6.100786 199.969833 -7.319272 
						24.248734 199.969833 -17.455608 20.242918 199.969833 -21.461409 31.319788 199.969833 -24.526686 27.313984 199.969833 -28.532482 38.390850 199.969833 -31.597752 34.385048 199.969833 -35.603554 45.461910 199.969864 -38.668819 41.456116 199.969864 -42.674618 8.952248 171.428604 -0.508058 8.952226 200.237595 -0.508064 3.295374 200.237595 -6.164915 3.295386 171.428604 -6.164915 3.295386 171.428604 -6.164915 3.295374 200.237595 -6.164915 7.255173 200.237595 -10.124714 7.255185 171.428604 -10.124714 7.255185 171.428604 -10.124714 7.255173 200.237595 -10.124714 12.912024 200.237595 -4.467863 12.912047 171.428604 -4.467863 12.912047 171.428604 -4.467863 12.912024 200.237595 -4.467863 8.952226 200.237595 -0.508064 8.952248 171.428604 -0.508058 3.295446 -0.809659 -6.164903 7.255244 -0.809659 -10.124702 12.912107 -0.809656 -4.467851 8.952296 -0.809657 -0.508046 7.255173 200.237595 -10.124714 3.295374 200.237595 -6.164915 8.952226 200.237595 -0.508064 12.912024 200.237595 -4.467863 12.912107 -0.809656 -4.467851 12.912094 28.571432 -4.467851 8.952296 28.571432 -0.508046 8.952296 -0.809657 -0.508046 12.912094 57.142864 -4.467851 8.952285 57.142860 -0.508046 12.912072 85.714302 -4.467857 8.952273 85.714294 -0.508052 12.912072 114.285728 -4.467857 8.952273 114.285728 -0.508058 12.912047 142.857178 -4.467857 8.952248 142.857178 -0.508058 7.255244 -0.809659 -10.124702 7.255244 28.571432 -10.124708 12.912094 28.571432 -4.467851 12.912107 -0.809656 -4.467851 7.255232 57.142864 -10.124714 12.912094 57.142864 -4.467851 7.255208 85.714302 -10.124714 12.912072 85.714302 -4.467857 7.255208 114.285728 -10.124714 12.912072 114.285728 -4.467857 7.255197 142.857178 -10.124714 12.912047 142.857178 -4.467857 3.295446 -0.809659 -6.164903 3.295434 28.571432 -6.164903 7.255244 28.571432 -10.124708 7.255244 -0.809659 -10.124702 3.295422 57.142860 -6.164908 7.255232 57.142864 -10.124714 3.295410 85.714294 -6.164908 7.255208 85.714302 -10.124714 
						3.295410 114.285728 -6.164915 7.255208 114.285728 -10.124714 3.295398 142.857178 -6.164915 7.255197 142.857178 -10.124714 8.952296 -0.809657 -0.508046 8.952296 28.571432 -0.508046 3.295434 28.571432 -6.164903 3.295446 -0.809659 -6.164903 8.952285 57.142860 -0.508046 3.295422 57.142860 -6.164908 8.952273 85.714294 -0.508052 3.295410 85.714294 -6.164908 8.952273 114.285728 -0.508058 3.295410 114.285728 -6.164915 8.952248 142.857178 -0.508058 3.295398 142.857178 -6.164915 58.449711 171.428604 -50.005547 58.449711 200.237595 -50.005547 52.792850 200.237595 -55.662395 52.792862 171.428604 -55.662395 52.792862 171.428604 -55.662395 52.792850 200.237595 -55.662395 56.752632 200.237595 -59.622185 56.752651 171.428604 -59.622185 56.752651 171.428604 -59.622185 56.752632 200.237595 -59.622185 62.409489 200.237595 -53.965336 62.409512 171.428604 -53.965336 62.409512 171.428604 -53.965336 62.409489 200.237595 -53.965336 58.449711 200.237595 -50.005547 58.449711 171.428604 -50.005547 52.792919 -0.809656 -55.662380 56.752720 -0.809656 -59.622177 62.409569 -0.809653 -53.965317 58.449768 -0.809653 -50.005520 56.752632 200.237595 -59.622185 52.792850 200.237595 -55.662395 58.449711 200.237595 -50.005547 62.409489 200.237595 -53.965336 62.409569 -0.809653 -53.965317 62.409561 28.571440 -53.965324 58.449780 28.571440 -50.005535 58.449768 -0.809653 -50.005520 62.409550 57.142864 -53.965324 58.449760 57.142864 -50.005543 62.409531 85.714287 -53.965324 58.449749 85.714302 -50.005543 62.409531 114.285728 -53.965324 58.449738 114.285728 -50.005543 62.409512 142.857178 -53.965336 58.449722 142.857178 -50.005547 56.752720 -0.809656 -59.622177 56.752693 28.571432 -59.622185 62.409561 28.571440 -53.965324 62.409569 -0.809653 -53.965317 56.752693 57.142864 -59.622185 62.409550 57.142864 -53.965324 56.752670 85.714287 -59.622185 62.409531 85.714287 -53.965324 56.752670 114.285728 -59.622185 62.409531 114.285728 -53.965324 56.752651 142.857178 -59.622185 62.409512 142.857178 -53.965336 
						52.792919 -0.809656 -55.662380 52.792900 28.571432 -55.662384 56.752693 28.571432 -59.622185 56.752720 -0.809656 -59.622177 52.792900 57.142864 -55.662395 56.752693 57.142864 -59.622185 52.792900 85.714302 -55.662395 56.752670 85.714287 -59.622185 52.792885 114.285728 -55.662395 56.752670 114.285728 -59.622185 52.792870 142.857178 -55.662395 56.752651 142.857178 -59.622185 58.449768 -0.809653 -50.005520 58.449780 28.571440 -50.005535 52.792900 28.571432 -55.662384 52.792919 -0.809656 -55.662380 58.449760 57.142864 -50.005543 52.792900 57.142864 -55.662395 58.449749 85.714302 -50.005543 52.792900 85.714302 -55.662395 58.449738 114.285728 -50.005543 52.792885 114.285728 -55.662395 58.449722 142.857178 -50.005547 52.792870 142.857178 -55.662395 41.521042 164.478882 -35.565872 41.521011 196.718338 -35.565876 38.353180 196.718338 -38.733711 38.353191 164.478882 -38.733711 38.353191 164.478882 -38.733711 38.353180 196.718338 -38.733711 40.570679 196.718338 -40.951199 40.570679 164.478882 -40.951199 40.570679 164.478882 -40.951199 40.570679 196.718338 -40.951199 43.738510 196.718338 -37.783371 43.738525 164.478882 -37.783360 43.738525 164.478882 -37.783360 43.738510 196.718338 -37.783371 41.521011 196.718338 -35.565876 41.521042 164.478882 -35.565872 25.076082 164.478882 -19.120907 25.076067 196.718323 -19.120916 21.908224 196.718323 -22.288746 21.908237 164.478882 -22.288746 21.908237 164.478882 -22.288746 21.908224 196.718323 -22.288746 24.125710 196.718323 -24.506237 24.125721 164.478882 -24.506237 24.125721 164.478882 -24.506237 24.125710 196.718323 -24.506237 27.293552 196.718323 -21.338404 27.293566 164.478882 -21.338400 27.293566 164.478882 -21.338400 27.293552 196.718323 -21.338404 25.076067 196.718323 -19.120916 25.076082 164.478882 -19.120907 27.293623 3.281684 -21.338385 27.293612 35.521118 -21.338385 25.076115 35.521118 -19.120895 25.076141 3.281684 -19.120895 27.293598 67.760551 -21.338385 25.076115 67.760559 -19.120895 27.293589 99.999985 -21.338400 25.076105 99.999985 -19.120907 
						27.293575 132.239441 -21.338400 25.076092 132.239441 -19.120907 24.125778 3.281683 -24.506224 24.125769 35.521118 -24.506224 27.293612 35.521118 -21.338385 27.293623 3.281684 -21.338385 24.125755 67.760551 -24.506224 27.293598 67.760551 -21.338385 24.125755 99.999985 -24.506224 27.293589 99.999985 -21.338400 24.125731 132.239441 -24.506237 27.293575 132.239441 -21.338400 21.908297 3.281683 -22.288736 21.908272 35.521114 -22.288736 24.125769 35.521118 -24.506224 24.125778 3.281683 -24.506224 21.908272 67.760551 -22.288736 24.125755 67.760551 -24.506224 21.908272 99.999985 -22.288740 24.125755 99.999985 -24.506224 21.908247 132.239441 -22.288746 24.125731 132.239441 -24.506237 25.076141 3.281684 -19.120895 25.076115 35.521118 -19.120895 21.908272 35.521114 -22.288736 21.908297 3.281683 -22.288736 25.076115 67.760559 -19.120895 21.908272 67.760551 -22.288736 25.076105 99.999985 -19.120907 21.908272 99.999985 -22.288740 25.076092 132.239441 -19.120907 21.908247 132.239441 -22.288746 43.738583 3.281686 -37.783348 43.738567 35.521130 -37.783348 41.521084 35.521130 -35.565868 41.521099 3.281686 -35.565868 43.738556 67.760559 -37.783360 41.521072 67.760559 -35.565868 43.738544 100.000015 -37.783360 41.521065 99.999985 -35.565872 43.738544 132.239456 -37.783360 41.521053 132.239456 -35.565872 40.570751 3.281684 -40.951191 40.570724 35.521130 -40.951191 43.738567 35.521130 -37.783348 43.738583 3.281686 -37.783348 40.570713 67.760559 -40.951191 43.738556 67.760559 -37.783360 40.570713 100.000015 -40.951191 43.738544 100.000015 -37.783360 40.570702 132.239456 -40.951199 43.738544 132.239456 -37.783360 38.353268 3.281684 -38.733707 38.353241 35.521130 -38.733707 40.570724 35.521130 -40.951191 40.570751 3.281684 -40.951191 38.353230 67.760559 -38.733707 40.570713 67.760559 -40.951191 38.353218 100.000015 -38.733707 40.570713 100.000015 -40.951191 38.353207 132.239456 -38.733711 40.570702 132.239456 -40.951199 41.521099 3.281686 -35.565868 41.521084 35.521130 -35.565868 
						38.353241 35.521130 -38.733707 38.353268 3.281684 -38.733707 41.521072 67.760559 -35.565868 38.353230 67.760559 -38.733707 41.521065 99.999985 -35.565872 38.353218 100.000015 -38.733707 41.521053 132.239456 -35.565872 38.353207 132.239456 -38.733711 32.852482 148.355942 -30.065111 57.601215 148.355942 -54.813858 57.601215 196.711868 -54.813858 32.852482 196.711868 -30.065111 111.522652 3.577804 -14.508987 119.183090 3.577808 -8.081103 122.824524 3.577809 -12.420798 115.164063 3.577806 -18.848669 115.164063 3.577806 -18.848669 122.824524 3.577809 -12.420798 122.824524 0.217812 -12.420798 115.164063 0.217809 -18.848669 115.164063 0.217809 -18.848669 122.824524 0.217812 -12.420798 119.183090 0.217810 -8.081103 111.522652 0.217807 -14.508987 111.522652 0.217807 -14.508987 119.183090 0.217810 -8.081103 119.183090 3.577808 -8.081103 111.522652 3.577804 -14.508987 65.559952 0.217786 -53.076221 73.220413 0.217790 -46.648365 73.220413 3.577787 -46.648365 65.559952 3.577784 -53.076221 80.880844 0.217793 -40.220486 80.880844 3.577791 -40.220486 88.541313 0.217797 -33.792614 88.541313 3.577794 -33.792614 96.201736 0.217800 -27.364731 96.201736 3.577797 -27.364731 103.862213 0.217804 -20.936855 103.862213 3.577801 -20.936855 69.201385 0.217788 -57.415916 76.861855 0.217791 -50.988045 73.220413 0.217790 -46.648365 65.559952 0.217786 -53.076221 84.522278 0.217795 -44.560169 80.880844 0.217793 -40.220486 92.182724 0.217799 -38.132282 88.541313 0.217797 -33.792614 99.843185 0.217802 -31.704414 96.201736 0.217800 -27.364731 107.503632 0.217805 -25.276537 103.862213 0.217804 -20.936855 69.201385 3.577785 -57.415916 76.861855 3.577789 -50.988045 76.861855 0.217791 -50.988045 69.201385 0.217788 -57.415916 84.522278 3.577792 -44.560158 84.522278 0.217795 -44.560169 92.182724 3.577796 -38.132282 92.182724 0.217799 -38.132282 99.843185 3.577799 -31.704414 99.843185 0.217802 -31.704414 107.503632 3.577802 -25.276537 107.503632 0.217805 -25.276537 
						65.559952 3.577784 -53.076221 73.220413 3.577787 -46.648365 76.861855 3.577789 -50.988045 69.201385 3.577785 -57.415916 80.880844 3.577791 -40.220486 84.522278 3.577792 -44.560158 88.541313 3.577794 -33.792614 92.182724 3.577796 -38.132282 96.201736 3.577797 -27.364731 99.843185 3.577799 -31.704414 103.862213 3.577801 -20.936855 107.503632 3.577802 -25.276537 112.263466 42.856209 -15.391876 119.923927 42.856213 -8.963991 122.083687 42.856213 -11.537910 114.423225 42.856209 -17.965782 114.423225 42.856209 -17.965782 122.083687 42.856213 -11.537910 122.083687 39.496208 -11.537910 114.423225 39.496204 -17.965782 114.423225 39.496204 -17.965782 122.083687 39.496208 -11.537910 119.923927 39.496208 -8.963991 112.263466 39.496204 -15.391876 112.263466 39.496204 -15.391876 119.923927 39.496208 -8.963991 119.923927 42.856213 -8.963991 112.263466 42.856209 -15.391876 66.300789 39.496185 -53.959118 73.961227 39.496193 -47.531246 73.961227 42.856194 -47.531246 66.300789 42.856186 -53.959118 81.621666 39.496193 -41.103374 81.621666 42.856194 -41.103374 89.282097 39.496201 -34.675488 89.282097 42.856197 -34.675488 96.942558 39.496201 -28.247625 96.942558 42.856197 -28.247625 104.603027 39.496204 -21.819752 104.603027 42.856209 -21.819752 68.460556 39.496185 -56.533024 76.120987 39.496193 -50.105152 73.961227 39.496193 -47.531246 66.300789 39.496185 -53.959118 83.781418 39.496193 -43.677280 81.621666 39.496193 -41.103374 91.441887 39.496201 -37.249413 89.282097 39.496201 -34.675488 99.102348 39.496201 -30.821537 96.942558 39.496201 -28.247625 106.762787 39.496204 -24.393656 104.603027 39.496204 -21.819752 68.460556 42.856186 -56.533024 76.120987 42.856194 -50.105156 76.120987 39.496193 -50.105152 68.460556 39.496185 -56.533024 83.781418 42.856194 -43.677280 83.781418 39.496193 -43.677280 91.441887 42.856197 -37.249413 91.441887 39.496201 -37.249413 99.102348 42.856197 -30.821537 99.102348 39.496201 -30.821537 106.762787 42.856209 -24.393656 106.762787 39.496204 -24.393656 
						66.300789 42.856186 -53.959118 73.961227 42.856194 -47.531246 76.120987 42.856194 -50.105156 68.460556 42.856186 -56.533024 81.621666 42.856194 -41.103374 83.781418 42.856194 -43.677280 89.282097 42.856197 -34.675488 91.441887 42.856197 -37.249413 96.942558 42.856197 -28.247625 99.102348 42.856197 -30.821537 104.603027 42.856209 -21.819752 106.762787 42.856209 -24.393656 112.263466 82.134621 -15.391876 119.923904 82.134621 -8.963991 122.083664 82.134628 -11.537898 114.423203 82.134628 -17.965782 114.423203 82.134628 -17.965782 122.083664 82.134628 -11.537898 122.083664 78.774628 -11.537898 114.423203 78.774628 -17.965782 114.423203 78.774628 -17.965782 122.083664 78.774628 -11.537898 119.923904 78.774620 -8.963991 112.263466 78.774620 -15.391876 112.263466 78.774620 -15.391876 119.923904 78.774620 -8.963991 119.923904 82.134621 -8.963991 112.263466 82.134621 -15.391876 66.300766 78.774605 -53.959114 73.961197 78.774605 -47.531246 73.961197 82.134598 -47.531246 66.300766 82.134598 -53.959114 81.621666 78.774605 -41.103374 81.621666 82.134598 -41.103374 89.282097 78.774605 -34.675488 89.282097 82.134605 -34.675488 96.942535 78.774605 -28.247631 96.942535 82.134605 -28.247631 104.603004 78.774620 -21.819752 104.603004 82.134621 -21.819740 68.460541 78.774605 -56.533031 76.120964 78.774605 -50.105145 73.961197 78.774605 -47.531246 66.300766 78.774605 -53.959114 83.781418 78.774605 -43.677288 81.621666 78.774605 -41.103374 91.441864 78.774605 -37.249413 89.282097 78.774605 -34.675488 99.102318 78.774612 -30.821526 96.942535 78.774605 -28.247631 106.762764 78.774628 -24.393656 104.603004 78.774620 -21.819752 68.460541 82.134598 -56.533031 76.120964 82.134598 -50.105145 76.120964 78.774605 -50.105145 68.460541 78.774605 -56.533031 83.781418 82.134598 -43.677288 83.781418 78.774605 -43.677288 91.441864 82.134605 -37.249413 91.441864 78.774605 -37.249413 99.102318 82.134621 -30.821526 99.102318 78.774612 -30.821526 106.762764 82.134628 -24.393656 106.762764 78.774628 -24.393656 
						66.300766 82.134598 -53.959114 73.961197 82.134598 -47.531246 76.120964 82.134598 -50.105145 68.460541 82.134598 -56.533031 81.621666 82.134598 -41.103374 83.781418 82.134598 -43.677288 89.282097 82.134605 -34.675488 91.441864 82.134605 -37.249413 96.942535 82.134605 -28.247631 99.102318 82.134621 -30.821526 104.603004 82.134621 -21.819740 106.762764 82.134628 -24.393656 112.263443 121.413025 -15.391876 119.923904 121.413025 -8.963991 122.083641 121.413025 -11.537898 114.423203 121.413025 -17.965771 114.423203 121.413025 -17.965771 122.083641 121.413025 -11.537898 122.083641 118.053032 -11.537898 114.423203 118.053032 -17.965771 114.423203 118.053032 -17.965771 122.083641 118.053032 -11.537898 119.923904 118.053032 -8.963991 112.263443 118.053032 -15.391876 112.263443 118.053032 -15.391876 119.923904 118.053032 -8.963991 119.923904 121.413025 -8.963991 112.263443 121.413025 -15.391876 66.300743 118.053017 -53.959114 73.961197 118.053017 -47.531246 73.961182 121.413017 -47.531246 66.300743 121.413017 -53.959114 81.621643 118.053017 -41.103367 81.621620 121.413017 -41.103367 89.282097 118.053017 -34.675488 89.282074 121.413017 -34.675488 96.942535 118.053032 -28.247631 96.942535 121.413025 -28.247631 104.602982 118.053032 -21.819740 104.602982 121.413025 -21.819740 68.460503 118.053017 -56.533031 76.120941 118.053017 -50.105145 73.961197 118.053017 -47.531246 66.300743 118.053017 -53.959114 83.781403 118.053017 -43.677288 81.621643 118.053017 -41.103367 91.441864 118.053017 -37.249413 89.282097 118.053017 -34.675488 99.102303 118.053032 -30.821531 96.942535 118.053032 -28.247631 106.762764 118.053032 -24.393656 104.602982 118.053032 -21.819740 68.460503 121.413017 -56.533031 76.120941 121.413017 -50.105145 76.120941 118.053017 -50.105145 68.460503 118.053017 -56.533031 83.781403 121.413017 -43.677288 83.781403 118.053017 -43.677288 91.441841 121.413017 -37.249413 91.441864 118.053017 -37.249413 99.102303 121.413025 -30.821531 99.102303 118.053032 -30.821531 106.762764 121.413025 -24.393656 106.762764 118.053032 -24.393656 
						66.300743 121.413017 -53.959114 73.961182 121.413017 -47.531246 76.120941 121.413017 -50.105145 68.460503 121.413017 -56.533031 81.621620 121.413017 -41.103367 83.781403 121.413017 -43.677288 89.282074 121.413017 -34.675488 91.441841 121.413017 -37.249413 96.942535 121.413025 -28.247631 99.102303 121.413025 -30.821531 104.602982 121.413025 -21.819740 106.762764 121.413025 -24.393656 112.263420 160.691437 -15.391876 119.923851 160.691437 -8.963991 122.083641 160.691437 -11.537898 114.423180 160.691437 -17.965771 114.423180 160.691437 -17.965771 122.083641 160.691437 -11.537898 122.083641 157.331421 -11.537898 114.423180 157.331421 -17.965771 114.423180 157.331421 -17.965771 122.083641 157.331421 -11.537898 119.923851 157.331421 -8.963991 112.263420 157.331421 -15.391876 112.263420 157.331421 -15.391876 119.923851 157.331421 -8.963991 119.923851 160.691437 -8.963991 112.263420 160.691437 -15.391876 66.300720 157.331406 -53.959118 73.961182 157.331406 -47.531250 73.961159 160.691437 -47.531239 66.300720 160.691437 -53.959118 81.621620 157.331406 -41.103367 81.621620 160.691437 -41.103367 89.282051 157.331406 -34.675495 89.282051 160.691437 -34.675495 96.942482 157.331421 -28.247622 96.942482 160.691437 -28.247622 104.602959 157.331421 -21.819746 104.602959 160.691437 -21.819746 68.460487 157.331406 -56.533020 76.120911 157.331406 -50.105152 73.961182 157.331406 -47.531250 66.300720 157.331406 -53.959118 83.781380 157.331406 -43.677292 81.621620 157.331406 -41.103367 91.441811 157.331406 -37.249409 89.282051 157.331406 -34.675495 99.102280 157.331421 -30.821531 96.942482 157.331421 -28.247622 106.762741 157.331421 -24.393661 104.602959 157.331421 -21.819746 68.460487 160.691437 -56.533020 76.120911 160.691437 -50.105152 76.120911 157.331406 -50.105152 68.460487 157.331406 -56.533020 83.781380 160.691437 -43.677292 83.781380 157.331406 -43.677292 91.441811 160.691437 -37.249409 91.441811 157.331406 -37.249409 99.102280 160.691437 -30.821531 99.102280 157.331421 -30.821531 106.762741 160.691437 -24.393661 106.762741 157.331421 -24.393661 
						66.300720 160.691437 -53.959118 73.961159 160.691437 -47.531239 76.120911 160.691437 -50.105152 68.460487 160.691437 -56.533020 81.621620 160.691437 -41.103367 83.781380 160.691437 -43.677292 89.282051 160.691437 -34.675495 91.441811 160.691437 -37.249409 96.942482 160.691437 -28.247622 99.102280 160.691437 -30.821531 104.602959 160.691437 -21.819746 106.762741 160.691437 -24.393661 111.522583 199.969833 -14.508987 119.182991 199.969833 -8.081103 122.824455 199.969833 -12.420798 115.163994 199.969833 -18.848669 115.163994 199.969833 -18.848669 122.824455 199.969833 -12.420798 122.824455 196.609818 -12.420798 115.163994 196.609818 -18.848669 115.163994 196.609818 -18.848669 122.824455 196.609818 -12.420798 119.182991 196.609818 -8.081103 111.522583 196.609818 -14.508987 111.522583 196.609818 -14.508987 119.182991 196.609818 -8.081103 119.182991 199.969833 -8.081103 111.522583 199.969833 -14.508987 65.559860 196.609802 -53.076218 73.220322 196.609802 -46.648354 73.220322 199.969818 -46.648354 65.559860 199.969818 -53.076218 80.880753 196.609802 -40.220486 80.880753 199.969818 -40.220486 88.541214 196.609802 -33.792603 88.541214 199.969818 -33.792603 96.201675 196.609818 -27.364731 96.201675 199.969833 -27.364731 103.862122 196.609818 -20.936855 103.862122 199.969833 -20.936855 69.201294 196.609802 -57.415916 76.861755 196.609802 -50.988041 73.220322 196.609802 -46.648354 65.559860 196.609802 -53.076218 84.522194 196.609802 -44.560158 80.880753 196.609802 -40.220486 92.182655 196.609802 -38.132282 88.541214 196.609802 -33.792603 99.843094 196.609818 -31.704414 96.201675 196.609818 -27.364731 107.503555 196.609818 -25.276548 103.862122 196.609818 -20.936855 69.201294 199.969818 -57.415916 76.861755 199.969818 -50.988041 76.861755 196.609802 -50.988041 69.201294 196.609802 -57.415916 84.522194 199.969818 -44.560158 84.522194 196.609802 -44.560158 92.182655 199.969818 -38.132282 92.182655 196.609802 -38.132282 99.843094 199.969833 -31.704414 99.843094 196.609818 -31.704414 107.503555 199.969833 -25.276548 107.503555 196.609818 -25.276548 
						65.559860 199.969818 -53.076218 73.220322 199.969818 -46.648354 76.861755 199.969818 -50.988041 69.201294 199.969818 -57.415916 80.880753 199.969818 -40.220486 84.522194 199.969818 -44.560158 88.541214 199.969818 -33.792603 92.182655 199.969818 -38.132282 96.201675 199.969833 -27.364731 99.843094 199.969833 -31.704414 103.862122 199.969833 -20.936855 107.503555 199.969833 -25.276548 62.664543 171.428589 -53.981689 62.664524 200.237579 -53.981689 67.806831 200.237579 -60.110035 67.806831 171.428589 -60.110043 67.806831 171.428589 -60.110043 67.806831 200.237579 -60.110035 72.096672 200.237579 -56.510429 72.096695 171.428589 -56.510429 72.096695 171.428589 -56.510429 72.096672 200.237579 -56.510429 66.954399 200.237579 -50.382076 66.954399 171.428589 -50.382076 66.954399 171.428589 -50.382076 66.954399 200.237579 -50.382076 62.664524 200.237579 -53.981689 62.664543 171.428589 -53.981689 67.806885 -0.809657 -60.110062 72.096748 -0.809656 -56.510441 66.954460 -0.809659 -50.382095 62.664593 -0.809659 -53.981705 72.096672 200.237579 -56.510429 67.806831 200.237579 -60.110035 62.664524 200.237579 -53.981689 66.954399 200.237579 -50.382076 66.954460 -0.809659 -50.382095 66.954460 28.571432 -50.382092 62.664593 28.571432 -53.981705 62.664593 -0.809659 -53.981705 66.954437 57.142860 -50.382092 62.664585 57.142853 -53.981705 66.954414 85.714302 -50.382080 62.664574 85.714294 -53.981705 66.954414 114.285721 -50.382080 62.664574 114.285721 -53.981701 66.954399 142.857147 -50.382080 62.664543 142.857147 -53.981689 72.096748 -0.809656 -56.510441 72.096748 28.571432 -56.510441 66.954460 28.571432 -50.382092 66.954460 -0.809659 -50.382095 72.096748 57.142860 -56.510441 66.954437 57.142860 -50.382092 72.096725 85.714302 -56.510429 66.954414 85.714302 -50.382080 72.096695 114.285721 -56.510429 66.954414 114.285721 -50.382080 72.096695 142.857147 -56.510429 66.954399 142.857147 -50.382080 67.806885 -0.809657 -60.110062 67.806885 28.571432 -60.110062 72.096748 28.571432 -56.510441 72.096748 -0.809656 -56.510441 
						67.806885 57.142853 -60.110054 72.096748 57.142860 -56.510441 67.806854 85.714294 -60.110054 72.096725 85.714302 -56.510429 67.806854 114.285721 -60.110054 72.096695 114.285721 -56.510429 67.806831 142.857147 -60.110043 72.096695 142.857147 -56.510429 62.664593 -0.809659 -53.981705 62.664593 28.571432 -53.981705 67.806885 28.571432 -60.110062 67.806885 -0.809657 -60.110062 62.664585 57.142853 -53.981705 67.806885 57.142853 -60.110054 62.664574 85.714294 -53.981705 67.806854 85.714294 -60.110054 62.664574 114.285721 -53.981701 67.806854 114.285721 -60.110054 62.664543 142.857147 -53.981689 67.806831 142.857147 -60.110043 116.287682 171.428574 -8.986558 116.287682 200.237579 -8.986558 121.429947 200.237579 -15.114904 121.429947 171.428574 -15.114904 121.429947 171.428574 -15.114904 121.429947 200.237579 -15.114904 125.719810 200.237579 -11.515296 125.719810 171.428574 -11.515296 125.719810 171.428574 -11.515296 125.719810 200.237579 -11.515296 120.577499 200.237579 -5.386937 120.577499 171.428574 -5.386949 120.577499 171.428574 -5.386949 120.577499 200.237579 -5.386937 116.287682 200.237579 -8.986558 116.287682 171.428574 -8.986558 121.430038 -0.809652 -15.114917 125.719856 -0.809652 -11.515308 120.577576 -0.809654 -5.386949 116.287735 -0.809655 -8.986581 125.719810 200.237579 -11.515296 121.429947 200.237579 -15.114904 116.287682 200.237579 -8.986558 120.577499 200.237579 -5.386937 120.577576 -0.809654 -5.386949 120.577553 28.571440 -5.386949 116.287704 28.571440 -8.986581 116.287735 -0.809655 -8.986581 120.577553 57.142860 -5.386949 116.287682 57.142860 -8.986581 120.577553 85.714287 -5.386949 116.287682 85.714302 -8.986569 120.577553 114.285728 -5.386949 116.287682 114.285728 -8.986569 120.577530 142.857147 -5.386949 116.287682 142.857147 -8.986558 125.719856 -0.809652 -11.515308 125.719856 28.571440 -11.515308 120.577553 28.571440 -5.386949 120.577576 -0.809654 -5.386949 125.719856 57.142864 -11.515296 120.577553 57.142860 -5.386949 125.719856 85.714294 -11.515308 120.577553 85.714287 -5.386949 
						125.719856 114.285728 -11.515296 120.577553 114.285728 -5.386949 125.719833 142.857147 -11.515296 120.577530 142.857147 -5.386949 121.430038 -0.809652 -15.114917 121.430016 28.571440 -15.114917 125.719856 28.571440 -11.515308 125.719856 -0.809652 -11.515308 121.429993 57.142864 -15.114917 125.719856 57.142864 -11.515296 121.429993 85.714310 -15.114904 125.719856 85.714294 -11.515308 121.429993 114.285728 -15.114904 125.719856 114.285728 -11.515296 121.429970 142.857147 -15.114904 125.719833 142.857147 -11.515296 116.287735 -0.809655 -8.986581 116.287704 28.571440 -8.986581 121.430016 28.571440 -15.114917 121.430038 -0.809652 -15.114917 116.287682 57.142860 -8.986581 121.429993 57.142864 -15.114917 116.287682 85.714302 -8.986569 121.429993 85.714310 -15.114904 116.287682 114.285728 -8.986569 121.429993 114.285728 -15.114904 116.287682 142.857147 -8.986558 121.429970 142.857147 -15.114904 100.427536 164.478867 -24.592310 100.427536 196.718307 -24.592299 103.307198 196.718307 -28.024187 103.307220 164.478867 -28.024187 103.307220 164.478867 -28.024187 103.307198 196.718307 -28.024187 105.709518 196.718307 -26.008410 105.709518 164.478867 -26.008410 105.709518 164.478867 -26.008410 105.709518 196.718307 -26.008410 102.829834 196.718307 -22.576519 102.829834 164.478867 -22.576529 102.829834 164.478867 -22.576529 102.829834 196.718307 -22.576519 100.427536 196.718307 -24.592299 100.427536 164.478867 -24.592310 82.611839 164.478882 -39.541439 82.611839 196.718292 -39.541439 85.491531 196.718292 -42.973301 85.491554 164.478882 -42.973309 85.491554 164.478882 -42.973309 85.491531 196.718292 -42.973301 87.893837 196.718292 -40.957512 87.893860 164.478882 -40.957527 87.893860 164.478882 -40.957527 87.893837 196.718292 -40.957512 85.014168 196.718292 -37.525642 85.014168 164.478882 -37.525642 85.014168 164.478882 -37.525642 85.014168 196.718292 -37.525642 82.611839 196.718292 -39.541439 82.611839 164.478882 -39.541439 85.014221 3.281683 -37.525654 85.014221 35.521118 -37.525646 82.611885 35.521118 -39.541439 82.611885 3.281683 -39.541439 
						85.014191 67.760551 -37.525646 82.611862 67.760551 -39.541439 85.014191 99.999992 -37.525642 82.611862 99.999985 -39.541439 85.014191 132.239441 -37.525642 82.611862 132.239441 -39.541439 87.893906 3.281685 -40.957527 87.893883 35.521118 -40.957527 85.014221 35.521118 -37.525646 85.014221 3.281683 -37.525654 87.893883 67.760551 -40.957527 85.014191 67.760551 -37.525646 87.893883 99.999992 -40.957527 85.014191 99.999992 -37.525642 87.893883 132.239441 -40.957527 85.014191 132.239441 -37.525642 85.491592 3.281685 -42.973316 85.491577 35.521114 -42.973316 87.893883 35.521118 -40.957527 87.893906 3.281685 -40.957527 85.491577 67.760544 -42.973316 87.893883 67.760551 -40.957527 85.491577 99.999985 -42.973309 87.893883 99.999992 -40.957527 85.491554 132.239441 -42.973309 87.893883 132.239441 -40.957527 82.611885 3.281683 -39.541439 82.611885 35.521118 -39.541439 85.491577 35.521114 -42.973316 85.491592 3.281685 -42.973316 82.611862 67.760551 -39.541439 85.491577 67.760544 -42.973316 82.611862 99.999985 -39.541439 85.491577 99.999985 -42.973309 82.611862 132.239441 -39.541439 85.491554 132.239441 -42.973309 102.829910 3.281685 -22.576540 102.829887 35.521137 -22.576540 100.427574 35.521130 -24.592321 100.427574 3.281685 -24.592335 102.829857 67.760567 -22.576529 100.427559 67.760551 -24.592310 102.829857 100.000015 -22.576529 100.427559 99.999985 -24.592310 102.829834 132.239456 -22.576529 100.427536 132.239441 -24.592310 105.709602 3.281687 -26.008421 105.709579 35.521137 -26.008421 102.829887 35.521137 -22.576540 102.829910 3.281685 -22.576540 105.709579 67.760567 -26.008410 102.829857 67.760567 -22.576529 105.709549 100.000015 -26.008410 102.829857 100.000015 -22.576529 105.709549 132.239456 -26.008410 102.829834 132.239456 -22.576529 103.307274 3.281687 -28.024202 103.307274 35.521137 -28.024202 105.709579 35.521137 -26.008421 105.709602 3.281687 -26.008421 103.307220 67.760567 -28.024191 105.709579 67.760567 -26.008410 103.307220 100.000000 -28.024191 105.709549 100.000015 -26.008410 
						103.307220 132.239441 -28.024187 105.709549 132.239456 -26.008410 100.427574 3.281685 -24.592335 100.427574 35.521130 -24.592321 103.307274 35.521137 -28.024202 103.307274 3.281687 -28.024202 100.427559 67.760551 -24.592310 103.307220 67.760567 -28.024191 100.427559 99.999985 -24.592310 103.307220 100.000000 -28.024191 100.427536 132.239441 -24.592310 103.307220 132.239441 -28.024187 94.192169 148.355942 -32.748459 121.003723 148.355942 -10.250892 121.003723 196.711838 -10.250879 94.192169 196.711853 -32.748447 3.880525 121.282349 -7.718470 3.880525 124.293526 -7.718470 4.044164 124.293526 -6.809954 4.044164 121.282349 -6.809954 2.470568 118.271172 -6.526524 2.470568 115.259987 -6.526524 5.471216 115.259987 -3.479572 5.471216 118.271172 -3.479572 2.470568 121.282349 -6.526524 2.470568 124.293526 -6.526524 2.306929 124.293526 -7.435040 2.306929 121.282349 -7.435040 4.044164 124.293526 -6.809954 3.880525 124.293526 -7.718470 3.011908 124.293526 -8.031013 2.306929 124.293526 -7.435040 2.470568 124.293526 -6.526524 3.339185 124.293526 -6.213981 2.306929 121.282349 -7.435040 2.306929 124.293526 -7.435040 3.011908 124.293526 -8.031013 3.011908 121.282349 -8.031013 3.011908 121.282349 -8.031013 3.011908 124.293526 -8.031013 3.880525 124.293526 -7.718470 3.880525 121.282349 -7.718470 3.880525 115.259987 -7.718470 4.044164 115.259987 -6.809954 3.339185 115.259987 -6.213981 2.470568 115.259987 -6.526524 2.306929 115.259987 -7.435040 3.011908 115.259987 -8.031013 3.011908 115.259987 -8.031013 3.011908 118.271172 -8.031013 3.880525 118.271172 -7.718470 3.880525 115.259987 -7.718470 2.306929 115.259987 -7.435040 2.306929 118.271172 -7.435040 3.011908 118.271172 -8.031013 3.011908 115.259987 -8.031013 2.470568 115.259987 -6.526524 2.470568 118.271172 -6.526524 2.306929 118.271172 -7.435040 2.306929 115.259987 -7.435040 3.339185 118.271172 -6.213981 3.339185 121.282349 -6.213981 2.470568 121.282349 -6.526524 2.470568 118.271172 -6.526524 
						3.880525 115.259987 -7.718470 3.880525 118.271172 -7.718470 4.044164 118.271172 -6.809954 4.044164 115.259987 -6.809954 5.724761 121.282349 -3.736606 5.724761 124.293526 -3.736606 5.471216 124.293526 -3.479572 5.471216 121.282349 -3.479572 5.724761 115.259987 -3.736606 5.724761 118.271172 -3.736606 5.471216 118.271172 -3.479572 5.471216 115.259987 -3.479572 5.724761 115.259987 -3.736606 5.471216 115.259987 -3.479572 3.339185 118.271172 -6.213981 2.470568 118.271172 -6.526524 5.471216 118.271172 -3.479572 5.724761 118.271172 -3.736606 5.471216 124.293526 -3.479572 5.724761 124.293526 -3.736606 2.470568 121.282349 -6.526524 3.339185 121.282349 -6.213981 5.724761 121.282349 -3.736606 5.471216 121.282349 -3.479572 2.470568 124.293526 -6.526524 2.470568 121.282349 -6.526524 5.471216 121.282349 -3.479572 5.471216 124.293526 -3.479572 -60.779881 42.599709 -47.126358 -60.779881 45.610882 -47.126358 -60.962029 45.610882 -48.031349 -60.962029 42.599709 -48.031349 -59.394539 39.588528 -48.346840 -59.394539 36.577354 -48.346840 -62.456757 36.577354 -51.331913 -62.456757 39.588528 -51.331913 -59.394539 42.599709 -48.346840 -59.394539 45.610882 -48.346840 -59.212391 45.610882 -47.441856 -59.212391 42.599709 -47.441856 -60.962029 45.610882 -48.031349 -60.779881 45.610882 -47.126358 -59.905067 45.610882 -46.831619 -59.212391 45.610882 -47.441856 -59.394539 45.610882 -48.346840 -60.269363 45.610882 -48.641586 -59.212391 42.599709 -47.441856 -59.212391 45.610882 -47.441856 -59.905067 45.610882 -46.831619 -59.905067 42.599709 -46.831619 -59.905067 42.599709 -46.831619 -59.905067 45.610882 -46.831619 -60.779881 45.610882 -47.126358 -60.779881 42.599709 -47.126358 -60.779881 36.577354 -47.126358 -60.962029 36.577354 -48.031349 -60.269363 36.577354 -48.641586 -59.394539 36.577354 -48.346840 -59.212391 36.577354 -47.441856 -59.905067 36.577354 -46.831619 -59.905067 36.577354 -46.831619 -59.905067 39.588528 -46.831619 -60.779881 39.588528 -47.126358 -60.779881 36.577354 -47.126358 
						-59.212391 36.577354 -47.441856 -59.212391 39.588528 -47.441856 -59.905067 39.588528 -46.831619 -59.905067 36.577354 -46.831619 -59.394539 36.577354 -48.346840 -59.394539 39.588528 -48.346840 -59.212391 39.588528 -47.441856 -59.212391 36.577354 -47.441856 -60.269363 39.588528 -48.641586 -60.269363 42.599709 -48.641586 -59.394539 42.599709 -48.346840 -59.394539 39.588528 -48.346840 -60.779881 36.577354 -47.126358 -60.779881 39.588528 -47.126358 -60.962029 39.588528 -48.031349 -60.962029 36.577354 -48.031349 -62.705009 42.599709 -51.069752 -62.705009 45.610882 -51.069752 -62.456757 45.610882 -51.331913 -62.456757 42.599709 -51.331913 -62.705009 36.577354 -51.069752 -62.705009 39.588528 -51.069752 -62.456757 39.588528 -51.331913 -62.456757 36.577354 -51.331913 -62.705009 36.577354 -51.069752 -62.456757 36.577354 -51.331913 -60.269363 39.588528 -48.641586 -59.394539 39.588528 -48.346840 -62.456757 39.588528 -51.331913 -62.705009 39.588528 -51.069752 -62.456757 45.610882 -51.331913 -62.705009 45.610882 -51.069752 -59.394539 42.599709 -48.346840 -60.269363 42.599709 -48.641586 -62.705009 42.599709 -51.069752 -62.456757 42.599709 -51.331913 -59.394539 45.610882 -48.346840 -59.394539 42.599709 -48.346840 -62.456757 42.599709 -51.331913 -62.456757 45.610882 -51.331913 -60.779881 160.608536 -47.126358 -60.779881 163.619705 -47.126358 -60.962029 163.619705 -48.031349 -60.962029 160.608536 -48.031349 -59.394539 157.597351 -48.346840 -59.394539 154.586166 -48.346840 -62.456757 154.586166 -51.331913 -62.456757 157.597351 -51.331913 -59.394539 160.608536 -48.346840 -59.394539 163.619705 -48.346840 -59.212391 163.619705 -47.441856 -59.212391 160.608536 -47.441856 -60.962029 163.619705 -48.031349 -60.779881 163.619705 -47.126358 -59.905067 163.619705 -46.831619 -59.212391 163.619705 -47.441856 -59.394539 163.619705 -48.346840 -60.269363 163.619705 -48.641586 -59.212391 160.608536 -47.441856 -59.212391 163.619705 -47.441856 -59.905067 163.619705 -46.831619 -59.905067 160.608536 -46.831619 -59.905067 160.608536 -46.831619 -59.905067 163.619705 -46.831619 
						-60.779881 163.619705 -47.126358 -60.779881 160.608536 -47.126358 -60.779881 154.586166 -47.126358 -60.962029 154.586166 -48.031349 -60.269363 154.586166 -48.641586 -59.394539 154.586166 -48.346840 -59.212391 154.586166 -47.441856 -59.905067 154.586166 -46.831619 -59.905067 154.586166 -46.831619 -59.905067 157.597351 -46.831619 -60.779881 157.597351 -47.126358 -60.779881 154.586166 -47.126358 -59.212391 154.586166 -47.441856 -59.212391 157.597351 -47.441856 -59.905067 157.597351 -46.831619 -59.905067 154.586166 -46.831619 -59.394539 154.586166 -48.346840 -59.394539 157.597351 -48.346840 -59.212391 157.597351 -47.441856 -59.212391 154.586166 -47.441856 -60.269363 157.597351 -48.641586 -60.269363 160.608536 -48.641586 -59.394539 160.608536 -48.346840 -59.394539 157.597351 -48.346840 -60.779881 154.586166 -47.126358 -60.779881 157.597351 -47.126358 -60.962029 157.597351 -48.031349 -60.962029 154.586166 -48.031349 -62.705009 160.608536 -51.069752 -62.705009 163.619705 -51.069752 -62.456757 163.619705 -51.331913 -62.456757 160.608536 -51.331913 -62.705009 154.586166 -51.069752 -62.705009 157.597351 -51.069752 -62.456757 157.597351 -51.331913 -62.456757 154.586166 -51.331913 -62.705009 154.586166 -51.069752 -62.456757 154.586166 -51.331913 -60.269363 157.597351 -48.641586 -59.394539 157.597351 -48.346840 -62.456757 157.597351 -51.331913 -62.705009 157.597351 -51.069752 -62.456757 163.619705 -51.331913 -62.705009 163.619705 -51.069752 -59.394539 160.608536 -48.346840 -60.269363 160.608536 -48.641586 -62.705009 160.608536 -51.069752 -62.456757 160.608536 -51.331913 -59.394539 163.619705 -48.346840 -59.394539 160.608536 -48.346840 -62.456757 160.608536 -51.331913 -62.456757 163.619705 -51.331913 -60.779881 121.282349 -47.126358 -60.779881 124.293526 -47.126358 -60.962029 124.293526 -48.031349 -60.962029 121.282349 -48.031349 -59.394539 118.271172 -48.346840 -59.394539 115.259987 -48.346840 -62.456757 115.259987 -51.331913 -62.456757 118.271172 -51.331913 -59.394539 121.282349 -48.346840 -59.394539 124.293526 -48.346840 -59.212391 124.293526 -47.441856 -59.212391 121.282349 -47.441856 
						-60.962029 124.293526 -48.031349 -60.779881 124.293526 -47.126358 -59.905067 124.293526 -46.831619 -59.212391 124.293526 -47.441856 -59.394539 124.293526 -48.346840 -60.269363 124.293526 -48.641586 -59.212391 121.282349 -47.441856 -59.212391 124.293526 -47.441856 -59.905067 124.293526 -46.831619 -59.905067 121.282349 -46.831619 -59.905067 121.282349 -46.831619 -59.905067 124.293526 -46.831619 -60.779881 124.293526 -47.126358 -60.779881 121.282349 -47.126358 -60.779881 115.259987 -47.126358 -60.962029 115.259987 -48.031349 -60.269363 115.259987 -48.641586 -59.394539 115.259987 -48.346840 -59.212391 115.259987 -47.441856 -59.905067 115.259987 -46.831619 -59.905067 115.259987 -46.831619 -59.905067 118.271172 -46.831619 -60.779881 118.271172 -47.126358 -60.779881 115.259987 -47.126358 -59.212391 115.259987 -47.441856 -59.212391 118.271172 -47.441856 -59.905067 118.271172 -46.831619 -59.905067 115.259987 -46.831619 -59.394539 115.259987 -48.346840 -59.394539 118.271172 -48.346840 -59.212391 118.271172 -47.441856 -59.212391 115.259987 -47.441856 -60.269363 118.271172 -48.641586 -60.269363 121.282349 -48.641586 -59.394539 121.282349 -48.346840 -59.394539 118.271172 -48.346840 -60.779881 115.259987 -47.126358 -60.779881 118.271172 -47.126358 -60.962029 118.271172 -48.031349 -60.962029 115.259987 -48.031349 -62.705009 121.282349 -51.069752 -62.705009 124.293526 -51.069752 -62.456757 124.293526 -51.331913 -62.456757 121.282349 -51.331913 -62.705009 115.259987 -51.069752 -62.705009 118.271172 -51.069752 -62.456757 118.271172 -51.331913 -62.456757 115.259987 -51.331913 -62.705009 115.259987 -51.069752 -62.456757 115.259987 -51.331913 -60.269363 118.271172 -48.641586 -59.394539 118.271172 -48.346840 -62.456757 118.271172 -51.331913 -62.705009 118.271172 -51.069752 -62.456757 124.293526 -51.331913 -62.705009 124.293526 -51.069752 -59.394539 121.282349 -48.346840 -60.269363 121.282349 -48.641586 -62.705009 121.282349 -51.069752 -62.456757 121.282349 -51.331913 -59.394539 124.293526 -48.346840 -59.394539 121.282349 -48.346840 -62.456757 121.282349 -51.331913 -62.456757 124.293526 -51.331913 
						-60.779881 81.809113 -47.126358 -60.779881 84.820282 -47.126358 -60.962029 84.820282 -48.031349 -60.962029 81.809113 -48.031349 -59.394539 78.797935 -48.346840 -59.394539 75.786758 -48.346840 -62.456757 75.786758 -51.331913 -62.456757 78.797935 -51.331913 -59.394539 81.809113 -48.346840 -59.394539 84.820282 -48.346840 -59.212391 84.820282 -47.441856 -59.212391 81.809113 -47.441856 -60.962029 84.820282 -48.031349 -60.779881 84.820282 -47.126358 -59.905067 84.820282 -46.831619 -59.212391 84.820282 -47.441856 -59.394539 84.820282 -48.346840 -60.269363 84.820282 -48.641586 -59.212391 81.809113 -47.441856 -59.212391 84.820282 -47.441856 -59.905067 84.820282 -46.831619 -59.905067 81.809113 -46.831619 -59.905067 81.809113 -46.831619 -59.905067 84.820282 -46.831619 -60.779881 84.820282 -47.126358 -60.779881 81.809113 -47.126358 -60.779881 75.786758 -47.126358 -60.962029 75.786758 -48.031349 -60.269363 75.786758 -48.641586 -59.394539 75.786758 -48.346840 -59.212391 75.786758 -47.441856 -59.905067 75.786758 -46.831619 -59.905067 75.786758 -46.831619 -59.905067 78.797935 -46.831619 -60.779881 78.797935 -47.126358 -60.779881 75.786758 -47.126358 -59.212391 75.786758 -47.441856 -59.212391 78.797935 -47.441856 -59.905067 78.797935 -46.831619 -59.905067 75.786758 -46.831619 -59.394539 75.786758 -48.346840 -59.394539 78.797935 -48.346840 -59.212391 78.797935 -47.441856 -59.212391 75.786758 -47.441856 -60.269363 78.797935 -48.641586 -60.269363 81.809113 -48.641586 -59.394539 81.809113 -48.346840 -59.394539 78.797935 -48.346840 -60.779881 75.786758 -47.126358 -60.779881 78.797935 -47.126358 -60.962029 78.797935 -48.031349 -60.962029 75.786758 -48.031349 -62.705009 81.809113 -51.069752 -62.705009 84.820282 -51.069752 -62.456757 84.820282 -51.331913 -62.456757 81.809113 -51.331913 -62.705009 75.786758 -51.069752 -62.705009 78.797935 -51.069752 -62.456757 78.797935 -51.331913 -62.456757 75.786758 -51.331913 -62.705009 75.786758 -51.069752 -62.456757 75.786758 -51.331913 -60.269363 78.797935 -48.641586 -59.394539 78.797935 -48.346840 
						-62.456757 78.797935 -51.331913 -62.705009 78.797935 -51.069752 -62.456757 84.820282 -51.331913 -62.705009 84.820282 -51.069752 -59.394539 81.809113 -48.346840 -60.269363 81.809113 -48.641586 -62.705009 81.809113 -51.069752 -62.456757 81.809113 -51.331913 -59.394539 84.820282 -48.346840 -59.394539 81.809113 -48.346840 -62.456757 81.809113 -51.331913 -62.456757 84.820282 -51.331913 3.880525 42.599712 -7.718470 3.880525 45.610886 -7.718470 4.044164 45.610886 -6.809954 4.044164 42.599712 -6.809954 2.470568 39.588535 -6.526524 2.470568 36.577362 -6.526524 5.471216 36.577362 -3.479572 5.471216 39.588535 -3.479572 2.470568 42.599712 -6.526524 2.470568 45.610886 -6.526524 2.306929 45.610886 -7.435040 2.306929 42.599712 -7.435040 4.044164 45.610886 -6.809954 3.880525 45.610886 -7.718470 3.011908 45.610886 -8.031013 2.306929 45.610886 -7.435040 2.470568 45.610886 -6.526524 3.339185 45.610886 -6.213981 2.306929 42.599712 -7.435040 2.306929 45.610886 -7.435040 3.011908 45.610886 -8.031013 3.011908 42.599712 -8.031013 3.011908 42.599712 -8.031013 3.011908 45.610886 -8.031013 3.880525 45.610886 -7.718470 3.880525 42.599712 -7.718470 3.880525 36.577362 -7.718470 4.044164 36.577362 -6.809954 3.339185 36.577362 -6.213981 2.470568 36.577362 -6.526524 2.306929 36.577362 -7.435040 3.011908 36.577362 -8.031013 3.011908 36.577362 -8.031013 3.011908 39.588535 -8.031013 3.880525 39.588535 -7.718470 3.880525 36.577362 -7.718470 2.306929 36.577362 -7.435040 2.306929 39.588535 -7.435040 3.011908 39.588535 -8.031013 3.011908 36.577362 -8.031013 2.470568 36.577362 -6.526524 2.470568 39.588535 -6.526524 2.306929 39.588535 -7.435040 2.306929 36.577362 -7.435040 3.339185 39.588535 -6.213981 3.339185 42.599712 -6.213981 2.470568 42.599712 -6.526524 2.470568 39.588535 -6.526524 3.880525 36.577362 -7.718470 3.880525 39.588535 -7.718470 4.044164 39.588535 -6.809954 4.044164 36.577362 -6.809954 
						5.724761 42.599712 -3.736606 5.724761 45.610886 -3.736606 5.471216 45.610886 -3.479572 5.471216 42.599712 -3.479572 5.724761 36.577362 -3.736606 5.724761 39.588535 -3.736606 5.471216 39.588535 -3.479572 5.471216 36.577362 -3.479572 5.724761 36.577362 -3.736606 5.471216 36.577362 -3.479572 3.339185 39.588535 -6.213981 2.470568 39.588535 -6.526524 5.471216 39.588535 -3.479572 5.724761 39.588535 -3.736606 5.471216 45.610886 -3.479572 5.724761 45.610886 -3.736606 2.470568 42.599712 -6.526524 3.339185 42.599712 -6.213981 5.724761 42.599712 -3.736606 5.471216 42.599712 -3.479572 2.470568 45.610886 -6.526524 2.470568 42.599712 -6.526524 5.471216 42.599712 -3.479572 5.471216 45.610886 -3.479572 3.880525 160.608536 -7.718470 3.880525 163.619705 -7.718470 4.044164 163.619705 -6.809954 4.044164 160.608536 -6.809954 2.470568 157.597351 -6.526524 2.470568 154.586166 -6.526524 5.471216 154.586166 -3.479572 5.471216 157.597351 -3.479572 2.470568 160.608536 -6.526524 2.470568 163.619705 -6.526524 2.306929 163.619705 -7.435040 2.306929 160.608536 -7.435040 4.044164 163.619705 -6.809954 3.880525 163.619705 -7.718470 3.011908 163.619705 -8.031013 2.306929 163.619705 -7.435040 2.470568 163.619705 -6.526524 3.339185 163.619705 -6.213981 2.306929 160.608536 -7.435040 2.306929 163.619705 -7.435040 3.011908 163.619705 -8.031013 3.011908 160.608536 -8.031013 3.011908 160.608536 -8.031013 3.011908 163.619705 -8.031013 3.880525 163.619705 -7.718470 3.880525 160.608536 -7.718470 3.880525 154.586166 -7.718470 4.044164 154.586166 -6.809954 3.339185 154.586166 -6.213981 2.470568 154.586166 -6.526524 2.306929 154.586166 -7.435040 3.011908 154.586166 -8.031013 3.011908 154.586166 -8.031013 3.011908 157.597351 -8.031013 3.880525 157.597351 -7.718470 3.880525 154.586166 -7.718470 2.306929 154.586166 -7.435040 2.306929 157.597351 -7.435040 3.011908 157.597351 -8.031013 3.011908 154.586166 -8.031013 
						2.470568 154.586166 -6.526524 2.470568 157.597351 -6.526524 2.306929 157.597351 -7.435040 2.306929 154.586166 -7.435040 3.339185 157.597351 -6.213981 3.339185 160.608536 -6.213981 2.470568 160.608536 -6.526524 2.470568 157.597351 -6.526524 3.880525 154.586166 -7.718470 3.880525 157.597351 -7.718470 4.044164 157.597351 -6.809954 4.044164 154.586166 -6.809954 5.724761 160.608536 -3.736606 5.724761 163.619705 -3.736606 5.471216 163.619705 -3.479572 5.471216 160.608536 -3.479572 5.724761 154.586166 -3.736606 5.724761 157.597351 -3.736606 5.471216 157.597351 -3.479572 5.471216 154.586166 -3.479572 5.724761 154.586166 -3.736606 5.471216 154.586166 -3.479572 3.339185 157.597351 -6.213981 2.470568 157.597351 -6.526524 5.471216 157.597351 -3.479572 5.724761 157.597351 -3.736606 5.471216 163.619705 -3.479572 5.724761 163.619705 -3.736606 2.470568 160.608536 -6.526524 3.339185 160.608536 -6.213981 5.724761 160.608536 -3.736606 5.471216 160.608536 -3.479572 2.470568 163.619705 -6.526524 2.470568 160.608536 -6.526524 5.471216 160.608536 -3.479572 5.471216 163.619705 -3.479572 3.880525 81.809113 -7.718470 3.880525 84.820282 -7.718470 4.044164 84.820282 -6.809954 4.044164 81.809113 -6.809954 2.470568 78.797935 -6.526524 2.470568 75.786758 -6.526524 5.471216 75.786758 -3.479572 5.471216 78.797935 -3.479572 2.470568 81.809113 -6.526524 2.470568 84.820282 -6.526524 2.306929 84.820282 -7.435040 2.306929 81.809113 -7.435040 4.044164 84.820282 -6.809954 3.880525 84.820282 -7.718470 3.011908 84.820282 -8.031013 2.306929 84.820282 -7.435040 2.470568 84.820282 -6.526524 3.339185 84.820282 -6.213981 2.306929 81.809113 -7.435040 2.306929 84.820282 -7.435040 3.011908 84.820282 -8.031013 3.011908 81.809113 -8.031013 3.011908 81.809113 -8.031013 3.011908 84.820282 -8.031013 3.880525 84.820282 -7.718470 3.880525 81.809113 -7.718470 3.880525 75.786758 -7.718470 4.044164 75.786758 -6.809954 
						3.339185 75.786758 -6.213981 2.470568 75.786758 -6.526524 2.306929 75.786758 -7.435040 3.011908 75.786758 -8.031013 3.011908 75.786758 -8.031013 3.011908 78.797935 -8.031013 3.880525 78.797935 -7.718470 3.880525 75.786758 -7.718470 2.306929 75.786758 -7.435040 2.306929 78.797935 -7.435040 3.011908 78.797935 -8.031013 3.011908 75.786758 -8.031013 2.470568 75.786758 -6.526524 2.470568 78.797935 -6.526524 2.306929 78.797935 -7.435040 2.306929 75.786758 -7.435040 3.339185 78.797935 -6.213981 3.339185 81.809113 -6.213981 2.470568 81.809113 -6.526524 2.470568 78.797935 -6.526524 3.880525 75.786758 -7.718470 3.880525 78.797935 -7.718470 4.044164 78.797935 -6.809954 4.044164 75.786758 -6.809954 5.724761 81.809113 -3.736606 5.724761 84.820282 -3.736606 5.471216 84.820282 -3.479572 5.471216 81.809113 -3.479572 5.724761 75.786758 -3.736606 5.724761 78.797935 -3.736606 5.471216 78.797935 -3.479572 5.471216 75.786758 -3.479572 5.724761 75.786758 -3.736606 5.471216 75.786758 -3.479572 3.339185 78.797935 -6.213981 2.470568 78.797935 -6.526524 5.471216 78.797935 -3.479572 5.724761 78.797935 -3.736606 5.471216 84.820282 -3.479572 5.724761 84.820282 -3.736606 2.470568 81.809113 -6.526524 3.339185 81.809113 -6.213981 5.724761 81.809113 -3.736606 5.471216 81.809113 -3.479572 2.470568 84.820282 -6.526524 2.470568 81.809113 -6.526524 5.471216 81.809113 -3.479572 5.471216 84.820282 -3.479572 61.933109 42.599709 -52.457985 61.933109 45.610882 -52.457985 61.750961 45.610882 -53.362976 61.750961 42.599709 -53.362976 63.318443 39.588528 -53.678463 63.318443 36.577354 -53.678463 60.256226 36.577354 -56.663528 60.256226 39.588528 -56.663528 63.318443 42.599709 -53.678463 63.318443 45.610882 -53.678463 63.500587 45.610882 -52.773479 63.500587 42.599709 -52.773479 61.750961 45.610882 -53.362976 61.933109 45.610882 -52.457985 62.807926 45.610882 -52.163242 63.500587 45.610882 -52.773479 
						63.318443 45.610882 -53.678463 62.443626 45.610882 -53.973209 63.500587 42.599709 -52.773479 63.500587 45.610882 -52.773479 62.807926 45.610882 -52.163242 62.807926 42.599709 -52.163242 62.807926 42.599709 -52.163242 62.807926 45.610882 -52.163242 61.933109 45.610882 -52.457985 61.933109 42.599709 -52.457985 61.933109 36.577354 -52.457985 61.750961 36.577354 -53.362976 62.443626 36.577354 -53.973209 63.318443 36.577354 -53.678463 63.500587 36.577354 -52.773479 62.807926 36.577354 -52.163242 62.807926 36.577354 -52.163242 62.807926 39.588528 -52.163242 61.933109 39.588528 -52.457985 61.933109 36.577354 -52.457985 63.500587 36.577354 -52.773479 63.500587 39.588528 -52.773479 62.807926 39.588528 -52.163242 62.807926 36.577354 -52.163242 63.318443 36.577354 -53.678463 63.318443 39.588528 -53.678463 63.500587 39.588528 -52.773479 63.500587 36.577354 -52.773479 62.443626 39.588528 -53.973209 62.443626 42.599709 -53.973209 63.318443 42.599709 -53.678463 63.318443 39.588528 -53.678463 61.933109 36.577354 -52.457985 61.933109 39.588528 -52.457985 61.750961 39.588528 -53.362976 61.750961 36.577354 -53.362976 60.007984 42.599709 -56.401371 60.007984 45.610882 -56.401371 60.256226 45.610882 -56.663528 60.256226 42.599709 -56.663528 60.007984 36.577354 -56.401371 60.007984 39.588528 -56.401371 60.256226 39.588528 -56.663528 60.256226 36.577354 -56.663528 60.007984 36.577354 -56.401371 60.256226 36.577354 -56.663528 62.443626 39.588528 -53.973209 63.318443 39.588528 -53.678463 60.256226 39.588528 -56.663528 60.007984 39.588528 -56.401371 60.256226 45.610882 -56.663528 60.007984 45.610882 -56.401371 63.318443 42.599709 -53.678463 62.443626 42.599709 -53.973209 60.007984 42.599709 -56.401371 60.256226 42.599709 -56.663528 63.318443 45.610882 -53.678463 63.318443 42.599709 -53.678463 60.256226 42.599709 -56.663528 60.256226 45.610882 -56.663528 61.933109 160.608536 -52.457985 61.933109 163.619705 -52.457985 61.750961 163.619705 -53.362976 61.750961 160.608536 -53.362976 
						63.318443 157.597351 -53.678463 63.318443 154.586166 -53.678463 60.256226 154.586166 -56.663528 60.256226 157.597351 -56.663528 63.318443 160.608536 -53.678463 63.318443 163.619705 -53.678463 63.500587 163.619705 -52.773479 63.500587 160.608536 -52.773479 61.750961 163.619705 -53.362976 61.933109 163.619705 -52.457985 62.807926 163.619705 -52.163242 63.500587 163.619705 -52.773479 63.318443 163.619705 -53.678463 62.443626 163.619705 -53.973209 63.500587 160.608536 -52.773479 63.500587 163.619705 -52.773479 62.807926 163.619705 -52.163242 62.807926 160.608536 -52.163242 62.807926 160.608536 -52.163242 62.807926 163.619705 -52.163242 61.933109 163.619705 -52.457985 61.933109 160.608536 -52.457985 61.933109 154.586166 -52.457985 61.750961 154.586166 -53.362976 62.443626 154.586166 -53.973209 63.318443 154.586166 -53.678463 63.500587 154.586166 -52.773479 62.807926 154.586166 -52.163242 62.807926 154.586166 -52.163242 62.807926 157.597351 -52.163242 61.933109 157.597351 -52.457985 61.933109 154.586166 -52.457985 63.500587 154.586166 -52.773479 63.500587 157.597351 -52.773479 62.807926 157.597351 -52.163242 62.807926 154.586166 -52.163242 63.318443 154.586166 -53.678463 63.318443 157.597351 -53.678463 63.500587 157.597351 -52.773479 63.500587 154.586166 -52.773479 62.443626 157.597351 -53.973209 62.443626 160.608536 -53.973209 63.318443 160.608536 -53.678463 63.318443 157.597351 -53.678463 61.933109 154.586166 -52.457985 61.933109 157.597351 -52.457985 61.750961 157.597351 -53.362976 61.750961 154.586166 -53.362976 60.007984 160.608536 -56.401371 60.007984 163.619705 -56.401371 60.256226 163.619705 -56.663528 60.256226 160.608536 -56.663528 60.007984 154.586166 -56.401371 60.007984 157.597351 -56.401371 60.256226 157.597351 -56.663528 60.256226 154.586166 -56.663528 60.007984 154.586166 -56.401371 60.256226 154.586166 -56.663528 62.443626 157.597351 -53.973209 63.318443 157.597351 -53.678463 60.256226 157.597351 -56.663528 60.007984 157.597351 -56.401371 60.256226 163.619705 -56.663528 60.007984 163.619705 -56.401371 
						63.318443 160.608536 -53.678463 62.443626 160.608536 -53.973209 60.007984 160.608536 -56.401371 60.256226 160.608536 -56.663528 63.318443 163.619705 -53.678463 63.318443 160.608536 -53.678463 60.256226 160.608536 -56.663528 60.256226 163.619705 -56.663528 61.933109 121.282349 -52.457985 61.933109 124.293526 -52.457985 61.750961 124.293526 -53.362976 61.750961 121.282349 -53.362976 63.318443 118.271172 -53.678463 63.318443 115.259987 -53.678463 60.256226 115.259987 -56.663528 60.256226 118.271172 -56.663528 63.318443 121.282349 -53.678463 63.318443 124.293526 -53.678463 63.500587 124.293526 -52.773479 63.500587 121.282349 -52.773479 61.750961 124.293526 -53.362976 61.933109 124.293526 -52.457985 62.807926 124.293526 -52.163242 63.500587 124.293526 -52.773479 63.318443 124.293526 -53.678463 62.443626 124.293526 -53.973209 63.500587 121.282349 -52.773479 63.500587 124.293526 -52.773479 62.807926 124.293526 -52.163242 62.807926 121.282349 -52.163242 62.807926 121.282349 -52.163242 62.807926 124.293526 -52.163242 61.933109 124.293526 -52.457985 61.933109 121.282349 -52.457985 61.933109 115.259987 -52.457985 61.750961 115.259987 -53.362976 62.443626 115.259987 -53.973209 63.318443 115.259987 -53.678463 63.500587 115.259987 -52.773479 62.807926 115.259987 -52.163242 62.807926 115.259987 -52.163242 62.807926 118.271172 -52.163242 61.933109 118.271172 -52.457985 61.933109 115.259987 -52.457985 63.500587 115.259987 -52.773479 63.500587 118.271172 -52.773479 62.807926 118.271172 -52.163242 62.807926 115.259987 -52.163242 63.318443 115.259987 -53.678463 63.318443 118.271172 -53.678463 63.500587 118.271172 -52.773479 63.500587 115.259987 -52.773479 62.443626 118.271172 -53.973209 62.443626 121.282349 -53.973209 63.318443 121.282349 -53.678463 63.318443 118.271172 -53.678463 61.933109 115.259987 -52.457985 61.933109 118.271172 -52.457985 61.750961 118.271172 -53.362976 61.750961 115.259987 -53.362976 60.007984 121.282349 -56.401371 60.007984 124.293526 -56.401371 60.256226 124.293526 -56.663528 60.256226 121.282349 -56.663528 
						60.007984 115.259987 -56.401371 60.007984 118.271172 -56.401371 60.256226 118.271172 -56.663528 60.256226 115.259987 -56.663528 60.007984 115.259987 -56.401371 60.256226 115.259987 -56.663528 62.443626 118.271172 -53.973209 63.318443 118.271172 -53.678463 60.256226 118.271172 -56.663528 60.007984 118.271172 -56.401371 60.256226 124.293526 -56.663528 60.007984 124.293526 -56.401371 63.318443 121.282349 -53.678463 62.443626 121.282349 -53.973209 60.007984 121.282349 -56.401371 60.256226 121.282349 -56.663528 63.318443 124.293526 -53.678463 63.318443 121.282349 -53.678463 60.256226 121.282349 -56.663528 60.256226 124.293526 -56.663528 61.933109 81.809113 -52.457985 61.933109 84.820282 -52.457985 61.750961 84.820282 -53.362976 61.750961 81.809113 -53.362976 63.318443 78.797935 -53.678463 63.318443 75.786758 -53.678463 60.256226 75.786758 -56.663528 60.256226 78.797935 -56.663528 63.318443 81.809113 -53.678463 63.318443 84.820282 -53.678463 63.500587 84.820282 -52.773479 63.500587 81.809113 -52.773479 61.750961 84.820282 -53.362976 61.933109 84.820282 -52.457985 62.807926 84.820282 -52.163242 63.500587 84.820282 -52.773479 63.318443 84.820282 -53.678463 62.443626 84.820282 -53.973209 63.500587 81.809113 -52.773479 63.500587 84.820282 -52.773479 62.807926 84.820282 -52.163242 62.807926 81.809113 -52.163242 62.807926 81.809113 -52.163242 62.807926 84.820282 -52.163242 61.933109 84.820282 -52.457985 61.933109 81.809113 -52.457985 61.933109 75.786758 -52.457985 61.750961 75.786758 -53.362976 62.443626 75.786758 -53.973209 63.318443 75.786758 -53.678463 63.500587 75.786758 -52.773479 62.807926 75.786758 -52.163242 62.807926 75.786758 -52.163242 62.807926 78.797935 -52.163242 61.933109 78.797935 -52.457985 61.933109 75.786758 -52.457985 63.500587 75.786758 -52.773479 63.500587 78.797935 -52.773479 62.807926 78.797935 -52.163242 62.807926 75.786758 -52.163242 63.318443 75.786758 -53.678463 63.318443 78.797935 -53.678463 63.500587 78.797935 -52.773479 63.500587 75.786758 -52.773479 
						62.443626 78.797935 -53.973209 62.443626 81.809113 -53.973209 63.318443 81.809113 -53.678463 63.318443 78.797935 -53.678463 61.933109 75.786758 -52.457985 61.933109 78.797935 -52.457985 61.750961 78.797935 -53.362976 61.750961 75.786758 -53.362976 60.007984 81.809113 -56.401371 60.007984 84.820282 -56.401371 60.256226 84.820282 -56.663528 60.256226 81.809113 -56.663528 60.007984 75.786758 -56.401371 60.007984 78.797935 -56.401371 60.256226 78.797935 -56.663528 60.256226 75.786758 -56.663528 60.007984 75.786758 -56.401371 60.256226 75.786758 -56.663528 62.443626 78.797935 -53.973209 63.318443 78.797935 -53.678463 60.256226 78.797935 -56.663528 60.007984 78.797935 -56.401371 60.256226 84.820282 -56.663528 60.007984 84.820282 -56.401371 63.318443 81.809113 -53.678463 62.443626 81.809113 -53.973209 60.007984 81.809113 -56.401371 60.256226 81.809113 -56.663528 63.318443 84.820282 -53.678463 63.318443 81.809113 -53.678463 60.256226 81.809113 -56.663528 60.256226 84.820282 -56.663528 -89.819054 51.644089 -24.748739 -65.070297 51.644093 -49.497482 -65.070297 100.000000 -49.497482 -89.819054 100.000000 -24.748739 -28.508427 51.644108 -27.576567 -1.696849 51.644115 -5.078997 -1.696873 100.000031 -5.078987 -28.508427 100.000031 -27.576553 32.852509 51.644104 -30.065111 57.601265 51.644108 -54.813858 57.601238 100.000031 -54.813858 32.852509 100.000031 -30.065111 94.192207 51.644108 -32.748486 121.003815 51.644115 -10.250915 121.003769 100.000031 -10.250903 94.192192 100.000031 -32.748478 67.380646 51.644104 -55.246059 67.380615 100.000031 -55.246048 67.380615 148.355942 -55.246037 67.380592 196.711868 -55.246021 8.103752 100.000031 -5.316364 8.103752 148.355957 -5.316364 8.103752 51.644104 -5.316364 8.103752 196.711899 -5.316364 -55.320000 100.000031 -50.074123 -55.320023 148.355942 -50.074116 -55.319981 51.644104 -50.074139 -55.320023 196.711868 -50.074104 -114.567810 100.000015 0.000003 -114.567810 148.355942 0.000000 -114.567810 51.644093 0.000006 -114.567810 196.711853 -0.000002 
						-114.567810 27.466135 0.000007 -89.819054 27.466135 -24.748737 -65.070297 27.466141 -49.497482 -55.319981 27.466139 -50.074154 -28.508427 27.466145 -27.576574 -1.696825 27.466150 -5.079002 8.103752 27.466139 -5.316364 32.852509 27.466145 -30.065111 57.601265 27.466148 -54.813858 67.380669 27.466139 -55.246059 94.192207 27.466145 -32.748489 121.003815 27.466150 -10.250921 94.192245 3.288183 -32.748497 121.003815 3.288192 -10.250927 67.380669 3.288175 -55.246063 32.852509 3.288183 -30.065111 57.601265 3.288190 -54.813858 8.103776 3.288175 -5.316364 -28.508402 3.288183 -27.576580 -1.696825 3.288192 -5.079007 -55.319981 3.288175 -50.074158 -89.819054 3.288179 -24.748735 -65.070297 3.288183 -49.497478 -114.567802 3.288175 0.000008 
					</float_array>
					<technique_common>
						<accessor count="3544" offset="0" source="#meshId0-positions-array" stride="3">
							<param name="X" type="float" />
							<param name="Y" type="float" />
							<param name="Z" type="float" />
						</accessor>
					</technique_common>
				</source>
				<source id="meshId0-normals" name="meshId0-normals">
					<float_array id="meshId0-normals-array" count="10632"> 
						-0.000000 1.000000 -0.000000 -0.000000 1.000000 -0.000000 -0.000000 1.000000 -0.000000 -0.000000 1.000000 -0.000000 -0.707107 0.000000 -0.707107 -0.707107 0.000000 -0.707107 -0.707107 0.000000 -0.707107 -0.707107 0.000000 -0.707107 0.000000 -1.000000 0.000000 0.000000 -1.000000 0.000000 0.000000 -1.000000 0.000000 0.000000 -1.000000 0.000000 0.707107 0.000000 0.707107 0.707107 0.000000 0.707106 0.707107 0.000000 0.707106 0.707107 0.000000 0.707107 0.707107 0.000001 0.707107 0.707107 0.000001 0.707107 0.707107 0.000001 0.707107 0.707107 0.000001 0.707107 0.707107 0.000000 0.707107 0.707107 0.000000 0.707107 0.707107 0.000000 0.707107 0.707107 0.000000 0.707107 0.707107 0.000000 0.707107 0.707107 0.000000 0.707107 0.707107 0.000000 0.707107 0.707107 0.000000 0.707107 0.000000 -1.000000 0.000000 0.000000 -1.000000 0.000000 0.000000 -1.000000 0.000000 0.000000 -1.000000 0.000000 0.000000 -1.000000 0.000000 0.000000 -1.000000 0.000000 0.000000 -1.000000 0.000000 0.000000 -1.000000 0.000000 0.000000 -1.000000 0.000000 0.000000 -1.000000 0.000000 0.000000 -1.000000 0.000000 0.000000 -1.000000 0.000000 -0.707107 0.000000 -0.707107 -0.707107 0.000000 -0.707106 -0.707107 0.000000 -0.707106 -0.707107 0.000000 -0.707107 -0.707107 -0.000000 -0.707107 -0.707107 -0.000000 -0.707107 -0.707107 -0.000001 -0.707107 -0.707107 -0.000001 -0.707107 -0.707107 -0.000000 -0.707107 -0.707107 -0.000000 -0.707107 -0.707107 0.000000 -0.707107 -0.707107 0.000000 -0.707107 -0.000000 1.000000 -0.000000 -0.000000 1.000000 -0.000000 -0.000000 1.000000 -0.000000 -0.000000 1.000000 -0.000000 -0.000000 1.000000 -0.000000 -0.000000 1.000000 -0.000000 -0.000000 1.000000 -0.000000 -0.000000 1.000000 -0.000000 -0.000000 1.000000 -0.000000 -0.000000 1.000000 -0.000000 -0.000000 1.000000 -0.000000 -0.000000 1.000000 -0.000000 
						-0.000000 1.000000 0.000000 -0.000001 1.000000 0.000000 -0.000001 1.000000 0.000000 -0.000000 1.000000 0.000000 -0.707107 0.000000 -0.707107 -0.707107 0.000000 -0.707106 -0.707107 0.000000 -0.707106 -0.707107 0.000000 -0.707107 0.000000 -1.000000 -0.000000 0.000001 -1.000000 0.000000 0.000001 -1.000000 0.000000 0.000000 -1.000000 -0.000000 0.707107 0.000001 0.707107 0.707107 0.000001 0.707106 0.707107 0.000001 0.707106 0.707107 0.000001 0.707107 0.707107 0.000000 0.707107 0.707107 0.000000 0.707107 0.707107 0.000000 0.707107 0.707107 0.000000 0.707107 0.707107 0.000001 0.707107 0.707107 0.000001 0.707107 0.707107 0.000000 0.707107 0.707107 0.000000 0.707107 0.707107 0.000000 0.707107 0.707107 0.000000 0.707107 0.707107 0.000000 0.707107 0.707107 0.000000 0.707107 0.000002 -1.000000 -0.000000 0.000001 -1.000000 -0.000000 0.000001 -1.000000 -0.000000 0.000002 -1.000000 -0.000000 -0.000001 -1.000000 0.000000 -0.000001 -1.000000 0.000000 0.000000 -1.000000 -0.000000 0.000000 -1.000000 -0.000000 0.000000 -1.000000 -0.000000 0.000000 -1.000000 -0.000000 0.000000 -1.000000 -0.000000 0.000000 -1.000000 -0.000000 -0.707107 0.000000 -0.707107 -0.707106 0.000000 -0.707107 -0.707106 0.000000 -0.707107 -0.707107 0.000000 -0.707107 -0.707107 -0.000000 -0.707107 -0.707106 -0.000000 -0.707107 -0.707107 -0.000000 -0.707107 -0.707107 -0.000000 -0.707107 -0.707107 -0.000000 -0.707107 -0.707107 -0.000000 -0.707107 -0.707107 0.000000 -0.707107 -0.707107 0.000000 -0.707107 -0.000001 1.000000 0.000000 -0.000001 1.000000 0.000000 -0.000001 1.000000 0.000000 -0.000001 1.000000 0.000000 -0.000000 1.000000 0.000000 -0.000000 1.000000 0.000000 0.000000 1.000000 0.000000 0.000000 1.000000 0.000000 0.000000 1.000000 0.000000 0.000000 1.000000 0.000000 0.000000 1.000000 0.000000 0.000000 1.000000 0.000000 
						0.000000 1.000000 0.000000 0.000000 1.000000 0.000000 0.000000 1.000000 0.000000 0.000000 1.000000 0.000000 -0.707107 0.000000 -0.707106 -0.707107 0.000000 -0.707106 -0.707107 0.000000 -0.707106 -0.707107 0.000000 -0.707106 0.000002 -1.000000 -0.000000 0.000002 -1.000000 -0.000000 0.000002 -1.000000 -0.000000 0.000002 -1.000000 -0.000000 0.707107 0.000000 0.707106 0.707107 0.000000 0.707106 0.707107 0.000000 0.707106 0.707107 0.000000 0.707106 0.707107 0.000000 0.707107 0.707107 0.000000 0.707107 0.707107 0.000000 0.707107 0.707107 0.000000 0.707107 0.707106 0.000000 0.707107 0.707106 0.000000 0.707107 0.707107 0.000000 0.707107 0.707107 0.000000 0.707107 0.707107 0.000000 0.707107 0.707107 0.000000 0.707107 0.707107 0.000000 0.707107 0.707107 0.000000 0.707107 0.000000 -1.000000 0.000000 0.000001 -1.000000 -0.000000 0.000001 -1.000000 -0.000000 0.000000 -1.000000 0.000000 0.000001 -1.000000 -0.000000 0.000001 -1.000000 -0.000000 -0.000001 -1.000000 -0.000000 -0.000001 -1.000000 -0.000000 -0.000001 -1.000000 -0.000000 -0.000001 -1.000000 -0.000000 0.000001 -1.000000 0.000000 0.000001 -1.000000 0.000000 -0.707106 -0.000001 -0.707107 -0.707107 -0.000001 -0.707107 -0.707107 -0.000001 -0.707107 -0.707106 -0.000001 -0.707107 -0.707107 0.000000 -0.707107 -0.707107 0.000000 -0.707107 -0.707107 0.000000 -0.707107 -0.707107 0.000000 -0.707107 -0.707106 0.000000 -0.707107 -0.707106 0.000000 -0.707107 -0.707107 0.000000 -0.707107 -0.707107 0.000000 -0.707107 0.000000 1.000000 0.000000 0.000000 1.000000 0.000000 0.000000 1.000000 0.000000 0.000000 1.000000 0.000000 0.000000 1.000000 0.000000 0.000000 1.000000 0.000000 -0.000001 1.000000 0.000000 -0.000001 1.000000 0.000000 -0.000001 1.000000 0.000000 -0.000001 1.000000 0.000000 0.000000 1.000000 0.000000 0.000000 1.000000 0.000000 
						0.000000 1.000000 0.000000 0.000000 1.000000 0.000000 0.000000 1.000000 0.000000 0.000000 1.000000 0.000000 -0.707107 -0.000000 -0.707107 -0.707107 0.000000 -0.707106 -0.707107 0.000000 -0.707106 -0.707107 -0.000000 -0.707107 0.000000 -1.000000 0.000000 0.000000 -1.000000 0.000000 0.000000 -1.000000 0.000000 0.000000 -1.000000 0.000000 0.707107 0.000000 0.707107 0.707107 0.000000 0.707106 0.707107 0.000000 0.707106 0.707107 0.000000 0.707107 0.707107 0.000000 0.707106 0.707107 0.000000 0.707106 0.707107 0.000000 0.707106 0.707107 0.000000 0.707106 0.707106 0.000000 0.707108 0.707106 0.000000 0.707107 0.707106 0.000001 0.707107 0.707106 0.000001 0.707108 0.707107 0.000001 0.707106 0.707107 0.000001 0.707106 0.707107 0.000000 0.707107 0.707107 0.000000 0.707107 0.000002 -1.000000 0.000000 0.000001 -1.000000 0.000000 0.000001 -1.000000 0.000000 0.000002 -1.000000 0.000000 0.000000 -1.000000 -0.000000 0.000000 -1.000000 -0.000000 0.000000 -1.000000 -0.000000 0.000000 -1.000000 -0.000000 0.000000 -1.000000 0.000000 0.000000 -1.000000 0.000000 0.000000 -1.000000 0.000000 0.000000 -1.000000 0.000000 -0.707107 0.000000 -0.707106 -0.707107 0.000000 -0.707107 -0.707107 0.000000 -0.707107 -0.707107 0.000000 -0.707106 -0.707106 0.000000 -0.707108 -0.707106 0.000000 -0.707108 -0.707106 0.000000 -0.707108 -0.707106 0.000000 -0.707108 -0.707107 -0.000001 -0.707107 -0.707107 -0.000001 -0.707107 -0.707107 -0.000001 -0.707106 -0.707107 -0.000001 -0.707106 0.000000 1.000000 0.000000 0.000000 1.000000 0.000000 0.000000 1.000000 0.000000 0.000000 1.000000 0.000000 -0.000001 1.000000 0.000000 -0.000001 1.000000 0.000000 0.000000 1.000000 0.000000 0.000000 1.000000 0.000000 0.000001 1.000000 0.000000 0.000001 1.000000 0.000000 0.000000 1.000000 0.000000 0.000000 1.000000 0.000000 
						-0.000001 1.000000 0.000000 -0.000002 1.000000 0.000000 -0.000002 1.000000 0.000000 -0.000001 1.000000 0.000000 -0.707107 0.000000 -0.707107 -0.707107 0.000000 -0.707107 -0.707107 0.000000 -0.707107 -0.707107 0.000000 -0.707107 0.000001 -1.000000 0.000000 0.000002 -1.000000 0.000000 0.000002 -1.000000 0.000000 0.000001 -1.000000 0.000000 0.707107 0.000000 0.707107 0.707107 0.000000 0.707107 0.707107 0.000000 0.707107 0.707107 0.000000 0.707107 0.707107 0.000000 0.707107 0.707107 0.000000 0.707107 0.707107 0.000000 0.707107 0.707107 0.000000 0.707107 0.707107 0.000000 0.707107 0.707107 0.000000 0.707107 0.707107 0.000001 0.707107 0.707107 0.000001 0.707107 0.707107 0.000000 0.707107 0.707107 0.000000 0.707107 0.707107 0.000000 0.707107 0.707107 0.000000 0.707107 -0.000004 -1.000000 0.000000 -0.000002 -1.000000 0.000000 -0.000002 -1.000000 0.000000 -0.000004 -1.000000 0.000000 0.000001 -1.000000 -0.000000 0.000001 -1.000000 -0.000000 0.000002 -1.000000 -0.000000 0.000002 -1.000000 -0.000000 0.000002 -1.000000 0.000000 0.000002 -1.000000 0.000000 0.000001 -1.000000 0.000000 0.000001 -1.000000 0.000000 -0.707106 -0.000001 -0.707107 -0.707107 -0.000001 -0.707107 -0.707107 -0.000001 -0.707107 -0.707106 -0.000001 -0.707107 -0.707107 -0.000001 -0.707106 -0.707107 -0.000001 -0.707106 -0.707107 0.000000 -0.707106 -0.707107 0.000000 -0.707106 -0.707107 0.000000 -0.707106 -0.707107 0.000000 -0.707106 -0.707107 0.000000 -0.707107 -0.707107 0.000000 -0.707107 0.000000 1.000000 0.000000 0.000000 1.000000 0.000000 0.000000 1.000000 0.000000 0.000000 1.000000 0.000000 -0.000001 1.000000 0.000000 -0.000001 1.000000 0.000000 -0.000002 1.000000 0.000000 -0.000002 1.000000 0.000000 -0.000002 1.000000 0.000000 -0.000002 1.000000 0.000000 -0.000001 1.000000 0.000000 -0.000001 1.000000 0.000000 
						0.000000 1.000000 0.000000 0.000000 1.000000 0.000000 0.000000 1.000000 0.000000 0.000000 1.000000 0.000000 -0.707107 0.000000 -0.707107 -0.707107 0.000000 -0.707107 -0.707107 0.000000 -0.707107 -0.707107 0.000000 -0.707107 0.000001 -1.000000 0.000000 0.000000 -1.000000 0.000000 0.000000 -1.000000 0.000000 0.000001 -1.000000 0.000000 0.707107 0.000001 0.707107 0.707107 0.000001 0.707107 0.707107 0.000001 0.707107 0.707107 0.000001 0.707107 0.707107 0.000000 0.707107 0.707107 0.000000 0.707106 0.707107 0.000000 0.707106 0.707107 0.000000 0.707107 0.707107 0.000000 0.707107 0.707107 0.000000 0.707107 0.707107 0.000000 0.707107 0.707107 0.000000 0.707107 0.707107 0.000000 0.707106 0.707107 0.000000 0.707106 0.707107 0.000001 0.707107 0.707107 0.000001 0.707107 -0.000003 -1.000000 0.000000 -0.000001 -1.000000 0.000000 -0.000001 -1.000000 0.000000 -0.000003 -1.000000 0.000000 0.000000 -1.000000 -0.000000 0.000000 -1.000000 -0.000000 0.000001 -1.000000 -0.000000 0.000001 -1.000000 -0.000000 0.000003 -1.000000 0.000000 0.000003 -1.000000 0.000000 0.000003 -1.000000 0.000000 0.000003 -1.000000 0.000000 -0.707107 0.000000 -0.707106 -0.707107 0.000000 -0.707106 -0.707107 0.000000 -0.707106 -0.707107 0.000000 -0.707106 -0.707107 0.000000 -0.707107 -0.707107 0.000000 -0.707107 -0.707107 0.000000 -0.707107 -0.707107 0.000000 -0.707107 -0.707107 0.000000 -0.707107 -0.707107 0.000000 -0.707107 -0.707107 0.000000 -0.707107 -0.707107 0.000000 -0.707107 0.000000 1.000000 0.000000 0.000000 1.000000 0.000000 0.000000 1.000000 0.000000 0.000000 1.000000 0.000000 0.000000 1.000000 0.000000 0.000000 1.000000 0.000000 0.000000 1.000000 0.000000 0.000000 1.000000 0.000000 0.000000 1.000000 0.000000 0.000000 1.000000 0.000000 0.000000 1.000000 0.000000 0.000000 1.000000 0.000000 
						-0.707107 -0.000000 0.707106 -0.707108 -0.000000 0.707106 -0.707108 -0.000000 0.707106 -0.707107 -0.000000 0.707106 -0.707107 -0.000000 -0.707106 -0.707107 -0.000000 -0.707106 -0.707107 -0.000000 -0.707106 -0.707107 -0.000000 -0.707106 0.707106 -0.000000 -0.707107 0.707106 0.000000 -0.707107 0.707106 0.000000 -0.707107 0.707106 -0.000000 -0.707107 0.707106 0.000000 0.707108 0.707106 0.000000 0.707108 0.707106 0.000000 0.707108 0.707106 0.000000 0.707108 0.000000 -1.000000 0.000000 0.000000 -1.000000 0.000000 0.000000 -1.000000 0.000000 0.000000 -1.000000 0.000000 0.000000 1.000000 0.000000 0.000000 1.000000 0.000000 0.000000 1.000000 0.000000 0.000000 1.000000 0.000000 0.707107 0.000000 0.707107 0.707107 0.000000 0.707106 0.707107 0.000000 0.707106 0.707107 0.000000 0.707107 0.707107 0.000000 0.707106 0.707107 0.000000 0.707106 0.707107 0.000000 0.707106 0.707107 0.000000 0.707106 0.707107 0.000000 0.707106 0.707107 0.000000 0.707106 0.707107 0.000000 0.707107 0.707107 0.000000 0.707107 0.707109 0.000000 -0.707105 0.707107 0.000000 -0.707106 0.707107 0.000000 -0.707106 0.707109 0.000000 -0.707105 0.707106 0.000000 -0.707107 0.707106 0.000000 -0.707107 0.707107 0.000000 -0.707106 0.707107 0.000000 -0.707106 0.707107 0.000000 -0.707106 0.707107 0.000000 -0.707107 0.707106 -0.000000 -0.707107 0.707106 -0.000000 -0.707107 -0.707105 -0.000000 -0.707108 -0.707106 -0.000000 -0.707107 -0.707106 -0.000000 -0.707107 -0.707105 -0.000000 -0.707108 -0.707107 -0.000000 -0.707107 -0.707107 -0.000000 -0.707107 -0.707107 -0.000000 -0.707107 -0.707107 -0.000000 -0.707107 -0.707107 -0.000000 -0.707106 -0.707107 -0.000000 -0.707106 -0.707107 -0.000000 -0.707106 -0.707107 -0.000000 -0.707106 -0.707107 -0.000000 0.707106 -0.707107 0.000000 0.707107 -0.707107 0.000000 0.707107 -0.707107 -0.000000 0.707106 
						-0.707106 0.000000 0.707107 -0.707106 0.000000 0.707107 -0.707107 -0.000000 0.707107 -0.707107 -0.000000 0.707107 -0.707107 -0.000000 0.707106 -0.707107 -0.000000 0.707106 -0.707106 -0.000000 0.707107 -0.707106 -0.000000 0.707107 -0.707107 -0.000000 0.707107 -0.707107 0.000000 0.707106 -0.707107 0.000000 0.707106 -0.707107 -0.000000 0.707107 -0.707106 -0.000000 -0.707107 -0.707107 -0.000000 -0.707107 -0.707107 -0.000000 -0.707107 -0.707106 -0.000000 -0.707107 0.707107 -0.000000 -0.707107 0.707107 0.000000 -0.707107 0.707107 0.000000 -0.707107 0.707107 -0.000000 -0.707107 0.707106 0.000000 0.707107 0.707106 0.000000 0.707107 0.707106 0.000000 0.707107 0.707106 0.000000 0.707107 0.000000 -1.000000 0.000000 0.000000 -1.000000 0.000000 0.000000 -1.000000 0.000000 0.000000 -1.000000 0.000000 0.000000 1.000000 0.000000 0.000000 1.000000 0.000000 0.000000 1.000000 0.000000 0.000000 1.000000 0.000000 0.707106 0.000000 0.707108 0.707106 0.000000 0.707107 0.707106 0.000000 0.707107 0.707106 0.000000 0.707108 0.707107 0.000000 0.707107 0.707107 0.000000 0.707107 0.707106 0.000000 0.707107 0.707106 0.000000 0.707107 0.707106 0.000000 0.707107 0.707106 0.000000 0.707107 0.707106 0.000000 0.707107 0.707106 0.000000 0.707107 0.707107 0.000000 -0.707107 0.707107 0.000000 -0.707107 0.707107 0.000000 -0.707107 0.707107 0.000000 -0.707107 0.707107 0.000000 -0.707107 0.707107 0.000000 -0.707107 0.707107 0.000000 -0.707107 0.707107 0.000000 -0.707107 0.707107 0.000000 -0.707107 0.707107 0.000000 -0.707107 0.707107 -0.000000 -0.707107 0.707107 -0.000000 -0.707107 -0.707107 -0.000000 -0.707107 -0.707107 -0.000000 -0.707107 -0.707107 -0.000000 -0.707107 -0.707107 -0.000000 -0.707107 -0.707107 -0.000000 -0.707107 -0.707107 -0.000000 -0.707107 -0.707107 -0.000000 -0.707106 -0.707107 -0.000000 -0.707106 
						-0.707107 -0.000000 -0.707107 -0.707107 -0.000000 -0.707107 -0.707107 -0.000000 -0.707107 -0.707107 -0.000000 -0.707107 -0.707107 -0.000000 0.707107 -0.707107 -0.000000 0.707107 -0.707107 -0.000000 0.707107 -0.707107 -0.000000 0.707107 -0.707107 -0.000000 0.707107 -0.707107 -0.000000 0.707107 -0.707107 -0.000000 0.707107 -0.707107 -0.000000 0.707107 -0.707107 -0.000000 0.707107 -0.707107 -0.000000 0.707107 -0.707107 -0.000000 0.707107 -0.707107 -0.000000 0.707107 -0.707106 -0.000000 0.707107 -0.707106 0.000000 0.707108 -0.707106 0.000000 0.707108 -0.707106 -0.000000 0.707107 -0.707107 -0.000000 -0.707107 -0.707106 -0.000000 -0.707108 -0.707106 -0.000000 -0.707108 -0.707107 -0.000000 -0.707107 0.707107 0.000000 -0.707107 0.707107 0.000000 -0.707107 0.707107 0.000000 -0.707107 0.707107 0.000000 -0.707107 0.707107 0.000000 0.707106 0.707107 0.000000 0.707106 0.707107 0.000000 0.707106 0.707107 0.000000 0.707106 -0.707107 -0.000000 0.707107 -0.707107 -0.000000 0.707107 -0.707107 -0.000000 0.707107 -0.707107 -0.000000 0.707107 -0.707107 -0.000000 -0.707107 -0.707106 -0.000000 -0.707108 -0.707106 -0.000000 -0.707108 -0.707107 -0.000000 -0.707107 0.707106 0.000000 -0.707107 0.707106 0.000000 -0.707108 0.707106 0.000000 -0.707108 0.707106 0.000000 -0.707107 0.707106 0.000000 0.707107 0.707105 0.000000 0.707109 0.707105 0.000000 0.707109 0.707106 0.000000 0.707107 0.707105 0.000000 0.707109 0.707106 0.000000 0.707108 0.707106 0.000000 0.707108 0.707105 0.000000 0.707109 0.707107 0.000000 0.707107 0.707107 0.000000 0.707107 0.707107 0.000000 0.707107 0.707107 0.000000 0.707107 0.707108 0.000000 0.707106 0.707107 0.000000 0.707106 0.707105 0.000000 -0.707109 0.707106 0.000000 -0.707107 0.707106 0.000000 -0.707107 0.707105 0.000000 -0.707109 0.707107 0.000000 -0.707106 0.707107 0.000000 -0.707106 
						0.707106 0.000000 -0.707107 0.707106 0.000000 -0.707107 0.707106 0.000000 -0.707107 0.707106 0.000000 -0.707107 -0.707108 -0.000000 -0.707106 -0.707107 -0.000000 -0.707106 -0.707107 -0.000000 -0.707106 -0.707108 -0.000000 -0.707106 -0.707106 -0.000000 -0.707107 -0.707106 -0.000000 -0.707107 -0.707106 -0.000000 -0.707107 -0.707106 -0.000000 -0.707107 -0.707108 -0.000000 -0.707106 -0.707108 -0.000000 -0.707106 -0.707107 0.000000 0.707107 -0.707107 -0.000000 0.707106 -0.707107 -0.000000 0.707106 -0.707107 0.000000 0.707107 -0.707107 -0.000000 0.707107 -0.707107 -0.000000 0.707107 -0.707106 -0.000000 0.707108 -0.707106 -0.000000 0.707108 -0.707106 -0.000000 0.707107 -0.707106 -0.000000 0.707107 0.707104 0.000000 0.707109 0.707106 0.000000 0.707108 0.707106 0.000000 0.707108 0.707104 0.000000 0.707109 0.707107 0.000000 0.707106 0.707107 0.000000 0.707106 0.707107 0.000000 0.707106 0.707107 0.000000 0.707106 0.707107 0.000000 0.707106 0.707107 0.000000 0.707106 0.707106 0.000000 -0.707108 0.707106 0.000000 -0.707108 0.707106 0.000000 -0.707108 0.707106 0.000000 -0.707108 0.707106 0.000000 -0.707107 0.707106 0.000000 -0.707107 0.707107 0.000000 -0.707107 0.707107 0.000000 -0.707107 0.707107 0.000000 -0.707107 0.707107 0.000000 -0.707107 -0.707107 -0.000000 -0.707106 -0.707107 -0.000000 -0.707106 -0.707107 -0.000000 -0.707106 -0.707107 -0.000000 -0.707106 -0.707107 -0.000000 -0.707106 -0.707107 -0.000000 -0.707106 -0.707107 -0.000000 -0.707106 -0.707107 -0.000000 -0.707106 -0.707107 -0.000000 -0.707106 -0.707107 -0.000000 -0.707106 -0.707108 -0.000000 0.707106 -0.707107 -0.000000 0.707107 -0.707107 -0.000000 0.707107 -0.707108 -0.000000 0.707106 -0.707106 -0.000000 0.707107 -0.707106 -0.000000 0.707107 -0.707107 -0.000000 0.707107 -0.707107 -0.000000 0.707107 -0.707107 -0.000000 0.707107 -0.707107 -0.000000 0.707107 
						0.707107 0.000000 0.707107 0.707107 0.000000 0.707107 0.707107 0.000000 0.707107 0.707107 0.000000 0.707107 -0.000000 1.000000 -0.000000 -0.000000 1.000000 -0.000000 -0.000000 1.000000 -0.000000 -0.000000 1.000000 -0.000000 0.642787 0.000000 -0.766045 0.642787 0.000000 -0.766045 0.642787 0.000000 -0.766045 0.642787 0.000000 -0.766045 0.000000 -1.000000 -0.000000 0.000000 -1.000000 0.000000 0.000000 -1.000000 0.000000 0.000000 -1.000000 -0.000000 -0.642787 0.000000 0.766045 -0.642787 0.000000 0.766045 -0.642787 0.000000 0.766045 -0.642787 0.000000 0.766045 -0.642788 0.000000 0.766044 -0.642787 0.000000 0.766045 -0.642787 0.000000 0.766045 -0.642788 0.000000 0.766044 -0.642787 0.000000 0.766045 -0.642787 0.000000 0.766045 -0.642787 0.000001 0.766045 -0.642787 0.000001 0.766045 -0.642787 0.000000 0.766045 -0.642787 0.000000 0.766045 -0.642787 0.000000 0.766045 -0.642787 0.000000 0.766045 0.000000 -1.000000 -0.000000 0.000000 -1.000000 -0.000000 0.000000 -1.000000 -0.000000 0.000000 -1.000000 -0.000000 0.000000 -1.000000 -0.000000 0.000000 -1.000000 -0.000000 0.000000 -1.000000 -0.000000 0.000000 -1.000000 -0.000000 0.000000 -1.000000 -0.000000 0.000000 -1.000000 -0.000000 0.000000 -1.000000 -0.000000 0.000000 -1.000000 -0.000000 0.642787 0.000000 -0.766045 0.642787 0.000000 -0.766045 0.642787 0.000000 -0.766045 0.642787 0.000000 -0.766045 0.642787 0.000001 -0.766045 0.642787 0.000001 -0.766045 0.642787 0.000001 -0.766045 0.642787 0.000001 -0.766045 0.642787 0.000000 -0.766045 0.642787 0.000000 -0.766045 0.642787 0.000000 -0.766045 0.642787 0.000000 -0.766045 -0.000000 1.000000 0.000000 -0.000000 1.000000 0.000000 -0.000000 1.000000 0.000000 -0.000000 1.000000 0.000000 -0.000000 1.000000 -0.000000 -0.000000 1.000000 -0.000000 -0.000000 1.000000 0.000000 -0.000000 1.000000 0.000000 
						-0.000000 1.000000 0.000000 -0.000000 1.000000 0.000000 -0.000000 1.000000 0.000000 -0.000000 1.000000 0.000000 -0.000001 1.000000 -0.000000 -0.000001 1.000000 -0.000000 -0.000001 1.000000 -0.000000 -0.000001 1.000000 -0.000000 0.642788 0.000000 -0.766045 0.642787 0.000000 -0.766045 0.642787 0.000000 -0.766045 0.642788 0.000000 -0.766045 -0.000000 -1.000000 0.000000 0.000000 -1.000000 0.000000 0.000000 -1.000000 0.000000 -0.000000 -1.000000 0.000000 -0.642787 -0.000000 0.766045 -0.642787 0.000000 0.766045 -0.642787 0.000000 0.766045 -0.642787 -0.000000 0.766045 -0.642788 0.000000 0.766044 -0.642787 0.000000 0.766045 -0.642787 0.000000 0.766045 -0.642788 0.000000 0.766044 -0.642787 -0.000001 0.766045 -0.642787 -0.000001 0.766045 -0.642788 -0.000001 0.766044 -0.642788 -0.000001 0.766044 -0.642788 -0.000001 0.766045 -0.642788 -0.000001 0.766045 -0.642787 -0.000001 0.766045 -0.642787 -0.000001 0.766045 0.000001 -1.000000 0.000000 0.000000 -1.000000 0.000000 0.000000 -1.000000 0.000000 0.000001 -1.000000 0.000000 0.000001 -1.000000 0.000000 0.000001 -1.000000 0.000000 0.000001 -1.000000 0.000000 0.000001 -1.000000 0.000000 0.000000 -1.000000 0.000000 0.000000 -1.000000 0.000000 -0.000000 -1.000000 0.000001 -0.000000 -1.000000 0.000001 0.642788 -0.000001 -0.766044 0.642787 -0.000001 -0.766045 0.642787 -0.000001 -0.766045 0.642788 -0.000001 -0.766044 0.642787 0.000000 -0.766045 0.642787 0.000000 -0.766045 0.642788 0.000000 -0.766045 0.642788 0.000000 -0.766045 0.642787 0.000000 -0.766045 0.642787 0.000000 -0.766045 0.642787 0.000001 -0.766045 0.642787 0.000001 -0.766045 0.000001 1.000000 0.000000 0.000001 1.000000 0.000000 0.000001 1.000000 0.000000 0.000001 1.000000 0.000000 -0.000000 1.000000 -0.000000 -0.000000 1.000000 -0.000000 -0.000001 1.000000 -0.000000 -0.000001 1.000000 -0.000000 
						-0.000001 1.000000 -0.000000 -0.000001 1.000000 -0.000000 -0.000000 1.000000 0.000000 -0.000000 1.000000 0.000000 -0.000001 1.000000 -0.000000 0.000000 1.000000 0.000000 0.000000 1.000000 0.000000 -0.000001 1.000000 -0.000000 0.642787 0.000000 -0.766045 0.642787 0.000000 -0.766045 0.642787 0.000000 -0.766045 0.642787 0.000000 -0.766045 0.000001 -1.000000 0.000000 0.000000 -1.000000 0.000000 0.000000 -1.000000 0.000000 0.000001 -1.000000 0.000000 -0.642787 0.000000 0.766045 -0.642787 0.000000 0.766045 -0.642787 0.000000 0.766045 -0.642787 0.000000 0.766045 -0.642788 0.000000 0.766044 -0.642787 -0.000001 0.766045 -0.642787 -0.000001 0.766045 -0.642788 0.000000 0.766044 -0.642787 -0.000001 0.766045 -0.642787 -0.000001 0.766045 -0.642787 -0.000001 0.766045 -0.642787 -0.000001 0.766045 -0.642787 -0.000001 0.766045 -0.642787 -0.000001 0.766045 -0.642788 -0.000000 0.766045 -0.642788 -0.000000 0.766045 0.000001 -1.000000 0.000000 0.000001 -1.000000 0.000000 0.000001 -1.000000 0.000000 0.000001 -1.000000 0.000000 -0.000001 -1.000000 0.000000 -0.000001 -1.000000 0.000000 -0.000000 -1.000000 0.000000 0.000000 -1.000000 0.000000 0.000001 -1.000000 0.000001 0.000001 -1.000000 0.000001 0.000001 -1.000000 0.000001 0.000001 -1.000000 0.000001 0.642787 0.000000 -0.766045 0.642788 0.000000 -0.766044 0.642788 0.000000 -0.766044 0.642787 0.000000 -0.766045 0.642788 0.000000 -0.766044 0.642788 0.000000 -0.766044 0.642787 0.000001 -0.766045 0.642787 0.000001 -0.766045 0.642787 0.000000 -0.766045 0.642787 0.000000 -0.766045 0.642788 0.000000 -0.766044 0.642788 0.000000 -0.766044 0.000001 1.000000 -0.000000 0.000001 1.000000 -0.000000 0.000001 1.000000 -0.000000 0.000001 1.000000 -0.000000 0.000001 1.000000 0.000000 0.000001 1.000000 0.000000 0.000001 1.000000 -0.000000 0.000001 1.000000 -0.000000 
						0.000000 1.000000 -0.000001 0.000000 1.000000 -0.000001 -0.000001 1.000000 -0.000001 -0.000001 1.000000 -0.000001 -0.000001 1.000000 -0.000000 -0.000002 1.000000 -0.000001 -0.000002 1.000000 -0.000001 -0.000001 1.000000 -0.000000 0.642786 0.000001 -0.766046 0.642785 0.000001 -0.766046 0.642785 0.000001 -0.766046 0.642786 0.000001 -0.766046 0.000001 -1.000000 0.000000 0.000002 -1.000000 0.000001 0.000002 -1.000000 0.000001 0.000001 -1.000000 0.000000 -0.642787 -0.000001 0.766045 -0.642787 -0.000001 0.766045 -0.642787 -0.000001 0.766045 -0.642787 -0.000001 0.766045 -0.642788 0.000000 0.766044 -0.642788 0.000000 0.766044 -0.642788 0.000000 0.766044 -0.642788 0.000000 0.766044 -0.642788 0.000000 0.766044 -0.642788 0.000000 0.766044 -0.642788 0.000000 0.766044 -0.642788 0.000000 0.766044 -0.642787 0.000000 0.766045 -0.642787 0.000000 0.766045 -0.642786 0.000000 0.766045 -0.642786 0.000000 0.766046 0.000000 -1.000000 -0.000001 0.000003 -1.000000 -0.000001 0.000003 -1.000000 -0.000001 0.000000 -1.000000 -0.000001 0.000006 -1.000000 -0.000002 0.000006 -1.000000 -0.000002 0.000004 -1.000000 -0.000003 0.000004 -1.000000 -0.000003 0.000002 -1.000000 -0.000001 0.000002 -1.000000 -0.000001 0.000000 -1.000000 -0.000000 0.000000 -1.000000 -0.000000 0.642788 0.000001 -0.766044 0.642787 0.000001 -0.766045 0.642787 0.000001 -0.766045 0.642788 0.000001 -0.766044 0.642787 0.000001 -0.766045 0.642787 0.000001 -0.766045 0.642787 0.000000 -0.766045 0.642787 0.000000 -0.766045 0.642788 0.000000 -0.766044 0.642788 0.000000 -0.766044 0.642788 0.000000 -0.766044 0.642788 0.000000 -0.766044 -0.000004 1.000000 0.000001 -0.000001 1.000000 0.000001 -0.000001 1.000000 0.000001 -0.000004 1.000000 0.000001 -0.000001 1.000000 0.000002 -0.000001 1.000000 0.000002 -0.000003 1.000000 0.000003 -0.000003 1.000000 0.000003 
						-0.000004 1.000000 0.000001 -0.000004 1.000000 0.000001 -0.000003 1.000000 0.000000 -0.000003 1.000000 0.000000 0.000001 1.000000 -0.000000 0.000000 1.000000 -0.000001 0.000000 1.000000 -0.000001 0.000001 1.000000 -0.000000 0.642787 -0.000000 -0.766045 0.642787 -0.000000 -0.766045 0.642787 -0.000000 -0.766045 0.642787 -0.000000 -0.766045 0.000001 -1.000000 0.000000 0.000002 -1.000000 0.000001 0.000002 -1.000000 0.000001 0.000001 -1.000000 0.000000 -0.642787 0.000000 0.766045 -0.642786 0.000000 0.766045 -0.642786 0.000000 0.766045 -0.642787 0.000000 0.766045 -0.642788 0.000000 0.766044 -0.642788 0.000000 0.766044 -0.642788 0.000000 0.766044 -0.642788 0.000000 0.766044 -0.642787 0.000001 0.766045 -0.642787 0.000001 0.766045 -0.642787 0.000001 0.766045 -0.642787 0.000001 0.766045 -0.642787 0.000000 0.766045 -0.642787 0.000000 0.766045 -0.642787 0.000001 0.766045 -0.642787 0.000001 0.766045 0.000004 -1.000000 -0.000001 0.000002 -1.000000 -0.000001 0.000002 -1.000000 -0.000001 0.000004 -1.000000 -0.000001 0.000001 -1.000000 -0.000002 0.000001 -1.000000 -0.000002 0.000002 -1.000000 -0.000003 0.000002 -1.000000 -0.000003 0.000002 -1.000000 -0.000002 0.000002 -1.000000 -0.000002 0.000001 -1.000000 -0.000000 0.000001 -1.000000 -0.000000 0.642788 0.000000 -0.766044 0.642788 0.000000 -0.766044 0.642788 0.000000 -0.766044 0.642788 0.000000 -0.766044 0.642787 0.000000 -0.766045 0.642787 0.000000 -0.766045 0.642787 0.000000 -0.766045 0.642787 0.000000 -0.766045 0.642788 -0.000000 -0.766044 0.642788 -0.000000 -0.766044 0.642787 -0.000001 -0.766045 0.642787 -0.000001 -0.766045 -0.000007 1.000000 0.000001 -0.000003 1.000000 0.000001 -0.000003 1.000000 0.000001 -0.000007 1.000000 0.000001 0.000000 1.000000 0.000002 0.000000 1.000000 0.000002 -0.000001 1.000000 0.000003 -0.000001 1.000000 0.000003 
						-0.000004 1.000000 0.000002 -0.000004 1.000000 0.000002 -0.000002 1.000000 0.000000 -0.000002 1.000000 0.000000 -0.000003 1.000000 -0.000000 -0.000003 1.000000 -0.000001 -0.000003 1.000000 -0.000001 -0.000003 1.000000 -0.000000 0.642788 0.000002 -0.766044 0.642788 0.000001 -0.766044 0.642788 0.000001 -0.766044 0.642788 0.000002 -0.766044 0.000000 -1.000000 0.000000 0.000003 -1.000000 0.000001 0.000003 -1.000000 0.000001 -0.000000 -1.000000 0.000000 -0.642788 -0.000000 0.766044 -0.642787 0.000000 0.766045 -0.642787 0.000000 0.766045 -0.642788 -0.000000 0.766044 -0.642788 -0.000001 0.766044 -0.642788 -0.000001 0.766044 -0.642788 -0.000001 0.766044 -0.642788 -0.000001 0.766044 -0.642786 0.000000 0.766045 -0.642786 0.000000 0.766045 -0.642785 -0.000000 0.766046 -0.642785 -0.000000 0.766046 -0.642785 -0.000001 0.766047 -0.642785 -0.000001 0.766047 -0.642787 -0.000001 0.766045 -0.642786 -0.000001 0.766045 0.000003 -1.000000 -0.000002 0.000004 -1.000000 -0.000001 0.000004 -1.000000 -0.000001 0.000003 -1.000000 -0.000002 0.000003 -1.000000 -0.000001 0.000003 -1.000000 -0.000001 0.000000 -1.000000 -0.000002 0.000000 -1.000000 -0.000002 0.000001 -1.000000 -0.000002 0.000001 -1.000000 -0.000002 -0.000000 -1.000000 -0.000001 -0.000000 -1.000000 -0.000001 0.642785 -0.000001 -0.766047 0.642786 -0.000001 -0.766046 0.642786 -0.000001 -0.766046 0.642785 -0.000001 -0.766047 0.642788 0.000000 -0.766044 0.642788 0.000000 -0.766044 0.642788 0.000000 -0.766044 0.642788 0.000000 -0.766044 0.642788 0.000001 -0.766044 0.642788 0.000001 -0.766044 0.642788 0.000001 -0.766044 0.642788 0.000001 -0.766044 0.000000 1.000000 0.000002 -0.000001 1.000000 0.000001 -0.000001 1.000000 0.000001 0.000000 1.000000 0.000002 -0.000003 1.000000 0.000001 -0.000003 1.000000 0.000001 -0.000003 1.000000 0.000002 -0.000003 1.000000 0.000002 
						-0.000003 1.000000 0.000002 -0.000003 1.000000 0.000002 -0.000003 1.000000 0.000001 -0.000003 1.000000 0.000001 -0.766044 -0.000000 -0.642788 -0.766045 -0.000000 -0.642788 -0.766045 -0.000000 -0.642788 -0.766044 -0.000000 -0.642788 0.642788 0.000000 -0.766045 0.642787 0.000000 -0.766045 0.642787 0.000000 -0.766045 0.642788 0.000000 -0.766045 0.766045 0.000000 0.642787 0.766045 0.000000 0.642787 0.766045 0.000000 0.642787 0.766045 0.000000 0.642787 -0.642788 -0.000000 0.766044 -0.642787 -0.000000 0.766045 -0.642787 -0.000000 0.766045 -0.642788 -0.000000 0.766044 0.000000 -1.000000 -0.000000 0.000000 -1.000000 -0.000000 0.000000 -1.000000 -0.000000 0.000000 -1.000000 -0.000000 -0.000002 1.000000 0.000002 -0.000002 1.000000 0.000002 -0.000002 1.000000 0.000002 -0.000002 1.000000 0.000002 -0.642786 -0.000000 0.766046 -0.642788 -0.000000 0.766045 -0.642788 -0.000000 0.766045 -0.642786 -0.000000 0.766046 -0.642788 -0.000000 0.766044 -0.642788 -0.000000 0.766044 -0.642788 -0.000000 0.766044 -0.642788 -0.000000 0.766044 -0.642788 -0.000000 0.766044 -0.642788 -0.000000 0.766044 -0.642788 -0.000000 0.766044 -0.642788 -0.000000 0.766044 0.766045 0.000000 0.642787 0.766045 0.000000 0.642787 0.766045 0.000000 0.642787 0.766045 0.000000 0.642787 0.766045 0.000000 0.642788 0.766044 0.000000 0.642788 0.766045 0.000000 0.642787 0.766045 0.000000 0.642787 0.766045 0.000000 0.642788 0.766044 0.000000 0.642788 0.766045 0.000000 0.642788 0.766045 0.000000 0.642788 0.642788 0.000000 -0.766045 0.642788 0.000000 -0.766044 0.642788 0.000000 -0.766044 0.642788 0.000000 -0.766045 0.642788 0.000000 -0.766044 0.642788 0.000000 -0.766044 0.642788 0.000000 -0.766044 0.642788 0.000000 -0.766044 0.642787 0.000000 -0.766045 0.642787 0.000000 -0.766045 0.642788 0.000000 -0.766045 0.642788 0.000000 -0.766045 
						-0.766044 0.000000 -0.642788 -0.766045 -0.000000 -0.642788 -0.766044 -0.000000 -0.642788 -0.766044 0.000000 -0.642788 -0.766045 -0.000000 -0.642787 -0.766045 -0.000000 -0.642787 -0.766045 -0.000000 -0.642787 -0.766045 -0.000000 -0.642787 -0.766045 -0.000000 -0.642787 -0.766045 -0.000000 -0.642787 -0.766044 -0.000000 -0.642788 -0.766044 -0.000000 -0.642788 -0.766045 -0.000000 -0.642788 -0.766044 -0.000000 -0.642788 -0.766044 -0.000000 -0.642788 -0.766045 -0.000000 -0.642788 0.642788 0.000000 -0.766044 0.642788 0.000000 -0.766044 0.642788 0.000000 -0.766044 0.642788 0.000000 -0.766044 0.766044 0.000000 0.642788 0.766044 0.000001 0.642788 0.766044 0.000001 0.642788 0.766044 0.000000 0.642788 -0.642787 -0.000000 0.766045 -0.642787 -0.000000 0.766045 -0.642787 -0.000000 0.766045 -0.642787 -0.000000 0.766045 0.000000 -1.000000 -0.000000 0.000000 -1.000000 -0.000000 0.000000 -1.000000 -0.000000 0.000000 -1.000000 -0.000000 -0.000005 1.000000 -0.000000 -0.000005 1.000000 -0.000000 -0.000005 1.000000 -0.000000 -0.000005 1.000000 -0.000000 -0.642787 -0.000000 0.766045 -0.642787 -0.000000 0.766045 -0.642787 -0.000000 0.766045 -0.642787 -0.000000 0.766045 -0.642788 -0.000000 0.766045 -0.642788 -0.000000 0.766045 -0.642788 -0.000000 0.766044 -0.642788 -0.000000 0.766044 -0.642788 -0.000000 0.766045 -0.642788 -0.000000 0.766045 -0.642787 -0.000000 0.766045 -0.642787 -0.000000 0.766045 0.766045 0.000000 0.642787 0.766045 0.000000 0.642787 0.766045 0.000000 0.642787 0.766045 0.000000 0.642787 0.766045 0.000000 0.642787 0.766045 0.000000 0.642787 0.766045 0.000000 0.642787 0.766045 0.000000 0.642787 0.766045 0.000000 0.642787 0.766045 0.000000 0.642787 0.766045 0.000000 0.642787 0.766045 0.000000 0.642787 0.642787 0.000000 -0.766045 0.642787 0.000000 -0.766045 0.642787 0.000000 -0.766045 0.642787 0.000000 -0.766045 
						0.642787 0.000000 -0.766045 0.642787 0.000000 -0.766045 0.642788 0.000000 -0.766044 0.642788 0.000000 -0.766044 0.642788 0.000000 -0.766044 0.642788 0.000000 -0.766044 0.642788 0.000000 -0.766044 0.642788 0.000000 -0.766044 -0.766045 -0.000000 -0.642787 -0.766045 -0.000000 -0.642787 -0.766045 -0.000000 -0.642787 -0.766045 -0.000000 -0.642787 -0.766045 -0.000000 -0.642788 -0.766045 -0.000000 -0.642788 -0.766044 -0.000000 -0.642788 -0.766044 -0.000000 -0.642788 -0.766044 -0.000000 -0.642788 -0.766044 -0.000000 -0.642788 -0.766045 -0.000000 -0.642788 -0.766045 -0.000000 -0.642788 -0.766045 -0.000000 -0.642788 -0.766044 -0.000000 -0.642788 -0.766044 -0.000000 -0.642788 -0.766045 -0.000000 -0.642787 0.642787 0.000000 -0.766045 0.642787 0.000000 -0.766045 0.642787 0.000000 -0.766045 0.642787 0.000000 -0.766045 0.766044 0.000000 0.642788 0.766044 0.000000 0.642788 0.766044 0.000000 0.642788 0.766044 0.000000 0.642788 -0.642787 -0.000000 0.766045 -0.642787 -0.000000 0.766045 -0.642787 -0.000000 0.766045 -0.642787 -0.000000 0.766045 -0.766045 -0.000000 -0.642787 -0.766045 -0.000000 -0.642787 -0.766045 -0.000000 -0.642787 -0.766045 -0.000000 -0.642787 0.642787 0.000000 -0.766045 0.642787 0.000000 -0.766045 0.642787 0.000000 -0.766045 0.642787 0.000000 -0.766045 0.766044 0.000000 0.642788 0.766044 0.000000 0.642788 0.766044 0.000000 0.642788 0.766044 0.000000 0.642788 -0.642789 -0.000000 0.766043 -0.642790 -0.000000 0.766043 -0.642790 -0.000000 0.766043 -0.642789 -0.000000 0.766043 -0.642788 -0.000000 0.766044 -0.642788 -0.000000 0.766044 -0.642788 -0.000000 0.766044 -0.642788 -0.000000 0.766044 -0.642789 -0.000000 0.766043 -0.642789 -0.000000 0.766043 -0.642790 -0.000000 0.766043 -0.642790 -0.000000 0.766043 -0.642789 -0.000000 0.766043 -0.642789 -0.000000 0.766043 0.766044 0.000000 0.642788 0.766044 0.000000 0.642788 
						0.766044 0.000000 0.642788 0.766044 0.000000 0.642788 0.766044 0.000000 0.642788 0.766044 0.000000 0.642788 0.766044 0.000000 0.642788 0.766044 0.000000 0.642788 0.766044 0.000000 0.642788 0.766044 0.000000 0.642788 0.642787 0.000000 -0.766045 0.642787 0.000000 -0.766045 0.642787 0.000000 -0.766045 0.642787 0.000000 -0.766045 0.642787 0.000000 -0.766045 0.642787 0.000000 -0.766045 0.642787 0.000000 -0.766045 0.642787 0.000000 -0.766045 0.642787 0.000000 -0.766045 0.642787 0.000000 -0.766045 -0.766044 -0.000000 -0.642788 -0.766044 -0.000000 -0.642788 -0.766044 -0.000000 -0.642788 -0.766044 -0.000000 -0.642788 -0.766044 -0.000000 -0.642788 -0.766044 -0.000000 -0.642788 -0.766045 -0.000000 -0.642787 -0.766045 -0.000000 -0.642787 -0.766045 -0.000000 -0.642787 -0.766045 -0.000000 -0.642787 -0.642787 -0.000001 0.766045 -0.642787 -0.000000 0.766045 -0.642787 -0.000000 0.766045 -0.642787 -0.000001 0.766045 -0.642787 -0.000000 0.766045 -0.642787 -0.000000 0.766045 -0.642787 -0.000000 0.766045 -0.642787 -0.000000 0.766045 -0.642788 -0.000000 0.766045 -0.642788 -0.000000 0.766045 0.766044 0.000000 0.642788 0.766044 0.000000 0.642788 0.766044 0.000000 0.642788 0.766044 0.000000 0.642788 0.766044 0.000000 0.642788 0.766044 0.000000 0.642788 0.766044 0.000000 0.642788 0.766044 0.000000 0.642788 0.766044 0.000000 0.642788 0.766044 0.000000 0.642788 0.642788 0.000000 -0.766044 0.642788 0.000000 -0.766044 0.642788 0.000000 -0.766044 0.642788 0.000000 -0.766044 0.642787 0.000000 -0.766045 0.642787 0.000000 -0.766045 0.642787 0.000000 -0.766045 0.642787 0.000000 -0.766045 0.642787 0.000000 -0.766045 0.642787 0.000000 -0.766045 -0.766045 -0.000000 -0.642788 -0.766044 -0.000000 -0.642788 -0.766044 -0.000000 -0.642788 -0.766045 -0.000000 -0.642788 -0.766044 -0.000000 -0.642788 -0.766044 -0.000000 -0.642788 
						-0.766045 -0.000000 -0.642788 -0.766045 -0.000000 -0.642788 -0.766045 -0.000000 -0.642787 -0.766045 -0.000000 -0.642787 -0.642788 -0.000000 0.766044 -0.642788 -0.000000 0.766045 -0.642788 -0.000000 0.766045 -0.642788 -0.000000 0.766045 -0.000000 1.000000 0.000000 -0.000000 1.000000 0.000000 -0.000000 1.000000 0.000000 -0.000000 1.000000 0.000000 -0.707107 0.000000 -0.707107 -0.707107 0.000000 -0.707107 -0.707107 0.000000 -0.707107 -0.707107 0.000000 -0.707107 0.000000 -1.000000 -0.000000 0.000000 -1.000000 -0.000000 0.000000 -1.000000 -0.000000 0.000000 -1.000000 -0.000000 0.707107 0.000000 0.707107 0.707107 0.000000 0.707107 0.707107 0.000000 0.707107 0.707107 0.000000 0.707107 0.707106 0.000000 0.707107 0.707107 0.000000 0.707107 0.707107 0.000000 0.707107 0.707106 0.000000 0.707107 0.707108 0.000000 0.707106 0.707107 0.000000 0.707106 0.707107 0.000000 0.707106 0.707107 0.000000 0.707106 0.707107 0.000000 0.707107 0.707107 0.000000 0.707107 0.707107 0.000000 0.707107 0.707107 0.000000 0.707107 0.000000 -1.000000 -0.000000 0.000000 -1.000000 -0.000000 0.000000 -1.000000 -0.000000 0.000000 -1.000000 -0.000000 0.000000 -1.000000 -0.000000 0.000000 -1.000000 -0.000000 0.000000 -1.000000 -0.000000 0.000000 -1.000000 -0.000000 0.000000 -1.000000 -0.000000 0.000000 -1.000000 -0.000000 0.000000 -1.000000 -0.000000 0.000000 -1.000000 -0.000000 -0.707107 0.000000 -0.707106 -0.707107 0.000000 -0.707106 -0.707107 0.000000 -0.707106 -0.707107 0.000000 -0.707106 -0.707107 0.000000 -0.707107 -0.707107 0.000000 -0.707107 -0.707107 0.000000 -0.707107 -0.707107 0.000000 -0.707107 -0.707107 0.000000 -0.707107 -0.707107 0.000000 -0.707107 -0.707107 0.000000 -0.707107 -0.707107 0.000000 -0.707107 -0.000000 1.000000 0.000000 -0.000000 1.000000 -0.000000 -0.000000 1.000000 -0.000000 -0.000000 1.000000 0.000000 
						-0.000000 1.000000 -0.000000 -0.000000 1.000000 -0.000000 -0.000000 1.000000 0.000000 -0.000000 1.000000 0.000000 -0.000001 1.000000 -0.000000 -0.000001 1.000000 -0.000000 -0.000000 1.000000 -0.000000 -0.000000 1.000000 -0.000000 -0.000001 1.000000 0.000000 -0.000001 1.000000 0.000000 -0.000001 1.000000 0.000000 -0.000001 1.000000 0.000000 -0.707107 0.000000 -0.707107 -0.707107 0.000000 -0.707106 -0.707107 0.000000 -0.707106 -0.707107 0.000000 -0.707106 0.000000 -1.000000 -0.000000 0.000000 -1.000000 -0.000000 0.000000 -1.000000 -0.000000 0.000000 -1.000000 -0.000000 0.707107 0.000001 0.707107 0.707107 0.000000 0.707107 0.707107 0.000000 0.707107 0.707107 0.000001 0.707107 0.707107 0.000000 0.707107 0.707107 0.000000 0.707106 0.707107 0.000000 0.707106 0.707107 0.000000 0.707107 0.707107 0.000000 0.707106 0.707107 0.000000 0.707106 0.707107 0.000000 0.707107 0.707107 0.000000 0.707107 0.707107 0.000001 0.707106 0.707107 0.000001 0.707106 0.707107 0.000002 0.707106 0.707107 0.000002 0.707106 0.000000 -1.000000 -0.000000 0.000000 -1.000000 -0.000000 0.000000 -1.000000 -0.000000 0.000000 -1.000000 -0.000000 0.000000 -1.000000 -0.000000 0.000000 -1.000000 -0.000000 -0.000000 -1.000000 -0.000000 0.000000 -1.000000 -0.000000 -0.000000 -1.000000 -0.000000 -0.000000 -1.000000 -0.000000 -0.000000 -1.000000 0.000000 -0.000000 -1.000000 0.000000 -0.707107 0.000000 -0.707107 -0.707107 0.000000 -0.707107 -0.707107 0.000000 -0.707107 -0.707107 0.000000 -0.707107 -0.707107 -0.000000 -0.707106 -0.707107 -0.000000 -0.707106 -0.707107 -0.000001 -0.707106 -0.707107 -0.000001 -0.707106 -0.707107 -0.000000 -0.707107 -0.707107 -0.000000 -0.707107 -0.707107 0.000000 -0.707107 -0.707107 0.000000 -0.707107 0.000000 1.000000 0.000000 0.000000 1.000000 0.000000 0.000000 1.000000 0.000000 0.000000 1.000000 0.000000 
						-0.000000 1.000000 0.000000 -0.000000 1.000000 0.000000 -0.000000 1.000000 0.000000 -0.000000 1.000000 0.000000 0.000000 1.000000 0.000000 0.000000 1.000000 0.000000 0.000000 1.000000 0.000000 0.000000 1.000000 0.000000 -0.000001 1.000000 0.000000 -0.000001 1.000000 0.000000 -0.000001 1.000000 0.000000 -0.000001 1.000000 0.000000 -0.707107 0.000000 -0.707107 -0.707107 0.000000 -0.707107 -0.707107 0.000000 -0.707107 -0.707107 0.000000 -0.707107 0.000000 -1.000000 -0.000000 0.000000 -1.000000 0.000000 0.000000 -1.000000 0.000000 0.000000 -1.000000 -0.000000 0.707107 0.000000 0.707107 0.707107 0.000000 0.707107 0.707107 0.000000 0.707107 0.707107 0.000000 0.707107 0.707107 0.000000 0.707106 0.707107 0.000000 0.707106 0.707107 0.000000 0.707106 0.707107 0.000000 0.707106 0.707107 0.000000 0.707106 0.707107 0.000000 0.707106 0.707107 0.000000 0.707106 0.707107 0.000000 0.707106 0.707107 0.000000 0.707107 0.707107 0.000000 0.707107 0.707107 0.000000 0.707107 0.707107 0.000000 0.707107 0.000000 -1.000000 -0.000000 0.000000 -1.000000 -0.000000 0.000000 -1.000000 -0.000000 0.000000 -1.000000 -0.000000 -0.000001 -1.000000 -0.000000 -0.000001 -1.000000 -0.000000 -0.000001 -1.000000 -0.000000 -0.000001 -1.000000 -0.000000 0.000001 -1.000000 -0.000000 0.000001 -1.000000 -0.000000 0.000001 -1.000000 -0.000001 0.000001 -1.000000 -0.000001 -0.707107 0.000000 -0.707107 -0.707107 0.000000 -0.707106 -0.707107 0.000000 -0.707106 -0.707107 0.000000 -0.707107 -0.707107 0.000000 -0.707106 -0.707107 0.000000 -0.707106 -0.707107 0.000000 -0.707107 -0.707107 0.000000 -0.707107 -0.707107 0.000000 -0.707107 -0.707107 0.000000 -0.707107 -0.707107 0.000000 -0.707106 -0.707107 0.000000 -0.707106 0.000001 1.000000 0.000000 0.000001 1.000000 0.000000 0.000001 1.000000 0.000000 0.000001 1.000000 0.000000 
						0.000000 1.000000 0.000000 0.000000 1.000000 0.000000 0.000000 1.000000 0.000000 0.000000 1.000000 0.000000 -0.000001 1.000000 0.000000 -0.000001 1.000000 0.000000 -0.000001 1.000000 0.000001 -0.000001 1.000000 0.000001 0.000000 1.000000 0.000000 0.000000 1.000000 0.000000 0.000000 1.000000 0.000000 0.000000 1.000000 0.000000 -0.707107 -0.000002 -0.707106 -0.707108 -0.000001 -0.707105 -0.707108 -0.000001 -0.707105 -0.707107 -0.000002 -0.707106 -0.000001 -1.000000 0.000000 0.000000 -1.000000 0.000000 0.000000 -1.000000 0.000000 -0.000001 -1.000000 0.000000 0.707108 0.000001 0.707106 0.707108 0.000001 0.707106 0.707108 0.000001 0.707106 0.707108 0.000001 0.707106 0.707106 0.000000 0.707108 0.707107 0.000000 0.707107 0.707107 0.000000 0.707107 0.707106 0.000000 0.707108 0.707108 -0.000000 0.707106 0.707108 -0.000000 0.707106 0.707108 -0.000001 0.707106 0.707108 -0.000001 0.707106 0.707107 -0.000001 0.707106 0.707107 -0.000001 0.707106 0.707108 0.000000 0.707106 0.707108 0.000000 0.707106 0.000002 -1.000000 0.000000 0.000001 -1.000000 0.000000 0.000001 -1.000000 0.000000 0.000002 -1.000000 0.000000 0.000000 -1.000000 0.000000 0.000000 -1.000000 0.000000 -0.000001 -1.000000 0.000000 -0.000001 -1.000000 0.000000 0.000000 -1.000000 -0.000001 -0.000000 -1.000000 -0.000001 -0.000000 -1.000000 -0.000001 0.000000 -1.000000 -0.000001 -0.707108 -0.000002 -0.707106 -0.707107 -0.000002 -0.707106 -0.707107 -0.000002 -0.707106 -0.707108 -0.000002 -0.707106 -0.707107 -0.000003 -0.707106 -0.707107 -0.000003 -0.707106 -0.707106 -0.000004 -0.707107 -0.707106 -0.000004 -0.707107 -0.707106 -0.000004 -0.707107 -0.707106 -0.000004 -0.707107 -0.707107 -0.000004 -0.707107 -0.707107 -0.000004 -0.707107 0.000000 1.000000 0.000000 0.000000 1.000000 0.000000 0.000000 1.000000 0.000000 0.000000 1.000000 0.000000 
						-0.000001 1.000000 0.000000 -0.000001 1.000000 0.000000 -0.000002 1.000000 0.000000 -0.000002 1.000000 0.000000 -0.000002 1.000000 0.000001 -0.000002 1.000000 0.000001 -0.000001 1.000000 0.000001 -0.000001 1.000000 0.000001 0.000001 1.000000 0.000000 0.000002 1.000000 0.000000 0.000002 1.000000 0.000000 0.000001 1.000000 0.000000 -0.707107 0.000000 -0.707106 -0.707108 0.000000 -0.707105 -0.707108 0.000000 -0.707105 -0.707107 0.000000 -0.707106 0.000000 -1.000000 0.000000 0.000000 -1.000000 0.000000 0.000000 -1.000000 0.000000 0.000000 -1.000000 0.000000 0.707107 0.000000 0.707107 0.707106 0.000000 0.707107 0.707106 0.000000 0.707107 0.707107 0.000000 0.707107 0.707106 0.000000 0.707107 0.707107 0.000000 0.707107 0.707107 0.000000 0.707107 0.707106 0.000000 0.707107 0.707107 0.000000 0.707106 0.707107 0.000000 0.707106 0.707107 0.000000 0.707107 0.707107 0.000000 0.707107 0.707107 0.000000 0.707107 0.707107 0.000000 0.707107 0.707107 0.000000 0.707106 0.707107 0.000000 0.707106 -0.000002 -1.000000 0.000000 -0.000001 -1.000000 0.000000 -0.000001 -1.000000 0.000000 -0.000002 -1.000000 0.000000 -0.000001 -1.000000 0.000000 -0.000001 -1.000000 0.000000 -0.000002 -1.000000 0.000000 -0.000002 -1.000000 0.000000 -0.000002 -1.000000 -0.000000 -0.000002 -1.000000 -0.000000 -0.000001 -1.000000 -0.000000 -0.000001 -1.000000 -0.000000 -0.707106 0.000000 -0.707107 -0.707107 0.000000 -0.707107 -0.707107 0.000000 -0.707107 -0.707106 0.000000 -0.707107 -0.707107 0.000000 -0.707106 -0.707107 0.000000 -0.707106 -0.707107 0.000000 -0.707106 -0.707107 0.000000 -0.707106 -0.707107 0.000000 -0.707107 -0.707107 0.000000 -0.707107 -0.707107 0.000000 -0.707107 -0.707107 0.000000 -0.707107 0.000000 1.000000 0.000000 -0.000001 1.000000 0.000000 -0.000001 1.000000 0.000000 0.000000 1.000000 0.000000 
						-0.000000 1.000000 0.000000 0.000000 1.000000 0.000000 0.000001 1.000000 0.000000 0.000001 1.000000 0.000000 -0.000001 1.000000 0.000000 -0.000001 1.000000 0.000000 -0.000001 1.000000 0.000000 -0.000001 1.000000 0.000000 0.000000 1.000000 0.000000 0.000000 1.000000 0.000000 0.000000 1.000000 0.000000 0.000000 1.000000 0.000000 -0.707106 0.000000 -0.707107 -0.707107 0.000000 -0.707107 -0.707107 0.000000 -0.707107 -0.707106 0.000000 -0.707107 0.000000 -1.000000 0.000000 0.000000 -1.000000 0.000000 0.000000 -1.000000 0.000000 0.000000 -1.000000 0.000000 0.707106 0.000001 0.707108 0.707106 0.000001 0.707108 0.707106 0.000001 0.707108 0.707106 0.000001 0.707108 0.707108 0.000000 0.707106 0.707108 0.000000 0.707106 0.707108 0.000000 0.707106 0.707108 0.000000 0.707106 0.707108 0.000000 0.707105 0.707108 0.000000 0.707105 0.707108 0.000000 0.707105 0.707108 0.000000 0.707105 0.707107 0.000000 0.707106 0.707107 0.000000 0.707106 0.707106 0.000000 0.707107 0.707106 0.000000 0.707108 0.000003 -1.000000 0.000000 0.000003 -1.000000 0.000000 0.000003 -1.000000 0.000000 0.000003 -1.000000 0.000000 0.000003 -1.000000 0.000000 0.000003 -1.000000 0.000000 0.000003 -1.000000 0.000000 0.000003 -1.000000 0.000000 0.000001 -1.000000 -0.000000 0.000001 -1.000000 -0.000000 0.000000 -1.000000 -0.000000 0.000000 -1.000000 -0.000000 -0.707108 0.000000 -0.707106 -0.707108 0.000000 -0.707106 -0.707108 0.000000 -0.707106 -0.707108 0.000000 -0.707106 -0.707108 0.000000 -0.707106 -0.707108 0.000000 -0.707106 -0.707108 0.000000 -0.707106 -0.707108 0.000000 -0.707106 -0.707107 0.000000 -0.707107 -0.707107 0.000000 -0.707107 -0.707106 0.000000 -0.707108 -0.707106 0.000000 -0.707108 0.000000 1.000000 0.000000 0.000000 1.000000 0.000000 0.000000 1.000000 0.000000 0.000000 1.000000 0.000000 
						0.000000 1.000000 0.000000 0.000000 1.000000 0.000000 0.000000 1.000000 0.000000 0.000000 1.000000 0.000000 -0.000001 1.000000 0.000000 -0.000001 1.000000 0.000000 -0.000001 1.000000 0.000000 -0.000001 1.000000 0.000000 -0.707107 -0.000000 0.707107 -0.707107 -0.000000 0.707107 -0.707107 -0.000000 0.707107 -0.707107 -0.000000 0.707107 -0.707107 -0.000000 -0.707107 -0.707107 -0.000000 -0.707107 -0.707107 -0.000000 -0.707107 -0.707107 -0.000000 -0.707107 0.707107 0.000000 -0.707107 0.707107 0.000000 -0.707107 0.707107 0.000000 -0.707107 0.707107 0.000000 -0.707107 0.707107 0.000000 0.707107 0.707107 0.000001 0.707107 0.707107 0.000001 0.707107 0.707107 0.000000 0.707107 0.000000 -1.000000 0.000000 0.000000 -1.000000 0.000000 0.000000 -1.000000 0.000000 0.000000 -1.000000 0.000000 0.000000 1.000000 0.000000 0.000000 1.000000 0.000000 0.000000 1.000000 0.000000 0.000000 1.000000 0.000000 0.707107 0.000000 0.707107 0.707107 0.000000 0.707107 0.707107 0.000000 0.707107 0.707107 0.000000 0.707107 0.707107 0.000000 0.707107 0.707107 0.000000 0.707107 0.707107 0.000000 0.707107 0.707107 0.000000 0.707107 0.707107 0.000000 0.707107 0.707107 0.000000 0.707107 0.707107 0.000000 0.707107 0.707107 0.000000 0.707107 0.707106 0.000000 -0.707107 0.707107 0.000000 -0.707107 0.707107 0.000000 -0.707107 0.707106 0.000000 -0.707107 0.707107 0.000000 -0.707107 0.707107 0.000000 -0.707107 0.707107 0.000000 -0.707107 0.707107 0.000000 -0.707107 0.707107 0.000000 -0.707107 0.707107 0.000000 -0.707107 0.707107 0.000000 -0.707107 0.707107 0.000000 -0.707107 -0.707107 -0.000000 -0.707107 -0.707106 -0.000000 -0.707107 -0.707106 -0.000000 -0.707107 -0.707107 -0.000000 -0.707107 -0.707106 -0.000000 -0.707107 -0.707106 -0.000000 -0.707107 -0.707107 -0.000000 -0.707107 -0.707107 -0.000000 -0.707107 
						-0.707107 -0.000000 -0.707107 -0.707107 -0.000000 -0.707107 -0.707107 -0.000000 -0.707107 -0.707107 -0.000000 -0.707107 -0.707107 -0.000000 0.707107 -0.707107 -0.000000 0.707107 -0.707107 -0.000000 0.707107 -0.707107 -0.000000 0.707107 -0.707107 -0.000000 0.707107 -0.707107 -0.000000 0.707107 -0.707107 -0.000000 0.707107 -0.707106 -0.000000 0.707107 -0.707107 -0.000000 0.707107 -0.707107 -0.000000 0.707107 -0.707107 -0.000000 0.707107 -0.707107 -0.000000 0.707107 -0.707107 -0.000000 0.707107 -0.707106 -0.000000 0.707107 -0.707106 -0.000000 0.707107 -0.707107 -0.000000 0.707107 -0.707107 -0.000000 -0.707107 -0.707107 -0.000000 -0.707107 -0.707107 -0.000000 -0.707107 -0.707107 -0.000000 -0.707107 0.707106 0.000000 -0.707107 0.707106 0.000000 -0.707107 0.707106 0.000000 -0.707107 0.707106 0.000000 -0.707107 0.707107 0.000000 0.707107 0.707107 0.000000 0.707107 0.707107 0.000000 0.707107 0.707106 0.000000 0.707107 0.000000 -1.000000 0.000000 0.000000 -1.000000 0.000000 0.000000 -1.000000 0.000000 0.000000 -1.000000 0.000000 0.000000 1.000000 0.000000 0.000000 1.000000 0.000000 0.000000 1.000000 0.000000 0.000000 1.000000 0.000000 0.707107 0.000000 0.707106 0.707107 0.000000 0.707106 0.707107 0.000000 0.707106 0.707107 0.000000 0.707106 0.707107 0.000000 0.707106 0.707107 0.000000 0.707106 0.707107 0.000000 0.707107 0.707107 0.000000 0.707107 0.707106 0.000000 0.707107 0.707106 0.000000 0.707107 0.707106 0.000000 0.707107 0.707106 0.000000 0.707107 0.707106 0.000000 -0.707107 0.707107 0.000000 -0.707107 0.707107 0.000000 -0.707107 0.707106 0.000000 -0.707107 0.707107 0.000000 -0.707107 0.707107 0.000000 -0.707107 0.707107 0.000000 -0.707107 0.707107 0.000000 -0.707107 0.707106 0.000000 -0.707107 0.707106 0.000000 -0.707107 0.707106 0.000000 -0.707107 0.707106 0.000000 -0.707107 
						-0.707107 -0.000001 -0.707107 -0.707107 -0.000000 -0.707107 -0.707107 -0.000000 -0.707107 -0.707107 -0.000001 -0.707107 -0.707107 -0.000000 -0.707107 -0.707107 -0.000000 -0.707107 -0.707107 -0.000000 -0.707106 -0.707107 -0.000000 -0.707106 -0.707107 -0.000000 -0.707106 -0.707107 -0.000000 -0.707106 -0.707107 -0.000000 -0.707106 -0.707107 -0.000000 -0.707106 -0.707105 0.000000 0.707108 -0.707106 -0.000000 0.707108 -0.707106 -0.000000 0.707108 -0.707105 0.000000 0.707108 -0.707106 -0.000000 0.707107 -0.707106 -0.000000 0.707107 -0.707107 -0.000000 0.707106 -0.707107 -0.000000 0.707106 -0.707107 -0.000000 0.707106 -0.707107 -0.000000 0.707107 -0.707107 -0.000000 0.707107 -0.707107 -0.000000 0.707107 -0.707106 -0.000000 0.707107 -0.707106 -0.000000 0.707107 -0.707106 -0.000000 0.707107 -0.707106 -0.000000 0.707107 -0.707107 -0.000000 -0.707107 -0.707107 -0.000000 -0.707107 -0.707107 -0.000000 -0.707107 -0.707107 -0.000000 -0.707107 0.707106 0.000000 -0.707107 0.707107 0.000000 -0.707107 0.707107 0.000000 -0.707107 0.707106 0.000000 -0.707107 0.707107 0.000000 0.707107 0.707107 0.000000 0.707106 0.707107 0.000000 0.707106 0.707107 0.000000 0.707107 -0.707106 -0.000000 0.707108 -0.707106 -0.000000 0.707108 -0.707106 -0.000000 0.707108 -0.707106 -0.000000 0.707108 -0.707108 -0.000000 -0.707106 -0.707108 -0.000000 -0.707106 -0.707108 -0.000000 -0.707106 -0.707108 -0.000000 -0.707106 0.707106 0.000000 -0.707108 0.707106 0.000000 -0.707108 0.707106 0.000000 -0.707108 0.707106 0.000000 -0.707108 0.707108 0.000000 0.707106 0.707108 0.000000 0.707106 0.707108 0.000000 0.707106 0.707108 0.000000 0.707106 0.707107 0.000000 0.707107 0.707107 0.000000 0.707107 0.707107 0.000000 0.707107 0.707107 0.000000 0.707107 0.707107 0.000000 0.707106 0.707107 0.000000 0.707106 0.707108 0.000000 0.707106 0.707108 0.000000 0.707106 
						0.707108 0.000000 0.707106 0.707108 0.000000 0.707106 0.707106 0.000000 -0.707108 0.707106 0.000000 -0.707107 0.707106 0.000000 -0.707107 0.707106 0.000000 -0.707108 0.707106 0.000000 -0.707107 0.707106 0.000000 -0.707107 0.707106 0.000000 -0.707107 0.707106 0.000000 -0.707107 0.707106 0.000000 -0.707107 0.707106 0.000000 -0.707107 -0.707107 -0.000000 -0.707107 -0.707107 -0.000000 -0.707107 -0.707107 -0.000000 -0.707107 -0.707107 -0.000000 -0.707107 -0.707107 -0.000000 -0.707107 -0.707107 -0.000000 -0.707107 -0.707107 -0.000000 -0.707106 -0.707107 -0.000000 -0.707106 -0.707107 -0.000000 -0.707106 -0.707107 -0.000000 -0.707106 -0.707106 -0.000001 0.707107 -0.707106 -0.000000 0.707107 -0.707106 -0.000000 0.707107 -0.707106 -0.000001 0.707107 -0.707106 0.000000 0.707107 -0.707106 0.000000 0.707107 -0.707107 -0.000000 0.707107 -0.707107 -0.000000 0.707107 -0.707106 -0.000000 0.707107 -0.707106 -0.000000 0.707107 0.707107 0.000000 0.707107 0.707108 0.000000 0.707106 0.707108 0.000000 0.707106 0.707107 0.000000 0.707107 0.707108 0.000000 0.707105 0.707108 0.000000 0.707105 0.707108 0.000000 0.707106 0.707108 0.000000 0.707106 0.707107 0.000000 0.707107 0.707107 0.000000 0.707107 0.707107 0.000000 -0.707107 0.707106 0.000000 -0.707107 0.707106 0.000000 -0.707107 0.707107 0.000000 -0.707107 0.707106 0.000000 -0.707108 0.707106 0.000000 -0.707108 0.707106 0.000000 -0.707107 0.707106 0.000000 -0.707107 0.707106 0.000000 -0.707107 0.707106 0.000000 -0.707107 -0.707107 -0.000001 -0.707107 -0.707107 -0.000000 -0.707107 -0.707107 -0.000000 -0.707107 -0.707107 -0.000001 -0.707107 -0.707106 -0.000000 -0.707107 -0.707106 -0.000000 -0.707107 -0.707106 -0.000000 -0.707108 -0.707106 -0.000000 -0.707108 -0.707107 -0.000000 -0.707107 -0.707107 -0.000000 -0.707107 -0.707107 -0.000000 0.707107 -0.707106 -0.000000 0.707107 
						-0.707106 -0.000000 0.707107 -0.707107 -0.000000 0.707107 -0.707106 -0.000000 0.707108 -0.707106 -0.000000 0.707108 -0.707106 -0.000000 0.707108 -0.707106 -0.000000 0.707108 -0.707106 -0.000000 0.707108 -0.707106 -0.000000 0.707108 0.707107 0.000000 0.707107 0.707107 0.000000 0.707106 0.707107 0.000000 0.707106 0.707107 0.000000 0.707107 -0.000000 1.000000 0.000000 -0.000000 1.000000 -0.000000 -0.000000 1.000000 -0.000000 -0.000000 1.000000 0.000000 0.642787 0.000000 -0.766045 0.642787 0.000000 -0.766045 0.642787 0.000000 -0.766045 0.642787 0.000000 -0.766045 0.000000 -1.000000 0.000000 0.000000 -1.000000 0.000000 0.000000 -1.000000 0.000000 0.000000 -1.000000 0.000000 -0.642788 0.000000 0.766044 -0.642788 0.000000 0.766044 -0.642788 0.000000 0.766044 -0.642788 0.000000 0.766044 -0.642786 0.000000 0.766046 -0.642787 0.000000 0.766045 -0.642787 0.000000 0.766045 -0.642786 0.000000 0.766046 -0.642787 0.000000 0.766045 -0.642787 0.000000 0.766045 -0.642787 0.000000 0.766045 -0.642787 0.000000 0.766045 -0.642787 0.000000 0.766045 -0.642787 0.000000 0.766045 -0.642788 0.000000 0.766045 -0.642787 0.000000 0.766045 0.000000 -1.000000 0.000000 0.000000 -1.000000 -0.000000 0.000000 -1.000000 -0.000000 0.000000 -1.000000 0.000000 0.000000 -1.000000 -0.000000 0.000000 -1.000000 -0.000000 0.000000 -1.000000 -0.000000 0.000000 -1.000000 -0.000000 0.000000 -1.000000 -0.000000 0.000000 -1.000000 -0.000000 0.000000 -1.000000 0.000000 0.000000 -1.000000 0.000000 0.642786 0.000000 -0.766045 0.642788 0.000001 -0.766044 0.642788 0.000001 -0.766044 0.642786 0.000000 -0.766045 0.642788 0.000002 -0.766044 0.642788 0.000002 -0.766044 0.642787 0.000001 -0.766045 0.642787 0.000001 -0.766045 0.642787 0.000000 -0.766045 0.642787 0.000000 -0.766045 0.642787 0.000000 -0.766045 0.642787 0.000000 -0.766045 
						-0.000000 1.000000 0.000000 -0.000000 1.000000 0.000000 -0.000000 1.000000 0.000000 -0.000000 1.000000 0.000000 -0.000000 1.000000 0.000000 -0.000000 1.000000 0.000000 -0.000000 1.000000 0.000000 -0.000000 1.000000 0.000000 -0.000000 1.000000 0.000000 -0.000000 1.000000 0.000000 -0.000000 1.000000 0.000000 -0.000000 1.000000 0.000000 -0.000000 1.000000 -0.000000 0.000000 1.000000 -0.000000 0.000000 1.000000 -0.000000 -0.000000 1.000000 -0.000000 0.642787 0.000000 -0.766045 0.642786 0.000000 -0.766046 0.642786 0.000000 -0.766046 0.642787 0.000000 -0.766045 0.000001 -1.000000 0.000000 0.000001 -1.000000 0.000000 0.000001 -1.000000 0.000000 0.000001 -1.000000 0.000000 -0.642788 0.000000 0.766045 -0.642787 0.000000 0.766045 -0.642787 0.000000 0.766045 -0.642788 0.000000 0.766045 -0.642788 0.000000 0.766044 -0.642788 0.000000 0.766044 -0.642788 0.000000 0.766044 -0.642788 0.000000 0.766044 -0.642788 0.000000 0.766044 -0.642788 0.000000 0.766044 -0.642787 0.000000 0.766045 -0.642787 0.000000 0.766045 -0.642786 0.000000 0.766046 -0.642786 0.000000 0.766046 -0.642787 0.000000 0.766045 -0.642787 0.000000 0.766045 0.000000 -1.000000 0.000000 0.000000 -1.000000 0.000000 0.000000 -1.000000 0.000000 0.000000 -1.000000 0.000000 0.000000 -1.000000 0.000000 0.000000 -1.000000 0.000000 0.000001 -1.000000 0.000000 0.000001 -1.000000 0.000000 0.000000 -1.000000 0.000000 0.000000 -1.000000 0.000000 0.000000 -1.000000 0.000000 0.000000 -1.000000 0.000000 0.642788 0.000000 -0.766044 0.642788 0.000000 -0.766044 0.642788 0.000000 -0.766044 0.642788 0.000000 -0.766044 0.642787 0.000000 -0.766045 0.642787 0.000000 -0.766045 0.642786 0.000000 -0.766046 0.642786 0.000000 -0.766046 0.642787 0.000000 -0.766045 0.642787 0.000000 -0.766045 0.642788 0.000000 -0.766044 0.642788 0.000000 -0.766044 
						0.000000 1.000000 -0.000000 0.000001 1.000000 -0.000000 0.000001 1.000000 -0.000000 0.000000 1.000000 -0.000000 0.000001 1.000000 -0.000000 0.000001 1.000000 -0.000000 0.000000 1.000000 -0.000000 0.000000 1.000000 -0.000000 0.000000 1.000000 -0.000000 0.000000 1.000000 -0.000000 -0.000000 1.000000 -0.000000 -0.000000 1.000000 -0.000000 -0.000000 1.000000 0.000001 -0.000001 1.000000 0.000001 -0.000001 1.000000 0.000001 0.000000 1.000000 0.000001 0.642788 0.000000 -0.766044 0.642787 0.000000 -0.766045 0.642787 0.000000 -0.766045 0.642788 0.000000 -0.766044 0.000001 -1.000000 -0.000001 0.000001 -1.000000 -0.000001 0.000001 -1.000000 -0.000001 0.000001 -1.000000 -0.000001 -0.642788 -0.000001 0.766044 -0.642788 0.000000 0.766044 -0.642788 0.000000 0.766044 -0.642788 -0.000001 0.766044 -0.642788 0.000000 0.766044 -0.642787 0.000000 0.766045 -0.642787 0.000000 0.766045 -0.642788 0.000000 0.766044 -0.642787 0.000000 0.766045 -0.642787 0.000000 0.766045 -0.642787 0.000000 0.766045 -0.642787 0.000000 0.766045 -0.642787 -0.000001 0.766045 -0.642787 -0.000001 0.766045 -0.642787 -0.000001 0.766045 -0.642787 -0.000001 0.766045 0.000000 -1.000000 0.000000 0.000000 -1.000000 0.000000 0.000000 -1.000000 0.000000 0.000000 -1.000000 0.000000 0.000000 -1.000000 0.000000 0.000000 -1.000000 0.000000 0.000000 -1.000000 -0.000000 0.000000 -1.000000 -0.000000 0.000001 -1.000000 -0.000001 0.000001 -1.000000 -0.000001 0.000002 -1.000000 -0.000001 0.000002 -1.000000 -0.000001 0.642788 0.000000 -0.766044 0.642787 0.000000 -0.766045 0.642787 0.000000 -0.766045 0.642788 0.000000 -0.766044 0.642787 0.000000 -0.766045 0.642787 0.000000 -0.766045 0.642787 0.000000 -0.766045 0.642787 0.000000 -0.766045 0.642787 0.000000 -0.766045 0.642787 0.000000 -0.766045 0.642788 0.000000 -0.766044 0.642788 0.000000 -0.766044 
						0.000001 1.000000 0.000000 0.000001 1.000000 0.000000 0.000001 1.000000 0.000000 0.000001 1.000000 0.000000 -0.000001 1.000000 -0.000000 -0.000001 1.000000 -0.000000 -0.000001 1.000000 0.000000 -0.000001 1.000000 0.000000 -0.000001 1.000000 0.000001 -0.000001 1.000000 0.000001 -0.000001 1.000000 0.000001 -0.000001 1.000000 0.000001 -0.000000 1.000000 0.000000 -0.000002 1.000000 0.000000 -0.000002 1.000000 0.000000 -0.000000 1.000000 0.000000 0.642788 0.000000 -0.766044 0.642788 0.000000 -0.766044 0.642788 0.000000 -0.766044 0.642788 0.000000 -0.766044 -0.000001 -1.000000 0.000000 0.000000 -1.000000 0.000000 0.000000 -1.000000 0.000000 -0.000001 -1.000000 0.000000 -0.642787 0.000000 0.766045 -0.642787 0.000000 0.766045 -0.642787 0.000000 0.766045 -0.642787 0.000000 0.766045 -0.642788 -0.000003 0.766044 -0.642788 -0.000004 0.766044 -0.642788 -0.000004 0.766044 -0.642788 -0.000003 0.766044 -0.642788 -0.000005 0.766044 -0.642788 -0.000005 0.766044 -0.642785 -0.000004 0.766046 -0.642785 -0.000004 0.766046 -0.642787 -0.000001 0.766045 -0.642787 -0.000001 0.766045 -0.642788 0.000000 0.766044 -0.642788 0.000000 0.766044 0.000000 -1.000000 0.000000 0.000001 -1.000000 0.000000 0.000001 -1.000000 0.000000 0.000000 -1.000000 0.000000 0.000001 -1.000000 0.000000 0.000001 -1.000000 0.000000 0.000001 -1.000000 0.000000 0.000001 -1.000000 0.000000 0.000002 -1.000000 0.000000 0.000002 -1.000000 0.000000 -0.000000 -1.000000 0.000000 0.000000 -1.000000 0.000000 0.642788 0.000000 -0.766044 0.642787 0.000000 -0.766045 0.642787 0.000000 -0.766045 0.642788 0.000000 -0.766044 0.642787 0.000001 -0.766045 0.642787 0.000001 -0.766045 0.642786 0.000002 -0.766045 0.642786 0.000002 -0.766046 0.642785 0.000001 -0.766046 0.642785 0.000001 -0.766046 0.642787 0.000000 -0.766045 0.642787 0.000000 -0.766045 
						0.000002 1.000000 0.000000 0.000001 1.000000 0.000000 0.000001 1.000000 0.000000 0.000002 1.000000 0.000000 -0.000001 1.000000 0.000000 -0.000001 1.000000 0.000000 -0.000001 1.000000 -0.000000 -0.000001 1.000000 -0.000000 0.000000 1.000000 -0.000000 0.000000 1.000000 -0.000000 0.000001 1.000000 0.000000 0.000001 1.000000 0.000000 -0.000001 1.000000 0.000000 0.000000 1.000000 0.000000 0.000000 1.000000 0.000000 -0.000001 1.000000 0.000000 0.642788 0.000000 -0.766044 0.642786 0.000000 -0.766046 0.642786 0.000000 -0.766046 0.642788 0.000000 -0.766044 -0.000001 -1.000000 0.000000 0.000000 -1.000000 0.000000 0.000000 -1.000000 0.000000 -0.000001 -1.000000 0.000000 -0.642787 0.000000 0.766045 -0.642789 0.000000 0.766044 -0.642789 0.000000 0.766044 -0.642787 0.000000 0.766045 -0.642788 -0.000004 0.766044 -0.642787 -0.000004 0.766045 -0.642787 -0.000004 0.766045 -0.642788 -0.000004 0.766044 -0.642787 -0.000002 0.766045 -0.642787 -0.000002 0.766045 -0.642787 0.000000 0.766045 -0.642787 0.000000 0.766045 -0.642786 0.000000 0.766046 -0.642786 0.000000 0.766046 -0.642786 0.000000 0.766046 -0.642786 0.000000 0.766046 0.000000 -1.000000 0.000000 0.000001 -1.000000 0.000000 0.000001 -1.000000 0.000000 0.000000 -1.000000 0.000000 0.000001 -1.000000 0.000000 0.000001 -1.000000 0.000000 0.000000 -1.000000 0.000000 0.000000 -1.000000 0.000000 0.000000 -1.000000 0.000000 0.000000 -1.000000 0.000000 -0.000001 -1.000000 0.000000 -0.000001 -1.000000 0.000000 0.642787 0.000000 -0.766045 0.642787 0.000000 -0.766045 0.642787 0.000000 -0.766045 0.642787 0.000000 -0.766045 0.642787 0.000000 -0.766045 0.642787 0.000000 -0.766045 0.642787 0.000000 -0.766045 0.642787 0.000000 -0.766045 0.642786 0.000000 -0.766046 0.642786 0.000000 -0.766046 0.642788 0.000000 -0.766044 0.642788 0.000000 -0.766044 
						0.000002 1.000000 0.000000 0.000001 1.000000 0.000000 0.000001 1.000000 0.000000 0.000002 1.000000 0.000000 0.000000 1.000000 0.000000 0.000000 1.000000 0.000000 -0.000001 1.000000 -0.000000 -0.000001 1.000000 -0.000000 -0.000002 1.000000 -0.000000 -0.000002 1.000000 -0.000000 -0.000002 1.000000 0.000000 -0.000002 1.000000 0.000000 0.000000 1.000000 0.000000 0.000000 1.000000 0.000000 0.000000 1.000000 0.000000 0.000000 1.000000 0.000000 0.642785 0.000000 -0.766047 0.642785 0.000000 -0.766047 0.642785 0.000000 -0.766047 0.642785 0.000000 -0.766047 0.000001 -1.000000 0.000000 0.000000 -1.000000 0.000000 0.000000 -1.000000 0.000000 0.000001 -1.000000 0.000000 -0.642787 0.000000 0.766045 -0.642789 0.000000 0.766043 -0.642789 0.000000 0.766043 -0.642787 0.000000 0.766045 -0.642787 0.000000 0.766045 -0.642788 0.000000 0.766044 -0.642788 0.000000 0.766044 -0.642787 0.000000 0.766045 -0.642788 0.000000 0.766044 -0.642788 0.000000 0.766044 -0.642787 0.000000 0.766045 -0.642787 0.000000 0.766045 -0.642786 0.000000 0.766046 -0.642786 0.000000 0.766046 -0.642785 0.000000 0.766047 -0.642785 0.000000 0.766047 0.000000 -1.000000 0.000000 0.000000 -1.000000 0.000000 0.000000 -1.000000 0.000000 0.000000 -1.000000 0.000000 0.000000 -1.000000 0.000000 0.000000 -1.000000 0.000000 0.000000 -1.000000 0.000000 0.000000 -1.000000 0.000000 -0.000001 -1.000000 0.000000 -0.000001 -1.000000 0.000000 0.000000 -1.000000 0.000000 -0.000000 -1.000000 0.000000 0.642787 0.000000 -0.766045 0.642788 0.000000 -0.766044 0.642788 0.000000 -0.766044 0.642787 0.000000 -0.766045 0.642788 0.000000 -0.766044 0.642788 0.000000 -0.766044 0.642788 0.000000 -0.766044 0.642788 0.000000 -0.766044 0.642786 0.000000 -0.766046 0.642786 0.000000 -0.766046 0.642785 0.000000 -0.766047 0.642785 0.000000 -0.766047 
						0.000000 1.000000 0.000000 0.000000 1.000000 0.000000 0.000000 1.000000 0.000000 0.000000 1.000000 0.000000 0.000000 1.000000 0.000000 0.000000 1.000000 0.000000 0.000000 1.000000 -0.000000 0.000000 1.000000 -0.000000 0.000000 1.000000 -0.000000 0.000000 1.000000 -0.000000 0.000000 1.000000 0.000000 0.000000 1.000000 0.000000 -0.766045 -0.000000 -0.642787 -0.766044 -0.000000 -0.642788 -0.766044 -0.000000 -0.642788 -0.766045 -0.000000 -0.642787 0.642787 0.000000 -0.766045 0.642787 0.000000 -0.766045 0.642787 0.000000 -0.766045 0.642787 0.000000 -0.766045 0.766044 0.000000 0.642788 0.766044 0.000000 0.642788 0.766044 0.000000 0.642788 0.766044 0.000000 0.642788 -0.642788 -0.000000 0.766045 -0.642787 -0.000000 0.766045 -0.642787 -0.000000 0.766045 -0.642788 -0.000000 0.766045 0.000000 -1.000000 -0.000000 0.000000 -1.000000 -0.000000 0.000000 -1.000000 -0.000000 0.000000 -1.000000 -0.000000 0.000002 1.000000 0.000000 0.000002 1.000000 0.000000 0.000002 1.000000 0.000000 0.000002 1.000000 0.000000 -0.642786 0.000000 0.766046 -0.642786 -0.000000 0.766046 -0.642786 -0.000000 0.766046 -0.642786 0.000000 0.766046 -0.642787 -0.000001 0.766045 -0.642787 -0.000001 0.766045 -0.642788 -0.000000 0.766044 -0.642788 -0.000000 0.766044 -0.642788 -0.000000 0.766044 -0.642788 -0.000000 0.766044 -0.642788 -0.000000 0.766044 -0.642788 -0.000000 0.766044 0.766045 -0.000000 0.642787 0.766045 0.000000 0.642787 0.766045 0.000000 0.642787 0.766045 -0.000000 0.642787 0.766044 0.000000 0.642788 0.766044 0.000000 0.642788 0.766044 0.000000 0.642788 0.766044 0.000000 0.642788 0.766044 0.000000 0.642788 0.766044 0.000000 0.642788 0.766044 0.000000 0.642788 0.766044 0.000000 0.642788 0.642787 0.000000 -0.766045 0.642787 0.000000 -0.766045 0.642787 0.000000 -0.766045 0.642787 0.000000 -0.766045 
						0.642787 0.000000 -0.766045 0.642787 0.000000 -0.766045 0.642788 0.000001 -0.766044 0.642788 0.000001 -0.766044 0.642789 0.000000 -0.766044 0.642789 0.000000 -0.766044 0.642788 0.000000 -0.766044 0.642788 0.000000 -0.766044 -0.766045 0.000000 -0.642787 -0.766045 -0.000000 -0.642787 -0.766045 -0.000000 -0.642787 -0.766045 0.000000 -0.642787 -0.766044 -0.000000 -0.642788 -0.766044 -0.000000 -0.642788 -0.766044 -0.000000 -0.642788 -0.766044 -0.000000 -0.642788 -0.766045 -0.000000 -0.642787 -0.766045 -0.000000 -0.642787 -0.766045 -0.000000 -0.642787 -0.766045 -0.000000 -0.642787 -0.766046 -0.000000 -0.642786 -0.766046 0.000000 -0.642786 -0.766046 0.000000 -0.642786 -0.766046 -0.000000 -0.642786 0.642786 0.000000 -0.766046 0.642786 0.000000 -0.766046 0.642786 0.000000 -0.766046 0.642786 0.000000 -0.766046 0.766044 0.000000 0.642788 0.766044 -0.000000 0.642788 0.766044 -0.000000 0.642788 0.766044 0.000000 0.642788 -0.642790 -0.000000 0.766043 -0.642790 -0.000000 0.766042 -0.642790 -0.000000 0.766042 -0.642790 -0.000000 0.766043 0.000000 -1.000000 -0.000000 0.000000 -1.000000 -0.000000 0.000000 -1.000000 -0.000000 0.000000 -1.000000 -0.000000 0.000002 1.000000 0.000000 0.000002 1.000000 0.000000 0.000002 1.000000 0.000000 0.000002 1.000000 0.000000 -0.642790 -0.000001 0.766042 -0.642790 -0.000000 0.766042 -0.642790 -0.000000 0.766042 -0.642790 -0.000001 0.766042 -0.642788 -0.000000 0.766044 -0.642789 -0.000000 0.766044 -0.642787 -0.000000 0.766045 -0.642787 -0.000000 0.766045 -0.642787 -0.000000 0.766045 -0.642787 -0.000000 0.766045 -0.642788 -0.000000 0.766044 -0.642788 -0.000000 0.766044 0.766045 0.000000 0.642787 0.766044 0.000000 0.642788 0.766044 0.000000 0.642788 0.766045 0.000000 0.642787 0.766044 0.000000 0.642789 0.766044 -0.000000 0.642789 0.766044 -0.000000 0.642788 0.766044 0.000000 0.642788 
						0.766044 0.000000 0.642788 0.766044 0.000000 0.642788 0.766044 0.000001 0.642788 0.766044 0.000001 0.642788 0.642789 0.000000 -0.766043 0.642788 0.000000 -0.766044 0.642788 0.000000 -0.766044 0.642789 0.000000 -0.766043 0.642786 0.000000 -0.766046 0.642786 0.000000 -0.766046 0.642785 0.000000 -0.766046 0.642785 0.000000 -0.766046 0.642786 0.000000 -0.766046 0.642786 0.000000 -0.766046 0.642786 0.000001 -0.766046 0.642786 0.000001 -0.766046 -0.766043 -0.000001 -0.642789 -0.766043 -0.000001 -0.642789 -0.766043 -0.000001 -0.642789 -0.766043 -0.000001 -0.642789 -0.766043 -0.000000 -0.642789 -0.766043 -0.000000 -0.642789 -0.766043 0.000000 -0.642789 -0.766043 0.000000 -0.642789 -0.766043 -0.000000 -0.642789 -0.766043 -0.000000 -0.642789 -0.766045 -0.000000 -0.642787 -0.766045 -0.000000 -0.642787 -0.766045 -0.000000 -0.642788 -0.766046 -0.000000 -0.642786 -0.766046 -0.000000 -0.642786 -0.766045 -0.000000 -0.642787 0.642786 0.000000 -0.766046 0.642786 0.000000 -0.766046 0.642786 0.000000 -0.766046 0.642786 0.000000 -0.766046 0.766044 0.000000 0.642788 0.766045 -0.000000 0.642787 0.766045 -0.000000 0.642787 0.766044 0.000000 0.642788 -0.642788 -0.000000 0.766044 -0.642788 -0.000000 0.766044 -0.642788 -0.000000 0.766044 -0.642788 -0.000000 0.766044 -0.766041 -0.000000 -0.642791 -0.766041 -0.000000 -0.642792 -0.766041 -0.000000 -0.642792 -0.766042 -0.000000 -0.642791 0.642790 0.000001 -0.766043 0.642791 0.000001 -0.766042 0.642791 0.000001 -0.766042 0.642790 0.000001 -0.766043 0.766045 0.000000 0.642787 0.766046 0.000000 0.642786 0.766046 0.000000 0.642786 0.766045 0.000000 0.642787 -0.642786 -0.000000 0.766046 -0.642786 0.000000 0.766046 -0.642786 0.000000 0.766046 -0.642786 -0.000000 0.766046 -0.642786 -0.000000 0.766046 -0.642786 -0.000000 0.766046 -0.642786 -0.000000 0.766046 -0.642786 -0.000000 0.766046 
						-0.642787 -0.000000 0.766045 -0.642787 -0.000000 0.766045 -0.642787 -0.000000 0.766045 -0.642787 -0.000000 0.766045 -0.642786 -0.000000 0.766045 -0.642787 -0.000000 0.766045 0.766046 0.000000 0.642786 0.766045 0.000000 0.642787 0.766045 0.000000 0.642787 0.766046 0.000000 0.642786 0.766044 0.000000 0.642788 0.766044 0.000000 0.642788 0.766044 -0.000000 0.642788 0.766044 -0.000000 0.642788 0.766044 0.000000 0.642788 0.766044 0.000000 0.642788 0.642792 0.000000 -0.766041 0.642792 0.000000 -0.766041 0.642792 0.000000 -0.766041 0.642792 0.000000 -0.766041 0.642791 0.000000 -0.766041 0.642791 0.000000 -0.766041 0.642790 0.000000 -0.766043 0.642790 0.000000 -0.766043 0.642788 0.000000 -0.766044 0.642788 0.000000 -0.766044 -0.766043 -0.000000 -0.642789 -0.766043 -0.000000 -0.642789 -0.766043 -0.000000 -0.642789 -0.766043 -0.000000 -0.642789 -0.766042 -0.000000 -0.642790 -0.766042 -0.000000 -0.642790 -0.766041 -0.000000 -0.642791 -0.766041 -0.000000 -0.642791 -0.766042 -0.000000 -0.642791 -0.766042 -0.000000 -0.642791 -0.642788 -0.000000 0.766044 -0.642788 -0.000001 0.766044 -0.642788 -0.000001 0.766044 -0.642788 -0.000000 0.766044 -0.642789 -0.000000 0.766044 -0.642788 -0.000000 0.766044 -0.642789 -0.000000 0.766043 -0.642789 -0.000000 0.766043 -0.642789 -0.000000 0.766043 -0.642789 -0.000000 0.766043 0.766043 0.000001 0.642789 0.766043 0.000000 0.642789 0.766043 0.000000 0.642789 0.766043 0.000001 0.642789 0.766043 0.000000 0.642789 0.766043 0.000000 0.642789 0.766043 0.000000 0.642789 0.766043 0.000000 0.642789 0.766043 0.000000 0.642790 0.766043 0.000000 0.642790 0.642787 0.000000 -0.766045 0.642786 0.000001 -0.766046 0.642786 0.000001 -0.766046 0.642787 0.000000 -0.766045 0.642784 0.000001 -0.766047 0.642784 0.000001 -0.766047 0.642783 0.000000 -0.766048 0.642783 0.000000 -0.766048 
						0.642785 0.000000 -0.766047 0.642785 0.000000 -0.766047 -0.766043 0.000000 -0.642789 -0.766044 -0.000000 -0.642788 -0.766044 -0.000000 -0.642788 -0.766043 0.000000 -0.642789 -0.766046 -0.000000 -0.642785 -0.766046 -0.000000 -0.642785 -0.766047 -0.000000 -0.642785 -0.766047 -0.000000 -0.642785 -0.766045 -0.000000 -0.642787 -0.766045 -0.000000 -0.642787 -0.642788 -0.000000 0.766044 -0.642788 -0.000000 0.766044 -0.642788 -0.000000 0.766044 -0.642788 -0.000000 0.766044 0.984163 0.000000 -0.177264 0.984163 0.000000 -0.177264 0.984163 0.000000 -0.177264 0.984163 0.000000 -0.177264 -0.712499 0.000000 0.701673 -0.712499 0.000000 0.701673 -0.712499 0.000000 0.701673 -0.712499 0.000000 0.701673 -0.984163 0.000000 0.177264 -0.984163 0.000000 0.177264 -0.984163 0.000000 0.177264 -0.984163 0.000000 0.177264 0.000001 1.000000 0.000000 0.000001 1.000000 0.000000 0.000001 1.000000 0.000000 0.000001 1.000000 0.000000 0.000001 1.000000 0.000000 0.000000 1.000000 0.000000 -0.645596 0.000000 -0.763679 -0.645596 0.000000 -0.763679 -0.645596 0.000000 -0.763679 -0.645596 0.000000 -0.763679 0.338567 0.000000 -0.940942 0.338567 0.000000 -0.940942 0.338567 0.000000 -0.940942 0.338567 0.000000 -0.940942 0.000002 -1.000000 0.000000 0.000002 -1.000000 0.000000 0.000005 -1.000000 0.000000 0.000003 -1.000000 0.000000 0.000002 -1.000000 0.000000 0.000002 -1.000000 0.000000 0.338567 0.000000 -0.940942 0.338567 0.000000 -0.940942 0.338567 0.000000 -0.940942 0.338567 0.000000 -0.940942 -0.645596 0.000000 -0.763679 -0.645596 0.000000 -0.763679 -0.645596 0.000000 -0.763679 -0.645596 0.000000 -0.763679 -0.984163 0.000000 0.177263 -0.984163 0.000000 0.177264 -0.984163 0.000000 0.177264 -0.984163 0.000000 0.177263 -0.338567 0.000000 0.940942 -0.338567 0.000000 0.940942 -0.338567 0.000000 0.940942 -0.338567 0.000000 0.940942 
						0.984163 0.000000 -0.177264 0.984163 0.000000 -0.177264 0.984163 0.000000 -0.177264 0.984163 0.000000 -0.177264 0.711922 0.000000 0.702258 0.711922 0.000000 0.702258 0.711922 0.000000 0.702258 0.711922 0.000000 0.702258 0.711921 0.000000 0.702259 0.711921 0.000000 0.702259 0.711921 0.000000 0.702259 0.711921 0.000000 0.702259 0.000008 -1.000000 0.000000 0.000008 -1.000000 0.000000 -0.000013 1.000000 0.000000 -0.000013 1.000000 0.000000 -0.000013 1.000000 0.000000 -0.000013 1.000000 0.000000 0.000000 1.000000 0.000000 0.000000 1.000000 0.000000 0.000019 -1.000000 0.000000 0.000019 -1.000000 0.000000 0.000019 -1.000000 0.000000 0.000019 -1.000000 0.000000 -0.712501 0.000000 0.701671 -0.712501 0.000000 0.701671 -0.712501 0.000000 0.701671 -0.712501 0.000000 0.701671 -0.980341 0.000000 0.197313 -0.980341 0.000000 0.197313 -0.980341 0.000000 0.197313 -0.980341 0.000000 0.197313 0.698029 0.000000 -0.716069 0.698029 0.000000 -0.716069 0.698029 0.000000 -0.716069 0.698029 0.000000 -0.716069 0.980341 0.000000 -0.197313 0.980341 0.000000 -0.197313 0.980341 0.000000 -0.197313 0.980341 0.000000 -0.197313 -0.000001 1.000000 0.000000 -0.000001 1.000000 0.000000 -0.000001 1.000000 0.000000 -0.000001 1.000000 0.000000 -0.000000 1.000000 0.000000 0.000000 1.000000 0.000000 0.661048 0.000000 0.750344 0.661047 0.000000 0.750344 0.661047 0.000000 0.750344 0.661048 0.000000 0.750344 -0.319287 0.000000 0.947658 -0.319287 0.000000 0.947658 -0.319287 0.000000 0.947658 -0.319287 0.000000 0.947658 -0.000002 -1.000000 0.000000 -0.000002 -1.000000 0.000000 0.000001 -1.000000 0.000000 -0.000001 -1.000000 0.000000 -0.000002 -1.000000 0.000000 -0.000002 -1.000000 0.000000 -0.319287 0.000000 0.947658 -0.319287 0.000000 0.947658 -0.319287 0.000000 0.947658 -0.319287 0.000000 0.947658 
						0.661048 0.000000 0.750344 0.661048 0.000000 0.750344 0.661048 0.000000 0.750344 0.661048 0.000000 0.750344 0.980341 0.000000 -0.197313 0.980341 0.000000 -0.197313 0.980341 0.000000 -0.197313 0.980341 0.000000 -0.197313 0.319285 0.000000 -0.947659 0.319285 0.000000 -0.947659 0.319285 0.000000 -0.947659 0.319285 0.000000 -0.947659 -0.980341 0.000000 0.197313 -0.980341 0.000000 0.197313 -0.980341 0.000000 0.197313 -0.980341 0.000000 0.197313 -0.726110 0.000000 -0.687579 -0.726110 0.000000 -0.687579 -0.726110 0.000000 -0.687579 -0.726110 0.000000 -0.687579 -0.726110 0.000000 -0.687579 -0.726110 0.000000 -0.687579 -0.726110 0.000000 -0.687579 -0.726110 0.000000 -0.687579 0.000004 -1.000000 0.000000 0.000004 -1.000000 0.000000 0.000002 1.000000 0.000000 0.000002 1.000000 0.000000 0.000002 1.000000 0.000000 0.000002 1.000000 0.000000 0.000001 1.000000 0.000000 0.000001 1.000000 0.000000 0.000005 -1.000000 0.000000 0.000005 -1.000000 0.000000 0.000005 -1.000000 0.000000 0.000005 -1.000000 0.000000 0.698029 0.000000 -0.716069 0.698029 0.000000 -0.716069 0.698029 0.000000 -0.716069 0.698029 0.000000 -0.716069 -0.980341 0.000000 0.197312 -0.980341 0.000000 0.197312 -0.980341 0.000000 0.197312 -0.980341 0.000000 0.197312 0.698030 0.000000 -0.716068 0.698030 0.000000 -0.716068 0.698030 0.000000 -0.716068 0.698030 0.000000 -0.716068 0.980341 0.000000 -0.197312 0.980341 0.000000 -0.197312 0.980341 0.000000 -0.197312 0.980341 0.000000 -0.197312 -0.000006 1.000000 0.000000 -0.000006 1.000000 0.000000 -0.000006 1.000000 0.000000 -0.000006 1.000000 0.000000 -0.000006 1.000000 0.000000 -0.000006 1.000000 0.000000 0.661048 0.000000 0.750343 0.661048 0.000000 0.750343 0.661048 0.000000 0.750343 0.661048 0.000000 0.750343 -0.319287 0.000000 0.947658 -0.319286 0.000000 0.947658 
						-0.319286 0.000000 0.947658 -0.319287 0.000000 0.947658 0.000000 -1.000000 0.000000 0.000000 -1.000000 0.000000 -0.000002 -1.000000 0.000000 -0.000001 -1.000000 0.000000 0.000000 -1.000000 0.000000 0.000000 -1.000000 0.000000 -0.319288 0.000000 0.947658 -0.319288 0.000000 0.947658 -0.319288 0.000000 0.947658 -0.319288 0.000000 0.947658 0.661048 0.000000 0.750343 0.661048 0.000000 0.750343 0.661048 0.000000 0.750343 0.661048 0.000000 0.750343 0.980341 0.000000 -0.197312 0.980341 0.000000 -0.197312 0.980341 0.000000 -0.197312 0.980341 0.000000 -0.197312 0.319286 0.000000 -0.947659 0.319286 0.000000 -0.947659 0.319286 0.000000 -0.947659 0.319286 0.000000 -0.947659 -0.980341 0.000000 0.197312 -0.980341 0.000000 0.197312 -0.980341 0.000000 0.197312 -0.980341 0.000000 0.197312 -0.726110 0.000000 -0.687578 -0.726110 0.000000 -0.687578 -0.726110 0.000000 -0.687578 -0.726110 0.000000 -0.687578 -0.726110 0.000000 -0.687578 -0.726110 0.000000 -0.687578 -0.726110 0.000000 -0.687578 -0.726110 0.000000 -0.687578 -0.000003 -1.000000 0.000000 -0.000003 -1.000000 0.000000 -0.000009 1.000000 0.000000 -0.000009 1.000000 0.000000 -0.000009 1.000000 0.000000 -0.000009 1.000000 0.000000 -0.000006 1.000000 0.000000 -0.000006 1.000000 0.000000 -0.000006 -1.000000 0.000000 -0.000006 -1.000000 0.000000 -0.000006 -1.000000 0.000000 -0.000006 -1.000000 0.000000 0.698029 0.000000 -0.716070 0.698029 0.000000 -0.716070 0.698029 0.000000 -0.716070 0.698029 0.000000 -0.716070 -0.980341 0.000000 0.197312 -0.980341 0.000000 0.197312 -0.980341 0.000000 0.197312 -0.980341 0.000000 0.197312 0.698029 0.000000 -0.716070 0.698029 0.000000 -0.716070 0.698029 0.000000 -0.716070 0.698029 0.000000 -0.716070 0.980341 0.000000 -0.197312 0.980341 0.000000 -0.197312 0.980341 0.000000 -0.197312 0.980341 0.000000 -0.197312 
						0.000003 1.000000 0.000000 0.000003 1.000000 0.000000 0.000003 1.000000 0.000000 0.000003 1.000000 0.000000 -0.000000 1.000000 0.000000 -0.000008 1.000000 0.000000 0.661048 0.000000 0.750343 0.661048 0.000000 0.750343 0.661048 0.000000 0.750343 0.661048 0.000000 0.750343 -0.319287 0.000000 0.947658 -0.319287 0.000000 0.947658 -0.319287 0.000000 0.947658 -0.319287 0.000000 0.947658 -0.000002 -1.000000 0.000000 -0.000002 -1.000000 0.000000 0.000003 -1.000000 0.000000 -0.000001 -1.000000 0.000000 -0.000002 -1.000000 0.000000 -0.000002 -1.000000 0.000000 -0.319287 0.000000 0.947658 -0.319287 0.000000 0.947658 -0.319287 0.000000 0.947658 -0.319287 0.000000 0.947658 0.661048 0.000000 0.750343 0.661048 0.000000 0.750343 0.661048 0.000000 0.750343 0.661048 0.000000 0.750343 0.980341 0.000000 -0.197312 0.980341 0.000000 -0.197312 0.980341 0.000000 -0.197312 0.980341 0.000000 -0.197312 0.319285 0.000000 -0.947659 0.319285 0.000000 -0.947659 0.319285 0.000000 -0.947659 0.319285 0.000000 -0.947659 -0.980341 0.000000 0.197312 -0.980341 0.000000 0.197312 -0.980341 0.000000 0.197312 -0.980341 0.000000 0.197312 -0.726111 0.000000 -0.687577 -0.726111 0.000000 -0.687577 -0.726111 0.000000 -0.687577 -0.726111 0.000000 -0.687577 -0.726110 0.000000 -0.687578 -0.726110 0.000000 -0.687578 -0.726110 0.000000 -0.687578 -0.726110 0.000000 -0.687578 0.000006 -1.000000 0.000000 0.000006 -1.000000 0.000000 0.000006 1.000000 0.000000 0.000006 1.000000 0.000000 0.000006 1.000000 0.000000 0.000006 1.000000 0.000000 -0.000017 1.000000 0.000000 -0.000017 1.000000 0.000000 -0.000019 -1.000000 0.000000 -0.000019 -1.000000 0.000000 -0.000019 -1.000000 0.000000 -0.000019 -1.000000 0.000000 0.698030 0.000000 -0.716068 0.698030 0.000000 -0.716068 0.698030 0.000000 -0.716068 0.698030 0.000000 -0.716068 
						-0.980341 0.000000 0.197313 -0.980341 0.000000 0.197313 -0.980341 0.000000 0.197313 -0.980341 0.000000 0.197313 0.698029 0.000000 -0.716070 0.698029 0.000000 -0.716070 0.698029 0.000000 -0.716070 0.698029 0.000000 -0.716070 0.980341 0.000000 -0.197313 0.980341 0.000000 -0.197313 0.980341 0.000000 -0.197313 0.980341 0.000000 -0.197313 0.000002 1.000000 0.000000 0.000002 1.000000 0.000000 0.000002 1.000000 0.000000 0.000002 1.000000 0.000000 0.000002 1.000000 0.000000 0.000002 1.000000 0.000000 0.661048 0.000000 0.750344 0.661047 0.000000 0.750344 0.661047 0.000000 0.750344 0.661048 0.000000 0.750344 -0.319287 0.000000 0.947658 -0.319286 0.000000 0.947658 -0.319286 0.000000 0.947658 -0.319287 0.000000 0.947658 -0.000002 -1.000000 0.000000 -0.000002 -1.000000 0.000000 0.000005 -1.000000 0.000000 0.000000 -1.000000 0.000000 -0.000002 -1.000000 0.000000 -0.000002 -1.000000 0.000000 -0.319287 0.000000 0.947658 -0.319287 0.000000 0.947658 -0.319287 0.000000 0.947658 -0.319287 0.000000 0.947658 0.661047 0.000000 0.750344 0.661048 0.000000 0.750344 0.661048 0.000000 0.750344 0.661047 0.000000 0.750344 0.980341 0.000000 -0.197313 0.980341 0.000000 -0.197313 0.980341 0.000000 -0.197313 0.980341 0.000000 -0.197313 0.319285 0.000000 -0.947659 0.319285 0.000000 -0.947659 0.319285 0.000000 -0.947659 0.319285 0.000000 -0.947659 -0.980341 0.000000 0.197313 -0.980341 0.000000 0.197313 -0.980341 0.000000 0.197313 -0.980341 0.000000 0.197313 -0.726110 0.000000 -0.687578 -0.726110 0.000000 -0.687578 -0.726110 0.000000 -0.687578 -0.726110 0.000000 -0.687578 -0.726110 0.000000 -0.687578 -0.726110 0.000000 -0.687578 -0.726110 0.000000 -0.687578 -0.726110 0.000000 -0.687578 0.000011 -1.000000 0.000000 0.000011 -1.000000 0.000000 0.000002 1.000000 0.000000 0.000002 1.000000 0.000000 
						0.000002 1.000000 0.000000 0.000002 1.000000 0.000000 0.000002 1.000000 0.000000 0.000002 1.000000 0.000000 0.000011 -1.000000 0.000000 0.000011 -1.000000 0.000000 0.000011 -1.000000 0.000000 0.000011 -1.000000 0.000000 0.698029 0.000000 -0.716070 0.698029 0.000000 -0.716070 0.698029 0.000000 -0.716070 0.698029 0.000000 -0.716070 0.984163 0.000000 -0.177264 0.984163 0.000000 -0.177264 0.984163 0.000000 -0.177264 0.984163 0.000000 -0.177264 -0.712500 0.000000 0.701672 -0.712500 0.000000 0.701672 -0.712500 0.000000 0.701672 -0.712500 0.000000 0.701672 -0.984163 0.000000 0.177264 -0.984163 0.000000 0.177264 -0.984163 0.000000 0.177264 -0.984163 0.000000 0.177264 0.000001 1.000000 0.000000 0.000001 1.000000 0.000000 0.000001 1.000000 0.000000 0.000001 1.000000 0.000000 0.000001 1.000000 0.000000 0.000001 1.000000 0.000000 -0.645596 0.000000 -0.763679 -0.645595 0.000000 -0.763680 -0.645595 0.000000 -0.763680 -0.645596 0.000000 -0.763679 0.338567 0.000000 -0.940942 0.338567 0.000000 -0.940942 0.338567 0.000000 -0.940942 0.338567 0.000000 -0.940942 0.000000 -1.000000 0.000000 0.000000 -1.000000 0.000000 0.000001 -1.000000 0.000000 0.000000 -1.000000 0.000000 0.000000 -1.000000 0.000000 0.000000 -1.000000 0.000000 0.338567 0.000000 -0.940942 0.338567 0.000000 -0.940942 0.338567 0.000000 -0.940942 0.338567 0.000000 -0.940942 -0.645596 0.000000 -0.763679 -0.645596 0.000000 -0.763679 -0.645596 0.000000 -0.763679 -0.645596 0.000000 -0.763679 -0.984163 0.000000 0.177264 -0.984163 0.000000 0.177264 -0.984163 0.000000 0.177264 -0.984163 0.000000 0.177264 -0.338567 0.000000 0.940942 -0.338567 0.000000 0.940942 -0.338567 0.000000 0.940942 -0.338567 0.000000 0.940942 0.984163 0.000000 -0.177264 0.984163 0.000000 -0.177264 0.984163 0.000000 -0.177264 0.984163 0.000000 -0.177264 
						0.711922 0.000000 0.702259 0.711922 0.000000 0.702259 0.711922 0.000000 0.702259 0.711922 0.000000 0.702259 0.711922 0.000000 0.702259 0.711922 0.000000 0.702259 0.711922 0.000000 0.702259 0.711922 0.000000 0.702259 0.000002 -1.000000 0.000000 0.000002 -1.000000 0.000000 0.000000 1.000000 0.000000 0.000000 1.000000 0.000000 0.000000 1.000000 0.000000 0.000000 1.000000 0.000000 0.000002 1.000000 0.000000 0.000002 1.000000 0.000000 0.000000 -1.000000 0.000000 0.000000 -1.000000 0.000000 0.000000 -1.000000 0.000000 0.000000 -1.000000 0.000000 -0.712500 0.000000 0.701672 -0.712500 0.000000 0.701672 -0.712500 0.000000 0.701672 -0.712500 0.000000 0.701672 0.984163 0.000000 -0.177264 0.984163 0.000000 -0.177264 0.984163 0.000000 -0.177264 0.984163 0.000000 -0.177264 -0.712499 0.000000 0.701673 -0.712499 0.000000 0.701673 -0.712499 0.000000 0.701673 -0.712499 0.000000 0.701673 -0.984163 0.000000 0.177264 -0.984163 0.000000 0.177264 -0.984163 0.000000 0.177264 -0.984163 0.000000 0.177264 -0.000002 1.000000 0.000000 -0.000002 1.000000 0.000000 -0.000002 1.000000 0.000000 -0.000002 1.000000 0.000000 -0.000001 1.000000 0.000000 0.000001 1.000000 0.000000 -0.645595 0.000000 -0.763680 -0.645595 0.000000 -0.763680 -0.645595 0.000000 -0.763680 -0.645595 0.000000 -0.763680 0.338567 0.000000 -0.940942 0.338567 0.000000 -0.940942 0.338567 0.000000 -0.940942 0.338567 0.000000 -0.940942 -0.000004 -1.000000 0.000000 -0.000004 -1.000000 0.000000 -0.000012 -1.000000 0.000000 -0.000007 -1.000000 0.000000 -0.000004 -1.000000 0.000000 -0.000004 -1.000000 0.000000 0.338567 0.000000 -0.940942 0.338567 0.000000 -0.940942 0.338567 0.000000 -0.940942 0.338567 0.000000 -0.940942 -0.645597 0.000000 -0.763678 -0.645596 0.000000 -0.763679 -0.645596 0.000000 -0.763679 -0.645597 0.000000 -0.763678 
						-0.984163 0.000000 0.177264 -0.984163 0.000000 0.177264 -0.984163 0.000000 0.177264 -0.984163 0.000000 0.177264 -0.338566 0.000000 0.940943 -0.338566 0.000000 0.940943 -0.338566 0.000000 0.940943 -0.338566 0.000000 0.940943 0.984163 0.000000 -0.177264 0.984163 0.000000 -0.177264 0.984163 0.000000 -0.177264 0.984163 0.000000 -0.177264 0.711922 0.000000 0.702258 0.711922 0.000000 0.702258 0.711922 0.000000 0.702258 0.711922 0.000000 0.702258 0.711922 0.000000 0.702258 0.711922 0.000000 0.702258 0.711922 0.000000 0.702258 0.711922 0.000000 0.702258 -0.000019 -1.000000 0.000000 -0.000019 -1.000000 0.000000 0.000013 1.000000 0.000000 0.000013 1.000000 0.000000 0.000013 1.000000 0.000000 0.000013 1.000000 0.000000 0.000003 1.000000 0.000000 0.000003 1.000000 0.000000 -0.000009 -1.000000 0.000000 -0.000009 -1.000000 0.000000 -0.000009 -1.000000 0.000000 -0.000009 -1.000000 0.000000 -0.712499 0.000000 0.701673 -0.712499 0.000000 0.701673 -0.712499 0.000000 0.701673 -0.712499 0.000000 0.701673 0.984163 0.000000 -0.177264 0.984163 0.000000 -0.177264 0.984163 0.000000 -0.177264 0.984163 0.000000 -0.177264 -0.712500 0.000000 0.701672 -0.712500 0.000000 0.701672 -0.712500 0.000000 0.701672 -0.712500 0.000000 0.701672 -0.984163 0.000000 0.177264 -0.984163 0.000000 0.177264 -0.984163 0.000000 0.177264 -0.984163 0.000000 0.177264 0.000000 1.000000 0.000000 0.000000 1.000000 0.000000 0.000000 1.000000 0.000000 0.000000 1.000000 0.000000 0.000000 1.000000 0.000000 0.000001 1.000000 0.000000 -0.645596 0.000000 -0.763679 -0.645596 0.000000 -0.763679 -0.645596 0.000000 -0.763679 -0.645596 0.000000 -0.763679 0.338567 0.000000 -0.940942 0.338567 0.000000 -0.940942 0.338567 0.000000 -0.940942 0.338567 0.000000 -0.940942 -0.000002 -1.000000 0.000000 -0.000002 -1.000000 0.000000 
						-0.000003 -1.000000 0.000000 -0.000002 -1.000000 0.000000 -0.000002 -1.000000 0.000000 -0.000002 -1.000000 0.000000 0.338567 0.000000 -0.940942 0.338567 0.000000 -0.940942 0.338567 0.000000 -0.940942 0.338567 0.000000 -0.940942 -0.645596 0.000000 -0.763679 -0.645596 0.000000 -0.763679 -0.645596 0.000000 -0.763679 -0.645596 0.000000 -0.763679 -0.984163 0.000000 0.177264 -0.984163 0.000000 0.177264 -0.984163 0.000000 0.177264 -0.984163 0.000000 0.177264 -0.338567 0.000000 0.940942 -0.338567 0.000000 0.940942 -0.338567 0.000000 0.940942 -0.338567 0.000000 0.940942 0.984163 0.000000 -0.177264 0.984163 0.000000 -0.177264 0.984163 0.000000 -0.177264 0.984163 0.000000 -0.177264 0.711922 0.000000 0.702259 0.711922 0.000000 0.702259 0.711922 0.000000 0.702259 0.711922 0.000000 0.702259 0.711922 0.000000 0.702258 0.711922 0.000000 0.702258 0.711922 0.000000 0.702258 0.711922 0.000000 0.702258 -0.000004 -1.000000 0.000000 -0.000004 -1.000000 0.000000 -0.000002 1.000000 0.000000 -0.000002 1.000000 0.000000 -0.000002 1.000000 0.000000 -0.000002 1.000000 0.000000 0.000002 1.000000 0.000000 0.000002 1.000000 0.000000 -0.000006 -1.000000 0.000000 -0.000006 -1.000000 0.000000 -0.000006 -1.000000 0.000000 -0.000006 -1.000000 0.000000 -0.712500 0.000000 0.701672 -0.712500 0.000000 0.701672 -0.712500 0.000000 0.701672 -0.712500 0.000000 0.701672 -0.980341 0.000000 0.197312 -0.980341 0.000000 0.197312 -0.980341 0.000000 0.197312 -0.980341 0.000000 0.197312 0.698029 0.000000 -0.716070 0.698029 0.000000 -0.716070 0.698029 0.000000 -0.716070 0.698029 0.000000 -0.716070 0.980342 0.000000 -0.197307 0.980342 0.000000 -0.197307 0.980342 0.000000 -0.197307 0.980342 0.000000 -0.197307 0.000003 1.000000 0.000000 0.000003 1.000000 0.000000 0.000003 1.000000 0.000000 0.000003 1.000000 0.000000 
						0.000001 1.000000 0.000000 -0.000002 1.000000 0.000000 0.661053 0.000000 0.750339 0.661054 0.000000 0.750338 0.661054 0.000000 0.750338 0.661053 0.000000 0.750339 -0.319287 0.000000 0.947658 -0.319287 0.000000 0.947658 -0.319287 0.000000 0.947658 -0.319287 0.000000 0.947658 0.000001 -1.000000 0.000000 0.000001 -1.000000 0.000000 0.000000 -1.000000 0.000000 0.000001 -1.000000 0.000000 0.000001 -1.000000 0.000000 0.000001 -1.000000 0.000000 -0.319287 0.000000 0.947658 -0.319287 0.000000 0.947658 -0.319287 0.000000 0.947658 -0.319287 0.000000 0.947658 0.661054 0.000000 0.750338 0.661053 0.000000 0.750339 0.661053 0.000000 0.750339 0.661054 0.000000 0.750338 0.980342 0.000000 -0.197307 0.980342 0.000000 -0.197307 0.980342 0.000000 -0.197307 0.980342 0.000000 -0.197307 0.319291 0.000000 -0.947657 0.319291 0.000000 -0.947657 0.319291 0.000000 -0.947657 0.319291 0.000000 -0.947657 -0.980341 0.000000 0.197312 -0.980341 0.000000 0.197312 -0.980341 0.000000 0.197312 -0.980341 0.000000 0.197312 -0.726111 0.000000 -0.687578 -0.726111 0.000000 -0.687578 -0.726111 0.000000 -0.687578 -0.726111 0.000000 -0.687578 -0.726110 0.000000 -0.687578 -0.726110 0.000000 -0.687578 -0.726110 0.000000 -0.687578 -0.726110 0.000000 -0.687578 0.000000 -1.000000 0.000000 0.000000 -1.000000 0.000000 -0.000001 1.000000 0.000000 -0.000001 1.000000 0.000000 -0.000001 1.000000 0.000000 -0.000001 1.000000 0.000000 -0.000006 1.000000 0.000000 -0.000006 1.000000 0.000000 -0.000006 -1.000000 0.000000 -0.000006 -1.000000 0.000000 -0.000006 -1.000000 0.000000 -0.000006 -1.000000 0.000000 0.698029 0.000000 -0.716069 0.698029 0.000000 -0.716069 0.698029 0.000000 -0.716069 0.698029 0.000000 -0.716069 -0.980341 0.000000 0.197312 -0.980341 0.000000 0.197312 -0.980341 0.000000 0.197312 -0.980341 0.000000 0.197312 
						0.698028 0.000000 -0.716070 0.698028 0.000000 -0.716070 0.698028 0.000000 -0.716070 0.698028 0.000000 -0.716070 0.980342 0.000000 -0.197307 0.980342 0.000000 -0.197307 0.980342 0.000000 -0.197307 0.980342 0.000000 -0.197307 -0.000006 1.000000 0.000000 -0.000006 1.000000 0.000000 -0.000006 1.000000 0.000000 -0.000006 1.000000 0.000000 -0.000007 1.000000 0.000000 -0.000010 1.000000 0.000000 0.661052 0.000000 0.750340 0.661052 0.000000 0.750340 0.661052 0.000000 0.750340 0.661052 0.000000 0.750340 -0.319287 0.000000 0.947658 -0.319286 0.000000 0.947658 -0.319286 0.000000 0.947658 -0.319287 0.000000 0.947658 0.000004 -1.000000 0.000000 0.000004 -1.000000 0.000000 -0.000005 -1.000000 0.000000 0.000001 -1.000000 0.000000 0.000004 -1.000000 0.000000 0.000004 -1.000000 0.000000 -0.319288 0.000000 0.947658 -0.319288 0.000000 0.947658 -0.319288 0.000000 0.947658 -0.319288 0.000000 0.947658 0.661052 0.000000 0.750340 0.661052 0.000000 0.750340 0.661052 0.000000 0.750340 0.661052 0.000000 0.750340 0.980342 0.000000 -0.197307 0.980342 0.000000 -0.197307 0.980342 0.000000 -0.197307 0.980342 0.000000 -0.197307 0.319290 0.000000 -0.947657 0.319290 0.000000 -0.947657 0.319290 0.000000 -0.947657 0.319290 0.000000 -0.947657 -0.980341 0.000000 0.197312 -0.980341 0.000000 0.197312 -0.980341 0.000000 0.197312 -0.980341 0.000000 0.197312 -0.726111 0.000000 -0.687578 -0.726111 0.000000 -0.687578 -0.726111 0.000000 -0.687578 -0.726111 0.000000 -0.687578 -0.726111 0.000000 -0.687578 -0.726111 0.000000 -0.687578 -0.726111 0.000000 -0.687578 -0.726111 0.000000 -0.687578 -0.000013 -1.000000 0.000000 -0.000013 -1.000000 0.000000 -0.000013 1.000000 0.000000 -0.000013 1.000000 0.000000 -0.000013 1.000000 0.000000 -0.000013 1.000000 0.000000 -0.000013 1.000000 0.000000 -0.000013 1.000000 0.000000 
						0.000013 -1.000000 0.000000 0.000013 -1.000000 0.000000 0.000013 -1.000000 0.000000 0.000013 -1.000000 0.000000 0.698028 0.000000 -0.716070 0.698028 0.000000 -0.716070 0.698028 0.000000 -0.716070 0.698028 0.000000 -0.716070 -0.980341 0.000000 0.197312 -0.980341 0.000000 0.197312 -0.980341 0.000000 0.197312 -0.980341 0.000000 0.197312 0.698028 0.000000 -0.716070 0.698028 0.000000 -0.716070 0.698028 0.000000 -0.716070 0.698028 0.000000 -0.716070 0.980342 0.000000 -0.197307 0.980342 0.000000 -0.197307 0.980342 0.000000 -0.197307 0.980342 0.000000 -0.197307 0.000005 1.000000 0.000000 0.000005 1.000000 0.000000 0.000005 1.000000 0.000000 0.000005 1.000000 0.000000 0.000002 1.000000 0.000000 -0.000007 1.000000 0.000000 0.661052 0.000000 0.750340 0.661052 0.000000 0.750340 0.661052 0.000000 0.750340 0.661052 0.000000 0.750340 -0.319287 0.000000 0.947658 -0.319287 0.000000 0.947658 -0.319287 0.000000 0.947658 -0.319287 0.000000 0.947658 0.000002 -1.000000 0.000000 0.000002 -1.000000 0.000000 0.000004 -1.000000 0.000000 0.000003 -1.000000 0.000000 0.000002 -1.000000 0.000000 0.000002 -1.000000 0.000000 -0.319287 0.000000 0.947658 -0.319287 0.000000 0.947658 -0.319287 0.000000 0.947658 -0.319287 0.000000 0.947658 0.661052 0.000000 0.750340 0.661052 0.000000 0.750340 0.661052 0.000000 0.750340 0.661052 0.000000 0.750340 0.980342 0.000000 -0.197307 0.980342 0.000000 -0.197307 0.980342 0.000000 -0.197307 0.980342 0.000000 -0.197307 0.319291 0.000000 -0.947657 0.319291 0.000000 -0.947657 0.319291 0.000000 -0.947657 0.319291 0.000000 -0.947657 -0.980341 0.000000 0.197312 -0.980341 0.000000 0.197312 -0.980341 0.000000 0.197312 -0.980341 0.000000 0.197312 -0.726111 0.000000 -0.687578 -0.726111 0.000000 -0.687578 -0.726111 0.000000 -0.687578 -0.726111 0.000000 -0.687578 
						-0.726112 0.000000 -0.687577 -0.726112 0.000000 -0.687577 -0.726112 0.000000 -0.687577 -0.726112 0.000000 -0.687577 0.000005 -1.000000 0.000000 0.000005 -1.000000 0.000000 -0.000016 1.000000 0.000000 -0.000016 1.000000 0.000000 -0.000016 1.000000 0.000000 -0.000016 1.000000 0.000000 -0.000016 1.000000 0.000000 -0.000016 1.000000 0.000000 0.000016 -1.000000 0.000000 0.000016 -1.000000 0.000000 0.000016 -1.000000 0.000000 0.000016 -1.000000 0.000000 0.698028 0.000000 -0.716070 0.698028 0.000000 -0.716070 0.698028 0.000000 -0.716070 0.698028 0.000000 -0.716070 -0.980341 0.000000 0.197312 -0.980341 0.000000 0.197312 -0.980341 0.000000 0.197312 -0.980341 0.000000 0.197312 0.698030 0.000000 -0.716069 0.698030 0.000000 -0.716069 0.698030 0.000000 -0.716069 0.698030 0.000000 -0.716069 0.980342 0.000000 -0.197307 0.980342 0.000000 -0.197307 0.980342 0.000000 -0.197307 0.980342 0.000000 -0.197307 -0.000004 1.000000 0.000000 -0.000004 1.000000 0.000000 -0.000004 1.000000 0.000000 -0.000004 1.000000 0.000000 -0.000004 1.000000 0.000000 -0.000003 1.000000 0.000000 0.661053 0.000000 0.750339 0.661054 0.000000 0.750338 0.661054 0.000000 0.750338 0.661053 0.000000 0.750339 -0.319287 0.000000 0.947658 -0.319286 0.000000 0.947658 -0.319286 0.000000 0.947658 -0.319287 0.000000 0.947658 -0.000004 -1.000000 0.000000 -0.000004 -1.000000 0.000000 -0.000008 -1.000000 0.000000 -0.000005 -1.000000 0.000000 -0.000004 -1.000000 0.000000 -0.000004 -1.000000 0.000000 -0.319287 0.000000 0.947658 -0.319287 0.000000 0.947658 -0.319287 0.000000 0.947658 -0.319287 0.000000 0.947658 0.661054 0.000000 0.750338 0.661053 0.000000 0.750339 0.661053 0.000000 0.750339 0.661054 0.000000 0.750338 0.980342 0.000000 -0.197307 0.980342 0.000000 -0.197307 0.980342 0.000000 -0.197307 0.980342 0.000000 -0.197307 
						0.319290 0.000000 -0.947657 0.319290 0.000000 -0.947657 0.319290 0.000000 -0.947657 0.319290 0.000000 -0.947657 -0.980341 0.000000 0.197312 -0.980341 0.000000 0.197312 -0.980341 0.000000 0.197312 -0.980341 0.000000 0.197312 -0.726110 0.000000 -0.687579 -0.726110 0.000000 -0.687579 -0.726110 0.000000 -0.687579 -0.726110 0.000000 -0.687579 -0.726111 0.000000 -0.687578 -0.726111 0.000000 -0.687578 -0.726111 0.000000 -0.687578 -0.726111 0.000000 -0.687578 -0.000011 -1.000000 0.000000 -0.000011 -1.000000 0.000000 -0.000002 1.000000 0.000000 -0.000002 1.000000 0.000000 -0.000002 1.000000 0.000000 -0.000002 1.000000 0.000000 -0.000002 1.000000 0.000000 -0.000002 1.000000 0.000000 0.000013 -1.000000 0.000000 0.000013 -1.000000 0.000000 0.000013 -1.000000 0.000000 0.000013 -1.000000 0.000000 0.698029 0.000000 -0.716070 0.698029 0.000000 -0.716070 0.698029 0.000000 -0.716070 0.698029 0.000000 -0.716070 0.707107 0.000000 0.707107 0.707107 0.000000 0.707107 0.707107 0.000000 0.707107 0.707107 0.000000 0.707107 -0.642788 -0.000000 0.766045 -0.642787 -0.000000 0.766045 -0.642788 -0.000000 0.766045 -0.642788 -0.000000 0.766045 0.707107 0.000000 0.707107 0.707107 0.000000 0.707107 0.707107 0.000000 0.707107 0.707107 0.000000 0.707107 -0.642787 -0.000000 0.766045 -0.642787 -0.000000 0.766045 -0.642787 -0.000001 0.766045 -0.642787 -0.000001 0.766045 -0.642787 -0.000000 0.766045 -0.642787 -0.000000 0.766045 -0.642788 -0.000000 0.766045 -0.642788 -0.000000 0.766045 0.707107 0.000000 0.707107 0.707107 0.000000 0.707107 0.707107 0.000000 0.707107 0.707107 0.000000 0.707107 -0.642788 -0.000001 0.766044 -0.642788 -0.000000 0.766044 -0.642788 -0.000000 0.766044 -0.642788 -0.000000 0.766044 0.707107 0.000000 0.707107 0.707107 0.000000 0.707107 0.707107 0.000000 0.707107 0.707107 0.000000 0.707107 
						0.707107 0.000000 0.707107 0.707107 0.000000 0.707107 0.707107 0.000000 0.707107 -0.642788 -0.000000 0.766044 -0.642788 -0.000000 0.766045 -0.642787 -0.000001 0.766045 0.707107 0.000000 0.707107 0.707107 0.000000 0.707107 0.707107 0.000000 0.707107 -0.642788 -0.000000 0.766045 -0.642787 -0.000000 0.766045 -0.642787 -0.000000 0.766045 -0.642787 -0.000000 0.766045 -0.642787 -0.000000 0.766045 -0.642788 -0.000000 0.766045 0.707107 0.000000 0.707107 0.707107 0.000000 0.707107 0.707107 0.000000 0.707107 -0.642787 -0.000001 0.766045 -0.642787 -0.000001 0.766045 -0.642788 -0.000001 0.766044 0.707107 0.000000 0.707107 0.707107 0.000000 0.707107 0.707106 0.000000 0.707107 
					</float_array>
					<technique_common>
						<accessor count="3544" offset="0" source="#meshId0-normals-array" stride="3">
							<param name="X" type="float" />
							<param name="Y" type="float" />
							<param name="Z" type="float" />
						</accessor>
					</technique_common>
				</source>
				<source id="meshId0-tangents" name="meshId0-tangents">
					<float_array id="meshId0-tangents-array" count="10632"> 
						-0.707108 -0.000000 -0.707106 -0.707107 -0.000000 -0.707106 -0.707107 -0.000000 -0.707106 -0.707108 -0.000000 -0.707106 0.000000 -1.000000 0.000000 0.000000 -1.000000 0.000000 0.000000 -1.000000 0.000000 0.000000 -1.000000 0.000000 0.707108 0.000000 0.707106 0.707107 0.000000 0.707106 0.707107 0.000000 0.707106 0.707108 0.000000 0.707106 0.000000 1.000000 0.000000 0.000000 1.000000 0.000000 0.000000 1.000000 0.000000 0.000000 1.000000 0.000000 -0.000002 1.000000 0.000000 -0.000001 1.000000 -0.000000 -0.000000 1.000000 -0.000000 -0.000002 1.000000 0.000000 0.000000 1.000000 0.000000 0.000000 1.000000 0.000000 0.000000 1.000000 0.000000 0.000000 1.000000 0.000000 0.000000 1.000000 0.000000 0.000000 1.000000 0.000000 0.000000 1.000000 0.000000 0.000000 1.000000 0.000000 0.707107 0.000000 0.707107 0.707107 0.000000 0.707107 0.707107 0.000000 0.707107 0.707107 0.000000 0.707107 0.707108 0.000000 0.707106 0.707108 0.000000 0.707106 0.707107 0.000000 0.707106 0.707107 0.000000 0.707107 0.707107 0.000000 0.707107 0.707107 0.000000 0.707107 0.707107 0.000000 0.707106 0.707107 0.000000 0.707106 0.000000 -1.000000 0.000000 0.000000 -1.000000 0.000000 0.000000 -1.000000 0.000000 0.000000 -1.000000 0.000000 0.000000 -1.000000 0.000000 0.000000 -1.000000 0.000000 0.000001 -1.000000 -0.000001 0.000001 -1.000000 -0.000001 0.000000 -1.000000 0.000000 0.000000 -1.000000 0.000000 0.000000 -1.000000 0.000000 0.000000 -1.000000 0.000000 -0.707106 -0.000000 -0.707107 -0.707107 -0.000000 -0.707107 -0.707107 -0.000000 -0.707107 -0.707106 -0.000000 -0.707107 -0.707108 -0.000000 -0.707106 -0.707108 -0.000000 -0.707106 -0.707108 -0.000000 -0.707106 -0.707107 -0.000000 -0.707106 -0.707107 -0.000000 -0.707107 -0.707107 -0.000000 -0.707107 -0.707107 -0.000000 -0.707106 -0.707107 -0.000000 -0.707106 
						0.707107 0.000000 0.707107 0.707121 0.000000 0.707092 0.707125 0.000000 0.707089 0.707109 0.000000 0.707105 0.000000 1.000000 0.000000 -0.000015 1.000000 0.000015 -0.000019 1.000000 0.000019 -0.000002 1.000000 0.000002 -0.707107 -0.000000 -0.707107 -0.707107 -0.000000 -0.707106 -0.707107 -0.000000 -0.707106 -0.707107 -0.000000 -0.707107 0.000000 -1.000000 0.000000 -0.000013 -1.000000 0.000015 -0.000017 -1.000000 0.000018 -0.000001 -1.000000 0.000002 0.000000 -1.000000 0.000000 0.000000 -1.000000 0.000000 0.000000 -1.000000 0.000000 0.000000 -1.000000 0.000000 0.000000 -1.000000 0.000000 0.000000 -1.000000 0.000000 0.000000 -1.000000 0.000000 0.000000 -1.000000 0.000000 0.000000 -1.000000 0.000000 0.000000 -1.000000 0.000000 0.000000 -1.000000 0.000000 0.000000 -1.000000 0.000000 -0.707108 -0.000001 -0.707106 -0.707108 -0.000000 -0.707106 -0.707108 -0.000000 -0.707106 -0.707108 -0.000001 -0.707106 -0.707108 0.000000 -0.707106 -0.707107 0.000000 -0.707106 -0.707106 0.000000 -0.707107 -0.707106 0.000000 -0.707107 -0.707107 -0.000000 -0.707106 -0.707108 -0.000000 -0.707106 -0.707107 0.000000 -0.707107 -0.707106 0.000000 -0.707107 0.000000 1.000000 0.000000 0.000000 1.000000 0.000000 0.000000 1.000000 0.000000 0.000000 1.000000 0.000000 -0.000000 1.000000 -0.000000 -0.000000 1.000000 -0.000000 -0.000000 1.000000 -0.000000 -0.000000 1.000000 -0.000000 -0.000000 1.000000 -0.000000 -0.000000 1.000000 -0.000000 0.000000 1.000000 0.000000 0.000000 1.000000 0.000000 0.707108 0.000000 0.707106 0.707108 0.000000 0.707106 0.707108 0.000000 0.707106 0.707108 0.000000 0.707106 0.707108 0.000000 0.707106 0.707108 0.000000 0.707106 0.707106 0.000000 0.707107 0.707106 0.000000 0.707107 0.707108 -0.000000 0.707106 0.707108 -0.000000 0.707106 0.707107 -0.000000 0.707107 0.707106 -0.000000 0.707107 
						0.707123 -0.000000 0.707090 0.707110 -0.000000 0.707104 0.707106 -0.000000 0.707108 0.707123 -0.000000 0.707091 -0.000017 1.000000 0.000017 -0.000004 1.000000 0.000004 0.000000 1.000000 0.000000 -0.000017 1.000000 0.000017 -0.707090 -0.000001 -0.707124 -0.707102 -0.000001 -0.707112 -0.707106 -0.000001 -0.707108 -0.707089 -0.000001 -0.707124 0.000000 -1.000000 0.000000 0.000000 -1.000000 0.000000 0.000000 -1.000000 0.000000 0.000000 -1.000000 0.000000 0.000000 -1.000000 0.000000 0.000000 -1.000000 0.000000 0.000000 -1.000000 0.000000 0.000000 -1.000000 0.000000 0.000000 -1.000000 0.000000 0.000000 -1.000000 0.000000 0.000000 -1.000000 0.000000 0.000000 -1.000000 0.000000 0.000000 -1.000000 0.000000 0.000000 -1.000000 0.000000 0.000000 -1.000000 0.000000 0.000000 -1.000000 0.000000 -0.707105 0.000000 -0.707108 -0.707105 -0.000001 -0.707108 -0.707105 -0.000001 -0.707108 -0.707105 0.000000 -0.707108 -0.707106 -0.000001 -0.707107 -0.707107 -0.000001 -0.707107 -0.707107 0.000001 -0.707106 -0.707107 0.000001 -0.707106 -0.707108 0.000001 -0.707106 -0.707108 0.000001 -0.707106 -0.707108 -0.000000 -0.707106 -0.707106 -0.000000 -0.707108 -0.000002 1.000000 0.000000 -0.000001 1.000000 -0.000000 -0.000000 1.000000 -0.000000 -0.000002 1.000000 0.000000 0.000000 1.000000 0.000000 0.000000 1.000000 0.000000 0.000000 1.000000 0.000000 0.000000 1.000000 0.000000 0.000000 1.000000 0.000000 0.000000 1.000000 0.000000 0.000000 1.000000 0.000000 -0.000002 1.000000 0.000002 0.707106 0.000000 0.707107 0.707105 -0.000000 0.707108 0.707105 -0.000000 0.707108 0.707106 0.000000 0.707107 0.707106 -0.000000 0.707107 0.707107 -0.000000 0.707107 0.707107 0.000000 0.707106 0.707107 0.000000 0.707106 0.707108 0.000000 0.707106 0.707108 0.000000 0.707106 0.707108 0.000000 0.707106 0.707110 0.000000 0.707104 
						-0.707106 0.000000 -0.707107 -0.707106 0.000000 -0.707107 -0.707106 0.000000 -0.707107 -0.707106 0.000000 -0.707107 0.000000 -1.000000 0.000000 0.000000 -1.000000 0.000000 0.000000 -1.000000 0.000000 0.000000 -1.000000 0.000000 0.707106 0.000000 0.707107 0.707106 0.000000 0.707107 0.707106 0.000000 0.707107 0.707106 0.000000 0.707107 0.000000 1.000000 0.000000 0.000000 1.000000 0.000000 0.000000 1.000000 0.000000 0.000000 1.000000 0.000000 0.000000 1.000000 0.000000 0.000000 1.000000 0.000000 0.000000 1.000000 0.000000 0.000000 1.000000 0.000000 0.000000 1.000000 0.000000 0.000000 1.000000 0.000000 -0.000000 1.000000 -0.000000 -0.000001 1.000000 -0.000000 -0.000002 1.000000 0.000001 -0.000002 1.000000 0.000001 -0.000000 1.000000 -0.000000 -0.000000 1.000000 -0.000000 0.707109 0.000002 0.707105 0.707109 0.000001 0.707105 0.707109 0.000001 0.707105 0.707109 0.000002 0.707105 0.707108 -0.000000 0.707106 0.707108 -0.000000 0.707106 0.707107 -0.000000 0.707106 0.707107 -0.000000 0.707106 0.707108 0.000000 0.707106 0.707108 0.000000 0.707106 0.707107 0.000000 0.707107 0.707106 0.000000 0.707107 0.000000 -1.000000 0.000000 0.000000 -1.000000 0.000000 0.000000 -1.000000 0.000000 0.000000 -1.000000 0.000000 0.000000 -1.000000 0.000000 0.000000 -1.000000 0.000000 0.000000 -1.000000 0.000000 0.000000 -1.000000 0.000000 0.000000 -1.000000 0.000000 0.000001 -1.000000 0.000000 0.000002 -1.000000 -0.000001 0.000002 -1.000000 -0.000001 -0.707109 0.000000 -0.707105 -0.707109 0.000000 -0.707105 -0.707109 0.000000 -0.707105 -0.707109 0.000000 -0.707105 -0.707108 -0.000000 -0.707106 -0.707108 -0.000000 -0.707106 -0.707107 0.000000 -0.707106 -0.707107 0.000000 -0.707106 -0.707107 0.000001 -0.707107 -0.707107 0.000001 -0.707107 -0.707108 0.000000 -0.707106 -0.707108 0.000000 -0.707106 
						-0.707106 -0.000001 -0.707107 -0.707106 -0.000002 -0.707108 -0.707106 -0.000002 -0.707108 -0.707106 -0.000001 -0.707107 0.000000 -1.000000 0.000000 0.000000 -1.000000 0.000000 0.000000 -1.000000 0.000000 0.000000 -1.000000 0.000000 0.707106 0.000001 0.707107 0.707106 0.000002 0.707108 0.707106 0.000002 0.707108 0.707106 0.000001 0.707107 0.000000 1.000000 0.000000 0.000000 1.000000 0.000000 0.000000 1.000000 0.000000 0.000000 1.000000 0.000000 0.000000 1.000000 0.000000 0.000000 1.000000 0.000000 0.000000 1.000000 0.000000 0.000000 1.000000 0.000000 -0.000000 1.000000 -0.000000 -0.000000 1.000000 -0.000000 -0.000002 1.000000 0.000001 -0.000002 1.000000 0.000001 -0.000000 1.000000 -0.000000 -0.000000 1.000000 -0.000000 0.000000 1.000000 0.000000 0.000000 1.000000 0.000000 0.707107 -0.000003 0.707107 0.707106 -0.000002 0.707108 0.707105 -0.000002 0.707108 0.707106 -0.000003 0.707107 0.707105 0.000000 0.707108 0.707105 0.000000 0.707108 0.707107 0.000001 0.707106 0.707107 0.000001 0.707106 0.707107 0.000002 0.707107 0.707107 0.000002 0.707107 0.707108 0.000001 0.707106 0.707108 0.000001 0.707106 0.000001 -1.000000 0.000001 0.000002 -1.000000 -0.000000 0.000002 -1.000000 -0.000000 0.000001 -1.000000 0.000001 0.000001 -1.000000 0.000000 0.000000 -1.000000 0.000000 0.000000 -1.000000 0.000000 0.000000 -1.000000 0.000000 0.000000 -1.000000 0.000000 0.000000 -1.000000 0.000000 0.000000 -1.000000 0.000000 0.000000 -1.000000 0.000000 -0.707107 0.000000 -0.707107 -0.707107 0.000000 -0.707107 -0.707106 0.000000 -0.707107 -0.707107 0.000000 -0.707107 -0.707105 -0.000000 -0.707108 -0.707105 -0.000000 -0.707108 -0.707106 -0.000001 -0.707107 -0.707106 -0.000001 -0.707107 -0.707106 -0.000002 -0.707107 -0.707107 -0.000002 -0.707107 -0.707108 -0.000001 -0.707106 -0.707107 -0.000001 -0.707106 
						0.707106 0.000000 0.707107 0.707106 0.000000 0.707108 0.707106 0.000000 0.707108 0.707106 0.000000 0.707108 0.000000 1.000000 0.000000 0.000000 1.000000 0.000000 0.000000 1.000000 0.000000 0.000000 1.000000 0.000000 -0.707106 -0.000001 -0.707107 -0.707106 0.000000 -0.707107 -0.707106 0.000000 -0.707107 -0.707106 -0.000001 -0.707107 0.000000 -1.000000 0.000000 0.000001 -1.000000 -0.000001 0.000002 -1.000000 -0.000001 0.000001 -1.000000 0.000000 0.000000 -1.000000 0.000000 0.000000 -1.000000 0.000000 0.000000 -1.000000 0.000000 0.000000 -1.000000 0.000000 0.000000 -1.000000 0.000000 0.000000 -1.000000 0.000000 0.000000 -1.000000 0.000000 0.000000 -1.000000 0.000000 0.000000 -1.000000 0.000000 0.000000 -1.000000 0.000000 0.000000 -1.000000 0.000000 0.000000 -1.000000 0.000000 -0.707108 0.000002 -0.707106 -0.707108 0.000001 -0.707106 -0.707108 0.000001 -0.707106 -0.707108 0.000002 -0.707106 -0.707107 0.000000 -0.707106 -0.707107 0.000000 -0.707107 -0.707107 -0.000001 -0.707107 -0.707107 -0.000001 -0.707107 -0.707107 -0.000002 -0.707107 -0.707107 -0.000002 -0.707107 -0.707106 -0.000002 -0.707107 -0.707106 -0.000002 -0.707107 0.000000 1.000000 0.000000 0.000000 1.000000 0.000000 0.000000 1.000000 0.000000 0.000000 1.000000 0.000000 0.000000 1.000000 0.000000 0.000000 1.000000 0.000000 0.000000 1.000000 0.000000 0.000000 1.000000 0.000000 0.000000 1.000000 0.000000 0.000000 1.000000 0.000000 0.000000 1.000000 0.000000 0.000000 1.000000 0.000000 0.707108 0.000000 0.707106 0.707108 0.000000 0.707106 0.707108 0.000000 0.707106 0.707108 0.000000 0.707106 0.707107 -0.000000 0.707106 0.707107 -0.000000 0.707106 0.707107 -0.000000 0.707107 0.707107 -0.000000 0.707107 0.707107 0.000000 0.707107 0.707107 0.000000 0.707107 0.707106 0.000000 0.707107 0.707106 0.000000 0.707107 
						-0.707106 -0.000000 -0.707107 -0.707106 -0.000000 -0.707108 -0.707106 -0.000000 -0.707108 -0.707106 -0.000000 -0.707107 0.707106 -0.000000 -0.707107 0.707106 -0.000000 -0.707107 0.707106 -0.000000 -0.707107 0.707106 -0.000000 -0.707107 0.707107 0.000005 0.707106 0.707107 0.000001 0.707106 0.707107 0.000000 0.707106 0.707107 0.000005 0.707106 -0.707108 -0.000009 0.707106 -0.707108 -0.000001 0.707106 -0.707108 0.000000 0.707106 -0.707108 -0.000008 0.707106 0.707107 -0.000000 -0.707106 0.707107 -0.000000 -0.707106 0.707107 -0.000000 -0.707106 0.707107 -0.000000 -0.707106 -0.707107 0.000000 0.707106 -0.707108 0.000000 0.707106 -0.707108 0.000000 0.707106 -0.707108 0.000000 0.707106 -0.707107 0.000000 0.707107 -0.707106 0.000000 0.707107 -0.707106 -0.000001 0.707107 -0.707107 0.000000 0.707107 -0.707106 -0.000008 0.707107 -0.707106 -0.000008 0.707107 -0.707106 -0.000001 0.707107 -0.707106 -0.000001 0.707107 -0.707106 -0.000008 0.707107 -0.707106 -0.000008 0.707107 -0.707107 -0.000008 0.707107 -0.707107 -0.000008 0.707107 0.707105 0.000000 0.707109 0.707106 0.000000 0.707108 0.707106 -0.000000 0.707107 0.707105 0.000000 0.707109 0.707107 -0.000000 0.707106 0.707107 -0.000000 0.707107 0.707106 -0.000000 0.707107 0.707106 -0.000000 0.707107 0.707106 -0.000000 0.707107 0.707107 -0.000000 0.707107 0.707107 -0.000000 0.707106 0.707107 0.000001 0.707106 0.707108 -0.000000 -0.707105 0.707107 -0.000000 -0.707106 0.707107 -0.000001 -0.707106 0.707108 -0.000000 -0.707105 0.707107 -0.000008 -0.707107 0.707107 -0.000008 -0.707107 0.707107 -0.000008 -0.707107 0.707107 -0.000008 -0.707107 0.707106 -0.000001 -0.707107 0.707106 0.000000 -0.707107 0.707106 -0.000000 -0.707107 0.707106 -0.000000 -0.707107 -0.707106 -0.000000 -0.707107 -0.707107 -0.000000 -0.707107 -0.707107 0.000001 -0.707107 -0.707106 -0.000000 -0.707107 
						-0.707107 0.000005 -0.707106 -0.707107 0.000005 -0.707106 -0.707107 0.000001 -0.707107 -0.707107 0.000000 -0.707107 -0.707107 0.000000 -0.707107 -0.707106 0.000000 -0.707107 -0.707107 -0.000000 -0.707106 -0.707107 -0.000000 -0.707106 -0.707107 0.000000 -0.707107 -0.707106 0.000000 -0.707107 -0.707106 0.000000 -0.707107 -0.707107 0.000000 -0.707107 0.707107 -0.000000 -0.707106 0.707107 -0.000000 -0.707107 0.707107 -0.000000 -0.707107 0.707107 -0.000000 -0.707106 0.707107 0.000000 0.707107 0.707107 0.000000 0.707107 0.707107 0.000000 0.707107 0.707107 0.000000 0.707107 -0.707107 0.000000 0.707106 -0.707107 -0.000000 0.707106 -0.707107 -0.000000 0.707106 -0.707107 0.000000 0.707106 0.707107 -0.000000 -0.707106 0.707107 -0.000000 -0.707107 0.707106 -0.000000 -0.707108 0.707106 -0.000000 -0.707107 -0.707108 0.000000 0.707106 -0.707108 0.000000 0.707106 -0.707107 0.000000 0.707106 -0.707107 0.000000 0.707106 -0.707108 0.000000 0.707106 -0.707107 0.000001 0.707106 -0.707107 0.000001 0.707106 -0.707108 0.000000 0.707106 -0.707107 0.000000 0.707107 -0.707107 0.000000 0.707106 -0.707107 0.000003 0.707106 -0.707107 0.000003 0.707106 -0.707107 0.000000 0.707106 -0.707107 -0.000000 0.707106 -0.707107 -0.000000 0.707106 -0.707107 -0.000000 0.707106 0.707107 0.000000 0.707107 0.707107 0.000000 0.707107 0.707107 -0.000000 0.707107 0.707107 0.000000 0.707107 0.707107 0.000000 0.707107 0.707107 0.000000 0.707107 0.707107 0.000000 0.707107 0.707107 0.000000 0.707107 0.707106 -0.000000 0.707107 0.707107 -0.000000 0.707107 0.707107 -0.000000 0.707107 0.707107 -0.000000 0.707107 0.707107 -0.000000 -0.707107 0.707107 -0.000001 -0.707107 0.707107 -0.000001 -0.707107 0.707107 -0.000000 -0.707107 0.707107 0.000008 -0.707107 0.707107 0.000008 -0.707107 0.707106 -0.000002 -0.707107 0.707106 -0.000003 -0.707107 
						0.707107 -0.000000 -0.707107 0.707107 -0.000000 -0.707107 0.707107 -0.000000 -0.707107 0.707107 -0.000000 -0.707107 -0.707107 -0.000000 -0.707107 -0.707107 -0.000000 -0.707107 -0.707107 -0.000001 -0.707107 -0.707107 -0.000000 -0.707107 -0.707107 -0.000005 -0.707107 -0.707107 -0.000005 -0.707107 -0.707107 -0.000001 -0.707107 -0.707107 0.000000 -0.707107 -0.707107 0.000000 -0.707107 -0.707107 0.000000 -0.707107 -0.707107 0.000000 -0.707107 -0.707107 0.000000 -0.707107 -0.707107 -0.000000 -0.707106 -0.707108 0.000000 -0.707106 -0.707108 -0.000000 -0.707106 -0.707107 -0.000000 -0.707106 0.707107 0.000000 -0.707107 0.707108 -0.000000 -0.707106 0.707108 -0.000000 -0.707106 0.707107 0.000000 -0.707107 0.707107 0.000000 0.707107 0.707107 -0.000000 0.707107 0.707107 -0.000000 0.707107 0.707107 0.000000 0.707107 -0.707106 -0.000000 0.707107 -0.707106 -0.000000 0.707107 -0.707106 -0.000000 0.707107 -0.707106 -0.000000 0.707107 0.707107 0.000000 0.707107 0.707107 -0.000000 0.707107 0.707107 -0.000000 0.707107 0.707107 0.000000 0.707107 -0.707107 -0.000000 0.707107 -0.707108 -0.000000 0.707106 -0.707108 -0.000000 0.707106 -0.707107 -0.000000 0.707107 -0.707107 -0.000000 -0.707106 -0.707108 -0.000000 -0.707106 -0.707108 -0.000000 -0.707106 -0.707107 -0.000000 -0.707106 0.707107 -0.000029 -0.707106 0.707109 -0.000002 -0.707105 0.707109 0.000000 -0.707105 0.707107 -0.000029 -0.707106 0.707109 -0.000000 -0.707105 0.707108 -0.000000 -0.707106 0.707108 0.000001 -0.707106 0.707109 -0.000000 -0.707105 0.707107 0.000024 -0.707107 0.707107 0.000024 -0.707107 0.707107 0.000001 -0.707107 0.707107 0.000000 -0.707107 0.707106 0.000000 -0.707108 0.707106 -0.000001 -0.707107 -0.707109 -0.000000 -0.707105 -0.707107 -0.000000 -0.707106 -0.707107 -0.000000 -0.707106 -0.707109 -0.000000 -0.707105 -0.707106 0.000000 -0.707107 -0.707106 0.000000 -0.707107 
						-0.707107 0.000000 -0.707106 -0.707107 0.000000 -0.707106 -0.707107 -0.000000 -0.707106 -0.707107 -0.000000 -0.707106 -0.707106 0.000000 0.707107 -0.707106 0.000000 0.707107 -0.707106 0.000000 0.707107 -0.707106 0.000000 0.707107 -0.707107 -0.000000 0.707106 -0.707107 -0.000000 0.707106 -0.707107 -0.000000 0.707106 -0.707107 -0.000000 0.707106 -0.707106 -0.000000 0.707108 -0.707106 -0.000000 0.707108 0.707107 0.000000 0.707107 0.707106 0.000000 0.707107 0.707106 -0.000001 0.707107 0.707107 0.000000 0.707107 0.707107 -0.000017 0.707107 0.707107 -0.000017 0.707107 0.707108 -0.000001 0.707106 0.707108 0.000000 0.707106 0.707107 0.000000 0.707106 0.707107 0.000000 0.707106 -0.707109 0.000000 0.707104 -0.707108 0.000028 0.707106 -0.707108 0.000028 0.707106 -0.707109 0.000002 0.707104 -0.707106 -0.000003 0.707107 -0.707106 -0.000004 0.707107 -0.707106 -0.000005 0.707107 -0.707106 -0.000005 0.707107 -0.707106 -0.000000 0.707107 -0.707106 -0.000000 0.707107 0.707108 0.000000 0.707106 0.707108 0.000000 0.707106 0.707108 0.000000 0.707106 0.707108 0.000000 0.707106 0.707107 -0.000000 0.707106 0.707107 -0.000000 0.707106 0.707107 -0.000000 0.707107 0.707107 -0.000000 0.707107 0.707107 0.000000 0.707107 0.707107 0.000000 0.707107 0.707106 -0.000000 -0.707107 0.707106 -0.000000 -0.707107 0.707106 0.000000 -0.707107 0.707106 -0.000000 -0.707107 0.707106 -0.000000 -0.707107 0.707106 -0.000000 -0.707107 0.707106 0.000000 -0.707107 0.707106 0.000000 -0.707107 0.707106 -0.000000 -0.707107 0.707106 -0.000000 -0.707107 -0.707106 -0.000000 -0.707108 -0.707107 -0.000019 -0.707107 -0.707107 -0.000019 -0.707107 -0.707106 -0.000002 -0.707108 -0.707107 0.000002 -0.707106 -0.707107 0.000003 -0.707106 -0.707107 0.000004 -0.707107 -0.707107 0.000003 -0.707107 -0.707107 0.000000 -0.707107 -0.707107 0.000000 -0.707107 
						0.707107 0.000000 -0.707107 0.707107 -0.000000 -0.707107 0.707107 0.000000 -0.707107 0.707107 0.000000 -0.707107 -0.642788 -0.000000 0.766045 -0.642788 -0.000000 0.766044 -0.642788 -0.000000 0.766044 -0.642787 -0.000000 0.766045 0.000000 1.000000 0.000000 0.000000 1.000000 0.000000 0.000000 1.000000 0.000000 0.000000 1.000000 0.000000 0.642787 0.000000 -0.766045 0.642788 0.000000 -0.766044 0.642788 0.000000 -0.766044 0.642788 0.000000 -0.766045 0.000000 -1.000000 0.000000 0.000000 -1.000000 0.000000 0.000000 -1.000000 0.000000 0.000000 -1.000000 0.000000 0.000000 -1.000000 0.000000 0.000000 -1.000000 0.000000 0.000000 -1.000000 0.000000 0.000000 -1.000000 0.000000 -0.000000 -1.000000 0.000000 -0.000000 -1.000000 0.000000 0.000000 -1.000000 0.000001 0.000000 -1.000000 0.000001 -0.000000 -1.000000 0.000000 -0.000000 -1.000000 0.000000 0.000000 -1.000000 0.000000 0.000000 -1.000000 0.000000 0.642787 0.000000 -0.766045 0.642788 0.000000 -0.766044 0.642788 0.000000 -0.766044 0.642788 0.000000 -0.766045 0.642788 0.000000 -0.766044 0.642788 0.000000 -0.766044 0.642787 0.000000 -0.766045 0.642787 0.000000 -0.766045 0.642787 0.000000 -0.766045 0.642788 0.000000 -0.766044 0.642788 0.000000 -0.766045 0.642788 0.000000 -0.766044 0.000000 1.000000 0.000000 0.000000 1.000000 0.000000 0.000000 1.000000 0.000000 0.000000 1.000000 0.000000 -0.000000 1.000000 0.000000 -0.000000 1.000000 0.000000 0.000000 1.000000 0.000001 0.000000 1.000000 0.000001 -0.000000 1.000000 0.000000 -0.000000 1.000000 0.000000 0.000000 1.000000 0.000000 0.000000 1.000000 0.000000 -0.642787 -0.000000 0.766045 -0.642788 -0.000000 0.766044 -0.642788 -0.000000 0.766044 -0.642788 -0.000000 0.766045 -0.642788 -0.000000 0.766044 -0.642788 -0.000000 0.766044 -0.642787 -0.000000 0.766045 -0.642785 -0.000000 0.766046 
						-0.642778 -0.000000 0.766053 -0.642778 -0.000000 0.766053 -0.642786 -0.000000 0.766046 -0.642788 -0.000000 0.766044 -0.642787 -0.000000 0.766045 -0.642786 -0.000000 0.766045 -0.642786 -0.000000 0.766046 -0.642787 -0.000000 0.766045 -0.000000 1.000000 0.000000 0.000000 1.000000 0.000000 0.000000 1.000000 0.000000 -0.000000 1.000000 0.000000 0.642787 -0.000001 -0.766045 0.642786 0.000000 -0.766045 0.642786 0.000000 -0.766046 0.642787 -0.000001 -0.766045 0.000000 -1.000000 -0.000000 0.000000 -1.000000 0.000000 0.000000 -1.000000 0.000000 0.000000 -1.000000 -0.000000 0.000000 -1.000000 0.000000 0.000001 -1.000000 0.000000 0.000001 -1.000000 0.000000 0.000000 -1.000000 0.000000 0.000000 -1.000000 -0.000000 0.000000 -1.000000 -0.000000 0.000001 -1.000000 -0.000000 0.000001 -1.000000 -0.000000 0.000001 -1.000000 -0.000000 0.000001 -1.000000 -0.000000 0.000002 -1.000000 0.000000 0.000001 -1.000000 0.000000 0.642788 0.000000 -0.766044 0.642787 0.000000 -0.766045 0.642788 0.000000 -0.766045 0.642788 0.000000 -0.766044 0.642789 0.000000 -0.766043 0.642789 0.000000 -0.766044 0.642786 0.000000 -0.766046 0.642786 0.000000 -0.766046 0.642786 -0.000000 -0.766046 0.642787 -0.000000 -0.766045 0.642788 -0.000001 -0.766044 0.642788 -0.000001 -0.766044 0.000001 1.000000 -0.000001 -0.000000 1.000000 -0.000001 -0.000000 1.000000 -0.000001 0.000001 1.000000 -0.000001 -0.000002 1.000000 -0.000001 -0.000001 1.000000 -0.000001 -0.000000 1.000000 0.000000 -0.000000 1.000000 0.000000 -0.000000 1.000000 0.000000 -0.000000 1.000000 0.000000 -0.000001 1.000000 -0.000000 -0.000001 1.000000 -0.000000 -0.642788 0.000000 0.766044 -0.642787 0.000000 0.766045 -0.642787 0.000000 0.766045 -0.642788 0.000000 0.766044 -0.642788 0.000000 0.766044 -0.642788 0.000000 0.766045 -0.642786 -0.000000 0.766046 -0.642786 -0.000000 0.766046 
						-0.642787 -0.000000 0.766045 -0.642787 -0.000000 0.766045 -0.642788 -0.000000 0.766044 -0.642788 -0.000000 0.766044 0.642788 0.000000 -0.766044 0.642787 0.000000 -0.766045 0.642786 0.000000 -0.766046 0.642788 0.000000 -0.766044 0.000000 -1.000000 0.000000 0.000000 -1.000000 0.000000 0.000000 -1.000000 0.000000 0.000000 -1.000000 0.000000 -0.642788 -0.000000 0.766044 -0.642787 0.000000 0.766045 -0.642786 0.000000 0.766046 -0.642788 -0.000000 0.766044 0.000000 1.000000 0.000000 0.000000 1.000000 0.000000 0.000000 1.000000 0.000000 0.000000 1.000000 0.000000 0.000000 1.000000 0.000000 -0.000001 1.000000 -0.000000 -0.000001 1.000000 -0.000000 -0.000000 1.000000 -0.000000 -0.000001 1.000000 0.000001 -0.000001 1.000000 0.000001 -0.000001 1.000000 0.000000 -0.000001 1.000000 0.000000 -0.000002 1.000000 -0.000000 -0.000001 1.000000 -0.000000 -0.000000 1.000000 0.000000 -0.000000 1.000000 0.000000 -0.642808 -0.000000 0.766027 -0.642789 -0.000000 0.766043 -0.642787 -0.000000 0.766045 -0.642804 -0.000000 0.766031 -0.642787 0.000000 0.766045 -0.642787 0.000000 0.766045 -0.642786 0.000000 0.766046 -0.642786 0.000000 0.766046 -0.642788 0.000000 0.766044 -0.642788 0.000000 0.766044 -0.642790 0.000000 0.766043 -0.642790 0.000000 0.766043 0.000020 -1.000000 0.000017 0.000003 -1.000000 0.000003 0.000001 -1.000000 0.000001 0.000016 -1.000000 0.000014 0.000000 -1.000000 -0.000000 0.000000 -1.000000 -0.000000 0.000001 -1.000000 0.000000 0.000003 -1.000000 0.000002 0.000019 -1.000000 0.000015 0.000018 -1.000000 0.000015 0.000002 -1.000000 0.000002 0.000000 -1.000000 0.000000 0.642788 -0.000001 -0.766044 0.642787 -0.000001 -0.766045 0.642787 -0.000001 -0.766045 0.642788 -0.000001 -0.766045 0.642787 -0.000000 -0.766045 0.642787 -0.000000 -0.766045 0.642786 -0.000001 -0.766046 0.642784 -0.000001 -0.766048 
						0.642770 -0.000000 -0.766059 0.642771 -0.000000 -0.766059 0.642788 -0.000000 -0.766044 0.642790 -0.000000 -0.766043 0.642787 0.000000 -0.766045 0.642787 0.000001 -0.766045 0.642786 0.000001 -0.766046 0.642787 0.000000 -0.766045 0.000000 -1.000000 -0.000000 0.000002 -1.000000 0.000001 0.000003 -1.000000 0.000001 0.000001 -1.000000 -0.000000 -0.642787 -0.000000 0.766045 -0.642787 -0.000001 0.766045 -0.642786 -0.000001 0.766046 -0.642787 -0.000000 0.766045 -0.000000 1.000000 0.000000 -0.000002 1.000000 -0.000001 -0.000003 1.000000 -0.000001 -0.000001 1.000000 0.000000 0.000000 1.000000 0.000000 -0.000000 1.000000 -0.000001 -0.000000 1.000000 -0.000001 -0.000000 1.000000 -0.000000 0.000000 1.000000 -0.000000 0.000000 1.000000 -0.000000 0.000000 1.000000 0.000000 0.000000 1.000000 0.000000 0.000000 1.000000 0.000000 0.000000 1.000000 0.000000 0.000000 1.000000 0.000000 0.000000 1.000000 0.000000 -0.642787 -0.000001 0.766045 -0.642787 -0.000003 0.766045 -0.642787 -0.000003 0.766045 -0.642787 -0.000001 0.766045 -0.642788 -0.000005 0.766045 -0.642788 -0.000005 0.766045 -0.642787 -0.000005 0.766045 -0.642786 -0.000005 0.766046 -0.642786 -0.000003 0.766046 -0.642786 -0.000003 0.766046 -0.642788 -0.000000 0.766044 -0.642788 -0.000000 0.766044 0.000001 -1.000000 -0.000001 0.000001 -1.000000 -0.000001 -0.000002 -1.000000 -0.000003 0.000001 -1.000000 -0.000001 -0.000027 -1.000000 -0.000023 -0.000027 -1.000000 -0.000023 -0.000003 -1.000000 -0.000003 0.000000 -1.000000 0.000000 0.000000 -1.000000 0.000000 0.000000 -1.000000 0.000000 0.000000 -1.000000 0.000000 0.000000 -1.000000 0.000000 0.642787 0.000004 -0.766045 0.642787 0.000002 -0.766045 0.642790 0.000002 -0.766042 0.642787 0.000004 -0.766045 0.642815 0.000003 -0.766021 0.642815 0.000003 -0.766022 0.642790 0.000004 -0.766043 0.642786 0.000004 -0.766046 
						0.642786 0.000004 -0.766046 0.642786 0.000004 -0.766046 0.642788 0.000002 -0.766044 0.642788 0.000002 -0.766044 0.642788 -0.000001 -0.766044 0.642787 -0.000001 -0.766045 0.642786 -0.000001 -0.766046 0.642788 -0.000001 -0.766044 0.000000 -1.000000 0.000001 -0.000000 -1.000000 0.000000 -0.000000 -1.000000 0.000000 0.000000 -1.000000 0.000001 -0.642788 -0.000000 0.766044 -0.642787 -0.000001 0.766045 -0.642786 -0.000001 0.766046 -0.642788 -0.000000 0.766044 -0.000000 1.000000 -0.000001 0.000000 1.000000 -0.000000 0.000000 1.000000 -0.000000 -0.000000 1.000000 -0.000001 0.000000 1.000000 0.000000 0.000000 1.000000 0.000000 0.000000 1.000000 0.000000 0.000000 1.000000 0.000000 0.000000 1.000000 -0.000000 0.000000 1.000000 -0.000000 0.000000 1.000000 -0.000001 0.000000 1.000000 -0.000001 -0.000000 1.000000 -0.000001 -0.000000 1.000000 -0.000001 0.000000 1.000000 -0.000001 0.000000 1.000000 -0.000001 -0.642788 -0.000004 0.766044 -0.642787 -0.000003 0.766045 -0.642787 -0.000003 0.766045 -0.642788 -0.000004 0.766044 -0.642787 -0.000003 0.766045 -0.642787 -0.000003 0.766045 -0.642787 -0.000004 0.766045 -0.642787 -0.000004 0.766045 -0.642787 -0.000003 0.766045 -0.642788 -0.000003 0.766044 -0.642789 -0.000001 0.766043 -0.642789 -0.000001 0.766043 0.000000 -1.000000 0.000000 0.000000 -1.000000 0.000000 0.000000 -1.000000 0.000000 0.000000 -1.000000 0.000000 0.000000 -1.000000 0.000000 0.000000 -1.000000 0.000000 0.000001 -1.000000 0.000000 0.000001 -1.000000 0.000001 0.000000 -1.000000 0.000001 0.000000 -1.000000 0.000001 -0.000000 -1.000000 0.000001 -0.000000 -1.000000 0.000001 0.642788 0.000005 -0.766044 0.642787 0.000003 -0.766045 0.642787 0.000003 -0.766045 0.642788 0.000005 -0.766044 0.642787 0.000002 -0.766045 0.642787 0.000002 -0.766045 0.642787 0.000003 -0.766045 0.642787 0.000003 -0.766045 
						0.642787 0.000004 -0.766045 0.642788 0.000004 -0.766044 0.642789 0.000002 -0.766043 0.642789 0.000002 -0.766043 0.642787 0.000002 -0.766045 0.642787 0.000001 -0.766045 0.642786 0.000001 -0.766046 0.642787 0.000002 -0.766045 0.000003 -1.000000 0.000000 0.000017 -1.000000 0.000013 0.000021 -1.000000 0.000016 0.000005 -1.000000 0.000002 -0.642788 0.000000 0.766044 -0.642795 -0.000001 0.766038 -0.642798 -0.000001 0.766035 -0.642790 0.000000 0.766042 -0.000000 1.000000 0.000000 0.000000 1.000000 0.000000 0.000000 1.000000 0.000000 -0.000000 1.000000 0.000000 -0.000001 1.000000 0.000000 -0.000000 1.000000 0.000000 -0.000000 1.000000 0.000000 -0.000001 1.000000 0.000000 0.000000 1.000000 0.000000 0.000000 1.000000 0.000000 -0.000000 1.000000 0.000000 -0.000000 1.000000 0.000000 -0.000001 1.000000 -0.000000 -0.000002 1.000000 -0.000000 -0.000002 1.000000 -0.000000 -0.000001 1.000000 -0.000000 -0.642787 -0.000003 0.766045 -0.642788 -0.000003 0.766044 -0.642788 -0.000003 0.766044 -0.642787 -0.000003 0.766045 -0.642788 -0.000003 0.766044 -0.642788 -0.000003 0.766044 -0.642787 -0.000001 0.766045 -0.642787 -0.000001 0.766045 -0.642788 -0.000002 0.766044 -0.642788 -0.000002 0.766044 -0.642788 -0.000001 0.766044 -0.642788 -0.000001 0.766044 -0.000001 -1.000000 0.000001 0.000000 -1.000000 0.000001 0.000000 -1.000000 0.000001 -0.000001 -1.000000 0.000001 0.000000 -1.000000 0.000000 0.000000 -1.000000 0.000000 0.000000 -1.000000 0.000000 0.000000 -1.000000 0.000000 0.000000 -1.000000 -0.000000 0.000000 -1.000000 -0.000000 0.000002 -1.000000 -0.000000 0.000002 -1.000000 -0.000000 0.642788 0.000001 -0.766045 0.642788 0.000002 -0.766045 0.642788 0.000002 -0.766044 0.642788 0.000001 -0.766045 0.642788 0.000003 -0.766044 0.642788 0.000003 -0.766044 0.642787 0.000003 -0.766045 0.642787 0.000003 -0.766045 
						0.642788 0.000003 -0.766044 0.642788 0.000003 -0.766044 0.642788 0.000002 -0.766044 0.642788 0.000002 -0.766044 0.642788 0.000002 -0.766044 0.642787 0.000002 -0.766045 0.642787 0.000002 -0.766045 0.642788 0.000002 -0.766044 0.766045 0.000000 0.642788 0.766045 -0.000000 0.642787 0.766045 -0.000000 0.642787 0.766045 0.000000 0.642788 -0.642787 -0.000002 0.766045 -0.642787 -0.000002 0.766045 -0.642787 -0.000002 0.766045 -0.642787 -0.000002 0.766045 -0.766044 -0.000000 -0.642788 -0.766045 0.000000 -0.642787 -0.766045 0.000000 -0.642787 -0.766044 -0.000000 -0.642788 0.766045 0.000000 0.642787 0.766041 0.000000 0.642792 0.766034 0.000000 0.642799 0.766039 0.000000 0.642795 0.766045 -0.000000 0.642787 0.766045 -0.000000 0.642787 0.766045 -0.000000 0.642787 0.766045 -0.000000 0.642787 -0.766046 -0.000000 -0.642786 -0.766045 -0.000000 -0.642787 -0.766045 -0.000000 -0.642788 -0.766046 -0.000000 -0.642786 -0.766044 -0.000000 -0.642788 -0.766044 -0.000001 -0.642788 -0.766044 -0.000008 -0.642788 -0.766044 -0.000008 -0.642788 -0.766044 -0.000001 -0.642788 -0.766044 -0.000000 -0.642788 -0.766044 -0.000000 -0.642788 -0.766044 -0.000000 -0.642788 -0.642787 -0.000000 0.766045 -0.642787 -0.000000 0.766045 -0.642787 0.000001 0.766045 -0.642787 -0.000000 0.766045 -0.642788 0.000005 0.766044 -0.642788 0.000005 0.766045 -0.642787 -0.000005 0.766045 -0.642787 -0.000006 0.766045 -0.642788 -0.000001 0.766045 -0.642788 -0.000001 0.766044 -0.642788 -0.000002 0.766045 -0.642788 -0.000002 0.766044 0.766045 0.000000 0.642788 0.766044 0.000000 0.642788 0.766044 0.000000 0.642788 0.766045 0.000000 0.642788 0.766044 0.000000 0.642788 0.766044 0.000000 0.642788 0.766044 0.000000 0.642788 0.766044 -0.000000 0.642788 0.766045 -0.000000 0.642787 0.766045 -0.000000 0.642787 0.766045 0.000000 0.642788 0.766045 0.000000 0.642788 
						0.642788 0.000000 -0.766044 0.642788 0.000000 -0.766044 0.642788 0.000000 -0.766044 0.642788 0.000000 -0.766044 0.642787 -0.000000 -0.766045 0.642787 0.000001 -0.766045 0.642787 0.000005 -0.766045 0.642787 0.000006 -0.766045 0.642787 0.000001 -0.766045 0.642787 0.000001 -0.766045 0.642788 0.000002 -0.766044 0.642788 0.000002 -0.766044 -0.642788 -0.000002 0.766045 -0.642788 -0.000002 0.766044 -0.642788 -0.000002 0.766044 -0.642788 -0.000002 0.766045 -0.766044 0.000006 -0.642788 -0.766044 0.000001 -0.642788 -0.766044 0.000000 -0.642788 -0.766044 0.000005 -0.642788 0.642788 -0.000000 -0.766044 0.642788 0.000000 -0.766044 0.642788 0.000000 -0.766044 0.642788 -0.000000 -0.766044 0.766045 -0.000003 0.642787 0.766045 0.000002 0.642787 0.766045 0.000003 0.642787 0.766045 -0.000002 0.642787 0.766045 0.000000 0.642787 0.766045 0.000000 0.642787 0.766044 0.000000 0.642788 0.766044 0.000000 0.642788 -0.766044 -0.000004 -0.642788 -0.766044 -0.000004 -0.642788 -0.766044 -0.000004 -0.642788 -0.766044 -0.000004 -0.642788 0.766045 0.000000 0.642787 0.766045 -0.000001 0.642787 0.766045 -0.000001 0.642787 0.766045 -0.000000 0.642787 0.766045 0.000001 0.642788 0.766045 0.000001 0.642787 0.766044 -0.000001 0.642788 0.766044 -0.000002 0.642788 0.766044 -0.000004 0.642788 0.766045 -0.000004 0.642788 0.766045 -0.000003 0.642787 0.766045 -0.000003 0.642787 0.642787 0.000000 -0.766045 0.642787 0.000001 -0.766045 0.642787 0.000001 -0.766045 0.642787 0.000000 -0.766045 0.642787 0.000000 -0.766045 0.642787 0.000001 -0.766045 0.642787 0.000005 -0.766045 0.642787 0.000005 -0.766045 0.642787 0.000001 -0.766045 0.642787 -0.000000 -0.766045 0.642787 0.000000 -0.766045 0.642787 0.000000 -0.766045 -0.766045 -0.000000 -0.642787 -0.766045 -0.000000 -0.642787 -0.766045 -0.000000 -0.642787 -0.766045 -0.000000 -0.642787 
						-0.766045 -0.000001 -0.642787 -0.766045 -0.000001 -0.642787 -0.766044 -0.000007 -0.642788 -0.766044 -0.000006 -0.642788 -0.766044 0.000005 -0.642788 -0.766044 0.000006 -0.642788 -0.766044 0.000006 -0.642788 -0.766044 0.000006 -0.642788 -0.642787 -0.000000 0.766045 -0.642787 -0.000000 0.766045 -0.642787 0.000000 0.766045 -0.642787 -0.000000 0.766045 -0.642787 -0.000000 0.766045 -0.642788 -0.000000 0.766044 -0.642788 0.000000 0.766044 -0.642788 -0.000000 0.766044 -0.642788 -0.000001 0.766044 -0.642788 -0.000001 0.766044 -0.642787 -0.000002 0.766045 -0.642787 -0.000002 0.766045 0.642788 0.000004 -0.766045 0.642788 0.000004 -0.766044 0.642788 0.000004 -0.766044 0.642787 0.000004 -0.766045 0.766045 -0.000000 0.642787 0.766045 -0.000000 0.642787 0.766045 -0.000000 0.642787 0.766045 0.000000 0.642787 -0.642788 -0.000004 0.766044 -0.642788 -0.000004 0.766044 -0.642788 -0.000004 0.766044 -0.642788 -0.000004 0.766044 -0.766045 0.000000 -0.642787 -0.766045 0.000000 -0.642787 -0.766045 0.000000 -0.642787 -0.766045 0.000000 -0.642787 0.642787 0.000004 -0.766045 0.642787 0.000004 -0.766045 0.642787 0.000004 -0.766045 0.642787 0.000004 -0.766045 0.766045 0.000000 0.642787 0.766045 -0.000000 0.642787 0.766045 -0.000000 0.642787 0.766045 0.000000 0.642787 -0.642788 -0.000004 0.766044 -0.642788 -0.000004 0.766044 -0.642788 -0.000004 0.766044 -0.642788 -0.000004 0.766044 -0.766043 -0.000000 -0.642789 -0.766043 -0.000000 -0.642790 -0.766043 -0.000000 -0.642790 -0.766043 -0.000000 -0.642789 -0.766044 0.000000 -0.642788 -0.766044 -0.000000 -0.642788 -0.766044 0.000000 -0.642788 -0.766044 0.000000 -0.642788 -0.766043 0.000001 -0.642789 -0.766043 0.000001 -0.642789 -0.766043 0.000000 -0.642790 -0.766043 -0.000000 -0.642790 -0.766043 0.000000 -0.642789 -0.766043 0.000000 -0.642789 -0.642788 -0.000000 0.766044 -0.642788 -0.000000 0.766044 
						-0.642788 0.000000 0.766044 -0.642788 -0.000000 0.766044 -0.642788 0.000000 0.766044 -0.642788 0.000000 0.766044 -0.642788 0.000000 0.766044 -0.642788 -0.000000 0.766044 -0.642788 -0.000003 0.766045 -0.642788 -0.000004 0.766044 0.766045 -0.000000 0.642786 0.766045 0.000001 0.642787 0.766045 0.000001 0.642786 0.766045 0.000000 0.642787 0.766045 0.000003 0.642787 0.766045 0.000003 0.642787 0.766045 0.000000 0.642787 0.766045 0.000000 0.642787 0.766045 0.000000 0.642787 0.766045 0.000000 0.642787 0.642788 0.000000 -0.766044 0.642788 -0.000001 -0.766044 0.642788 -0.000001 -0.766044 0.642788 0.000000 -0.766044 0.642788 -0.000003 -0.766044 0.642788 -0.000003 -0.766044 0.642787 -0.000000 -0.766045 0.642787 0.000000 -0.766045 0.642787 0.000003 -0.766045 0.642787 0.000004 -0.766045 -0.766045 -0.000000 -0.642788 -0.766045 0.000000 -0.642787 -0.766045 0.000000 -0.642787 -0.766045 -0.000000 -0.642787 -0.766045 -0.000000 -0.642787 -0.766045 -0.000000 -0.642787 -0.766045 -0.000010 -0.642787 -0.766045 -0.000010 -0.642787 -0.766044 -0.000000 -0.642788 -0.766044 0.000000 -0.642788 -0.642788 -0.000000 0.766045 -0.642788 -0.000000 0.766044 -0.642788 -0.000000 0.766044 -0.642788 -0.000000 0.766044 -0.642788 -0.000000 0.766044 -0.642788 -0.000000 0.766044 -0.642788 -0.000000 0.766044 -0.642788 -0.000000 0.766044 -0.642788 -0.000003 0.766044 -0.642788 -0.000004 0.766044 0.766044 0.000000 0.642788 0.766044 -0.000000 0.642788 0.766044 -0.000000 0.642788 0.766044 0.000000 0.642788 0.766045 0.000000 0.642787 0.766045 0.000000 0.642787 0.766045 0.000005 0.642787 0.766045 0.000005 0.642787 0.766045 0.000000 0.642787 0.766045 0.000000 0.642787 0.642788 0.000000 -0.766045 0.642788 0.000000 -0.766044 0.642788 0.000000 -0.766044 0.642788 0.000000 -0.766044 0.642788 0.000000 -0.766044 0.642788 -0.000000 -0.766044 
						0.642788 -0.000007 -0.766044 0.642788 -0.000006 -0.766045 0.642787 0.000003 -0.766045 0.642787 0.000004 -0.766045 0.766044 -0.000000 0.642788 0.766044 -0.000000 0.642788 0.766045 -0.000001 0.642788 0.766045 -0.000000 0.642788 0.707107 0.000000 0.707107 0.707108 0.000000 0.707106 0.707108 0.000000 0.707106 0.707107 0.000000 0.707106 0.000000 1.000000 0.000000 0.000000 1.000000 0.000000 0.000000 1.000000 0.000000 0.000000 1.000000 0.000000 -0.707107 -0.000000 -0.707107 -0.707108 -0.000000 -0.707106 -0.707108 -0.000000 -0.707106 -0.707107 -0.000000 -0.707106 0.000000 -1.000000 0.000000 0.000000 -1.000000 0.000000 0.000000 -1.000000 0.000000 0.000000 -1.000000 0.000000 0.000000 -1.000000 0.000000 0.000000 -1.000000 0.000000 0.000000 -1.000000 0.000000 0.000000 -1.000000 0.000000 0.000000 -1.000000 0.000000 0.000000 -1.000000 0.000000 0.000000 -1.000000 0.000000 0.000000 -1.000000 0.000000 0.000000 -1.000000 0.000000 0.000000 -1.000000 0.000000 0.000000 -1.000000 0.000000 0.000000 -1.000000 0.000000 -0.707117 -0.000000 -0.707096 -0.707109 -0.000000 -0.707105 -0.707107 -0.000000 -0.707107 -0.707114 -0.000000 -0.707100 -0.707107 -0.000000 -0.707107 -0.707107 -0.000000 -0.707107 -0.707106 -0.000000 -0.707108 -0.707107 -0.000000 -0.707106 -0.707115 -0.000000 -0.707098 -0.707115 -0.000000 -0.707098 -0.707108 -0.000000 -0.707105 -0.707106 -0.000000 -0.707107 0.000000 1.000000 0.000000 0.000000 1.000000 0.000000 0.000000 1.000000 0.000000 0.000000 1.000000 0.000000 0.000000 1.000000 0.000000 0.000000 1.000000 0.000000 0.000000 1.000000 0.000000 0.000000 1.000000 0.000000 0.000000 1.000000 0.000000 0.000000 1.000000 0.000000 0.000000 1.000000 0.000000 0.000000 1.000000 0.000000 0.707117 0.000000 0.707096 0.707109 0.000000 0.707105 0.707107 0.000000 0.707107 0.707114 0.000000 0.707100 
						0.707107 0.000000 0.707107 0.707107 0.000000 0.707107 0.707106 0.000000 0.707108 0.707107 0.000000 0.707106 0.707115 0.000000 0.707098 0.707115 0.000000 0.707098 0.707108 0.000000 0.707105 0.707107 0.000000 0.707107 -0.707107 -0.000000 -0.707107 -0.707106 -0.000000 -0.707108 -0.707106 -0.000000 -0.707108 -0.707107 -0.000000 -0.707107 0.000000 -1.000000 0.000000 0.000000 -1.000000 0.000000 0.000000 -1.000000 0.000000 0.000000 -1.000000 0.000000 0.707107 -0.000000 0.707107 0.707106 -0.000000 0.707108 0.707106 -0.000000 0.707108 0.707107 -0.000000 0.707107 -0.000001 1.000000 -0.000001 0.000000 1.000000 0.000000 0.000000 1.000000 0.000000 -0.000001 1.000000 -0.000001 0.000000 1.000000 0.000000 0.000000 1.000000 0.000000 0.000000 1.000000 0.000000 0.000000 1.000000 0.000000 0.000000 1.000000 0.000000 0.000000 1.000000 0.000000 0.000000 1.000000 0.000000 0.000000 1.000000 0.000000 -0.000001 1.000000 -0.000001 -0.000001 1.000000 -0.000001 -0.000001 1.000000 -0.000001 -0.000001 1.000000 -0.000001 0.707108 -0.000000 0.707106 0.707108 0.000000 0.707106 0.707108 0.000000 0.707106 0.707108 -0.000000 0.707106 0.707107 -0.000000 0.707107 0.707107 -0.000000 0.707107 0.707108 -0.000000 0.707105 0.707108 -0.000000 0.707105 0.707107 -0.000000 0.707106 0.707107 -0.000000 0.707106 0.707106 -0.000000 0.707108 0.707106 -0.000000 0.707108 0.000000 -1.000000 0.000000 0.000000 -1.000000 0.000000 0.000000 -1.000000 0.000000 0.000000 -1.000000 0.000000 0.000000 -1.000000 0.000000 0.000000 -1.000000 0.000000 -0.000000 -1.000000 0.000001 -0.000000 -1.000000 0.000001 0.000000 -1.000000 0.000000 0.000000 -1.000000 0.000000 0.000000 -1.000000 0.000000 0.000000 -1.000000 0.000000 -0.707108 0.000000 -0.707106 -0.707108 0.000000 -0.707106 -0.707108 0.000000 -0.707106 -0.707108 0.000000 -0.707106 
						-0.707107 -0.000000 -0.707107 -0.707107 -0.000000 -0.707107 -0.707108 0.000000 -0.707106 -0.707108 0.000000 -0.707106 -0.707107 0.000000 -0.707106 -0.707107 0.000000 -0.707106 -0.707106 0.000000 -0.707108 -0.707106 0.000000 -0.707108 0.707108 0.000000 0.707106 0.707107 0.000001 0.707106 0.707107 0.000001 0.707106 0.707108 0.000000 0.707106 0.000000 1.000000 0.000000 0.000000 1.000000 0.000000 0.000000 1.000000 0.000000 0.000000 1.000000 0.000000 -0.707108 0.000000 -0.707106 -0.707107 0.000000 -0.707106 -0.707107 0.000000 -0.707106 -0.707108 0.000000 -0.707106 0.000000 -1.000000 0.000000 0.000000 -1.000000 0.000000 0.000000 -1.000000 0.000000 0.000000 -1.000000 0.000000 0.000000 -1.000000 0.000000 0.000000 -1.000000 0.000000 0.000000 -1.000000 0.000000 0.000000 -1.000000 0.000000 0.000000 -1.000000 0.000000 0.000000 -1.000000 0.000000 0.000000 -1.000000 0.000000 0.000000 -1.000000 0.000000 0.000000 -1.000000 0.000000 0.000000 -1.000000 0.000000 0.000000 -1.000000 0.000000 0.000000 -1.000000 0.000000 -0.707108 0.000000 -0.707106 -0.707107 0.000000 -0.707107 -0.707107 0.000000 -0.707107 -0.707108 0.000000 -0.707106 -0.707108 0.000001 -0.707106 -0.707108 0.000001 -0.707106 -0.707108 0.000001 -0.707106 -0.707107 0.000001 -0.707106 -0.707106 -0.000000 -0.707107 -0.707106 -0.000000 -0.707107 -0.707108 0.000000 -0.707105 -0.707109 0.000000 -0.707105 0.000000 1.000000 0.000000 0.000000 1.000000 0.000000 0.000000 1.000000 0.000000 0.000000 1.000000 0.000000 0.000000 1.000000 0.000000 0.000000 1.000000 0.000000 0.000000 1.000000 0.000000 -0.000002 1.000000 0.000002 -0.000017 1.000000 0.000017 -0.000017 1.000000 0.000017 -0.000002 1.000000 0.000002 0.000000 1.000000 0.000000 0.707108 -0.000001 0.707106 0.707107 -0.000001 0.707107 0.707107 -0.000001 0.707107 0.707108 -0.000001 0.707106 
						0.707108 -0.000000 0.707106 0.707108 -0.000000 0.707106 0.707108 -0.000000 0.707106 0.707107 -0.000000 0.707106 0.707106 0.000000 0.707107 0.707106 0.000000 0.707107 0.707108 -0.000000 0.707105 0.707109 -0.000000 0.707105 -0.707107 0.000000 -0.707107 -0.707106 0.000000 -0.707108 -0.707106 0.000000 -0.707108 -0.707107 0.000000 -0.707107 0.000003 -1.000000 -0.000000 0.000001 -1.000000 0.000000 0.000001 -1.000000 0.000001 0.000003 -1.000000 -0.000000 0.707105 -0.000001 0.707108 0.707107 0.000000 0.707106 0.707108 0.000000 0.707106 0.707105 -0.000001 0.707108 -0.000000 1.000000 -0.000000 -0.000003 1.000000 0.000001 -0.000003 1.000000 0.000002 -0.000001 1.000000 -0.000000 0.000000 1.000000 0.000000 0.000000 1.000000 0.000000 0.000000 1.000000 0.000000 0.000000 1.000000 0.000000 0.000000 1.000000 0.000000 0.000000 1.000000 0.000000 -0.000000 1.000000 0.000001 -0.000000 1.000000 0.000001 0.000000 1.000000 0.000000 0.000000 1.000000 0.000000 0.000000 1.000000 0.000000 0.000000 1.000000 0.000000 0.707124 0.000002 0.707090 0.707108 0.000001 0.707106 0.707106 0.000001 0.707108 0.707120 0.000002 0.707094 0.707106 0.000000 0.707108 0.707106 0.000000 0.707108 0.707107 -0.000001 0.707106 0.707107 -0.000001 0.707106 0.707105 -0.000001 0.707108 0.707105 -0.000001 0.707108 0.707106 -0.000001 0.707107 0.707106 -0.000001 0.707107 -0.000015 -1.000000 0.000019 0.000002 -1.000000 0.000002 0.000004 -1.000000 -0.000000 -0.000011 -1.000000 0.000015 0.000003 -1.000000 0.000000 0.000003 -1.000000 0.000000 0.000004 -1.000000 0.000001 0.000004 -1.000000 0.000001 0.000005 -1.000000 0.000001 0.000005 -1.000000 0.000001 0.000004 -1.000000 0.000001 0.000004 -1.000000 0.000001 -0.707107 0.000000 -0.707107 -0.707108 0.000000 -0.707106 -0.707108 0.000000 -0.707106 -0.707107 0.000000 -0.707107 
						-0.707107 -0.000001 -0.707106 -0.707108 -0.000001 -0.707106 -0.707108 -0.000002 -0.707105 -0.707108 -0.000002 -0.707105 -0.707107 -0.000001 -0.707106 -0.707107 -0.000001 -0.707106 -0.707108 -0.000000 -0.707106 -0.707108 -0.000000 -0.707106 -0.707107 0.000001 -0.707107 -0.707107 0.000002 -0.707106 -0.707107 0.000002 -0.707106 -0.707107 0.000001 -0.707107 0.000000 -1.000000 0.000000 0.000000 -1.000000 0.000000 0.000000 -1.000000 0.000000 0.000000 -1.000000 0.000000 0.707107 0.000000 0.707107 0.707107 0.000000 0.707106 0.707107 0.000000 0.707106 0.707107 0.000000 0.707107 0.000000 1.000000 0.000000 0.000000 1.000000 0.000000 0.000000 1.000000 0.000000 0.000000 1.000000 0.000000 0.000000 1.000000 0.000000 0.000000 1.000000 0.000000 0.000000 1.000000 0.000000 0.000000 1.000000 0.000000 0.000000 1.000000 0.000000 0.000000 1.000000 0.000000 0.000000 1.000000 0.000000 0.000000 1.000000 0.000000 0.000000 1.000000 0.000000 0.000000 1.000000 0.000000 0.000000 1.000000 0.000000 0.000000 1.000000 0.000000 0.707106 -0.000002 0.707108 0.707106 -0.000001 0.707108 0.707106 -0.000001 0.707107 0.707106 -0.000002 0.707108 0.707106 -0.000001 0.707107 0.707106 -0.000001 0.707107 0.707106 -0.000002 0.707108 0.707106 -0.000002 0.707108 0.707107 -0.000002 0.707107 0.707107 -0.000002 0.707107 0.707108 -0.000001 0.707105 0.707108 -0.000001 0.707105 0.000000 -1.000000 0.000000 0.000000 -1.000000 0.000000 0.000000 -1.000000 0.000000 0.000000 -1.000000 0.000000 0.000000 -1.000000 0.000000 0.000000 -1.000000 0.000000 0.000000 -1.000000 0.000000 0.000000 -1.000000 0.000000 0.000000 -1.000000 0.000000 0.000000 -1.000000 0.000000 0.000000 -1.000000 0.000000 0.000000 -1.000000 0.000000 -0.707106 0.000000 -0.707108 -0.707106 -0.000001 -0.707108 -0.707106 -0.000001 -0.707107 -0.707106 0.000000 -0.707108 
						-0.707106 -0.000000 -0.707107 -0.707106 0.000000 -0.707107 -0.707106 0.000001 -0.707108 -0.707106 0.000001 -0.707108 -0.707107 -0.000000 -0.707107 -0.707107 -0.000000 -0.707107 -0.707108 -0.000000 -0.707105 -0.707108 -0.000000 -0.707105 -0.707106 0.000000 -0.707107 -0.707107 0.000000 -0.707106 -0.707108 0.000000 -0.707106 -0.707107 0.000000 -0.707107 0.000000 -1.000000 0.000000 0.000000 -1.000000 0.000000 0.000000 -1.000000 0.000000 0.000000 -1.000000 0.000000 0.707106 0.000000 0.707107 0.707108 0.000000 0.707105 0.707109 0.000000 0.707104 0.707107 0.000000 0.707107 -0.000000 1.000000 -0.000000 -0.000003 1.000000 0.000001 -0.000003 1.000000 0.000002 -0.000001 1.000000 -0.000000 0.000000 1.000000 0.000000 0.000000 1.000000 0.000000 0.000000 1.000000 0.000000 0.000000 1.000000 0.000000 0.000000 1.000000 0.000000 0.000000 1.000000 0.000000 0.000000 1.000000 0.000000 0.000000 1.000000 0.000000 0.000000 1.000000 0.000000 0.000000 1.000000 0.000000 0.000000 1.000000 0.000000 0.000000 1.000000 0.000000 0.707108 0.000002 0.707106 0.707108 0.000002 0.707106 0.707108 0.000002 0.707106 0.707108 0.000002 0.707106 0.707108 0.000002 0.707105 0.707108 0.000002 0.707105 0.707107 0.000002 0.707106 0.707107 0.000002 0.707106 0.707107 0.000001 0.707107 0.707107 0.000001 0.707107 0.707106 -0.000000 0.707107 0.707106 -0.000000 0.707107 0.000000 -1.000000 0.000000 0.000000 -1.000000 0.000000 0.000000 -1.000000 0.000000 0.000000 -1.000000 0.000000 0.000000 -1.000000 0.000000 0.000000 -1.000000 0.000000 0.000000 -1.000000 0.000000 0.000000 -1.000000 0.000000 0.000000 -1.000000 0.000000 0.000000 -1.000000 0.000000 0.000000 -1.000000 0.000000 0.000000 -1.000000 0.000000 -0.707108 0.000000 -0.707106 -0.707108 0.000000 -0.707106 -0.707108 0.000000 -0.707106 -0.707108 0.000000 -0.707106 
						-0.707108 0.000000 -0.707105 -0.707108 0.000000 -0.707106 -0.707107 0.000000 -0.707106 -0.707107 0.000000 -0.707106 -0.707107 -0.000001 -0.707107 -0.707107 -0.000001 -0.707107 -0.707106 -0.000001 -0.707107 -0.707106 -0.000001 -0.707107 -0.707107 0.000000 -0.707107 -0.707107 0.000000 -0.707107 -0.707107 -0.000000 -0.707107 -0.707107 0.000000 -0.707107 0.707107 -0.000000 -0.707107 0.707107 -0.000011 -0.707107 0.707107 -0.000013 -0.707107 0.707107 -0.000001 -0.707107 0.707107 0.000005 0.707107 0.707107 0.000001 0.707107 0.707107 0.000000 0.707106 0.707107 0.000005 0.707107 -0.707107 -0.000008 0.707107 -0.707107 -0.000001 0.707107 -0.707107 0.000000 0.707107 -0.707107 -0.000008 0.707107 0.707107 0.000000 -0.707107 0.707107 0.000000 -0.707107 0.707107 0.000000 -0.707106 0.707107 0.000000 -0.707106 0.707107 0.000000 -0.707107 0.707107 0.000000 -0.707107 0.707107 0.000000 -0.707107 0.707107 0.000000 -0.707107 -0.707107 -0.000000 0.707107 -0.707107 -0.000000 0.707107 -0.707107 -0.000000 0.707107 -0.707107 -0.000000 0.707107 -0.707107 -0.000001 0.707107 -0.707107 -0.000001 0.707107 -0.707107 -0.000001 0.707107 -0.707107 -0.000001 0.707107 -0.707107 -0.000000 0.707107 -0.707107 0.000000 0.707107 -0.707106 0.000000 0.707107 -0.707106 -0.000001 0.707107 0.707107 0.000000 0.707106 0.707107 0.000000 0.707107 0.707107 0.000000 0.707107 0.707107 0.000000 0.707106 0.707107 0.000000 0.707107 0.707107 -0.000000 0.707107 0.707107 -0.000000 0.707107 0.707107 -0.000000 0.707107 0.707107 -0.000000 0.707107 0.707107 -0.000000 0.707107 0.707107 0.000000 0.707107 0.707107 0.000001 0.707107 0.707107 0.000000 -0.707107 0.707107 0.000000 -0.707106 0.707107 -0.000000 -0.707106 0.707107 0.000000 -0.707107 0.707107 -0.000007 -0.707107 0.707107 -0.000007 -0.707106 0.707107 0.000001 -0.707107 0.707107 0.000001 -0.707107 
						0.707107 0.000000 -0.707107 0.707107 -0.000000 -0.707107 0.707107 -0.000000 -0.707107 0.707107 -0.000000 -0.707107 -0.707107 -0.000000 -0.707107 -0.707107 -0.000000 -0.707107 -0.707107 0.000000 -0.707107 -0.707107 -0.000000 -0.707107 -0.707107 -0.000000 -0.707107 -0.707107 -0.000000 -0.707107 -0.707107 0.000000 -0.707107 -0.707107 0.000000 -0.707107 -0.707107 0.000000 -0.707107 -0.707107 0.000000 -0.707107 -0.707107 -0.000000 -0.707107 -0.707107 -0.000000 -0.707107 0.707107 0.000000 0.707107 0.707107 -0.000000 0.707106 0.707107 -0.000000 0.707106 0.707107 0.000000 0.707107 -0.707107 0.000000 0.707107 -0.707107 -0.000000 0.707107 -0.707107 -0.000000 0.707107 -0.707107 0.000000 0.707107 -0.707107 0.000000 -0.707106 -0.707107 0.000000 -0.707106 -0.707107 -0.000000 -0.707106 -0.707107 0.000000 -0.707106 0.707107 -0.000000 -0.707106 0.707107 0.000000 -0.707107 0.707107 0.000000 -0.707107 0.707107 -0.000000 -0.707106 -0.707107 0.000000 0.707106 -0.707107 0.000000 0.707106 -0.707107 0.000000 0.707106 -0.707107 0.000000 0.707106 -0.707106 0.000000 0.707107 -0.707106 0.000000 0.707107 -0.707106 0.000000 0.707108 -0.707106 0.000000 0.707108 0.707106 -0.000000 -0.707107 0.707106 0.000000 -0.707107 0.707106 0.000000 -0.707107 0.707106 -0.000000 -0.707107 0.707106 -0.000000 -0.707107 0.707106 -0.000000 -0.707107 0.707107 -0.000003 -0.707107 0.707107 -0.000003 -0.707106 0.707107 -0.000000 -0.707106 0.707107 -0.000000 -0.707106 0.707107 0.000000 -0.707106 0.707107 0.000000 -0.707106 -0.707107 -0.000003 -0.707106 -0.707107 -0.000001 -0.707107 -0.707107 -0.000001 -0.707107 -0.707107 -0.000003 -0.707106 -0.707107 -0.000005 -0.707107 -0.707107 -0.000005 -0.707107 -0.707107 -0.000001 -0.707107 -0.707107 0.000000 -0.707107 -0.707107 -0.000000 -0.707106 -0.707107 -0.000000 -0.707106 -0.707107 0.000000 -0.707106 -0.707107 0.000000 -0.707106 
						-0.707107 0.000000 0.707107 -0.707107 -0.000000 0.707107 -0.707107 -0.000000 0.707107 -0.707107 0.000000 0.707107 -0.707107 0.000000 0.707107 -0.707107 0.000000 0.707107 -0.707106 0.000003 0.707107 -0.707106 0.000003 0.707107 -0.707106 0.000000 0.707107 -0.707106 0.000000 0.707107 -0.707106 -0.000000 0.707107 -0.707106 -0.000000 0.707107 0.707108 0.000000 0.707105 0.707108 0.000001 0.707106 0.707108 0.000001 0.707106 0.707108 0.000000 0.707105 0.707107 0.000000 0.707106 0.707107 -0.000000 0.707106 0.707106 -0.000000 0.707107 0.707106 -0.000000 0.707107 0.707106 -0.000000 0.707107 0.707106 -0.000000 0.707107 0.707107 -0.000000 0.707107 0.707107 -0.000000 0.707107 0.707107 -0.000000 0.707106 0.707107 0.000000 0.707106 0.707107 0.000000 0.707106 0.707107 -0.000000 0.707106 -0.707107 -0.000000 0.707107 -0.707107 0.000000 0.707107 -0.707107 0.000000 0.707107 -0.707107 -0.000000 0.707107 -0.707107 -0.000021 -0.707106 -0.707107 -0.000002 -0.707107 -0.707107 0.000000 -0.707107 -0.707107 -0.000020 -0.707106 0.707107 0.000000 -0.707107 0.707106 -0.000000 -0.707107 0.707106 -0.000000 -0.707107 0.707107 0.000000 -0.707107 -0.707108 -0.000000 -0.707106 -0.707108 0.000000 -0.707106 -0.707108 0.000000 -0.707106 -0.707108 -0.000000 -0.707106 0.707106 0.000000 -0.707108 0.707106 0.000000 -0.707108 0.707106 0.000000 -0.707108 0.707106 0.000000 -0.707108 0.707108 -0.000000 0.707106 0.707108 -0.000000 0.707106 0.707108 -0.000000 0.707106 0.707108 -0.000000 0.707106 -0.707106 -0.000000 0.707108 -0.707106 0.000000 0.707108 -0.707106 0.000000 0.707108 -0.707106 -0.000000 0.707108 -0.707107 -0.000000 0.707107 -0.707107 0.000000 0.707107 -0.707107 0.000000 0.707107 -0.707107 -0.000000 0.707107 -0.707106 0.000001 0.707107 -0.707106 0.000001 0.707107 -0.707106 0.000000 0.707108 -0.707106 -0.000000 0.707108 
						-0.707106 -0.000000 0.707108 -0.707106 -0.000000 0.707108 0.707108 0.000000 0.707106 0.707107 0.000000 0.707106 0.707108 0.000000 0.707106 0.707108 0.000000 0.707106 0.707107 0.000000 0.707106 0.707107 0.000000 0.707106 0.707107 -0.000000 0.707106 0.707107 -0.000000 0.707106 0.707107 -0.000000 0.707106 0.707107 -0.000000 0.707106 0.707107 0.000000 -0.707107 0.707107 0.000001 -0.707107 0.707107 0.000001 -0.707107 0.707107 0.000000 -0.707107 0.707106 0.000000 -0.707107 0.707107 0.000000 -0.707107 0.707106 0.000015 -0.707107 0.707106 0.000015 -0.707107 0.707106 0.000015 -0.707107 0.707106 0.000015 -0.707107 -0.707107 -0.000000 -0.707106 -0.707108 -0.000001 -0.707106 -0.707107 -0.000001 -0.707106 -0.707107 -0.000000 -0.707106 -0.707107 -0.000001 -0.707106 -0.707107 -0.000001 -0.707106 -0.707107 -0.000000 -0.707107 -0.707107 -0.000000 -0.707107 -0.707107 0.000000 -0.707106 -0.707107 0.000000 -0.707106 0.707107 -0.000000 -0.707107 0.707106 -0.000000 -0.707108 0.707106 -0.000000 -0.707108 0.707107 -0.000000 -0.707107 0.707105 -0.000000 -0.707108 0.707105 -0.000000 -0.707108 0.707106 -0.000005 -0.707108 0.707106 -0.000005 -0.707108 0.707107 -0.000000 -0.707107 0.707107 -0.000000 -0.707107 -0.707107 -0.000000 -0.707107 -0.707107 -0.000000 -0.707106 -0.707107 -0.000000 -0.707106 -0.707107 -0.000000 -0.707107 -0.707108 0.000000 -0.707106 -0.707108 0.000000 -0.707106 -0.707107 -0.000000 -0.707106 -0.707107 -0.000001 -0.707106 -0.707107 -0.000020 -0.707106 -0.707107 -0.000021 -0.707106 -0.707107 0.000000 0.707107 -0.707107 -0.000015 0.707107 -0.707107 -0.000015 0.707107 -0.707107 -0.000001 0.707107 -0.707107 -0.000000 0.707106 -0.707107 -0.000000 0.707106 -0.707108 0.000000 0.707106 -0.707108 0.000000 0.707106 -0.707107 0.000000 0.707107 -0.707107 0.000000 0.707106 0.707107 0.000000 0.707107 0.707107 0.000010 0.707106 
						0.707107 0.000010 0.707106 0.707107 0.000001 0.707107 0.707108 0.000000 0.707106 0.707108 -0.000000 0.707106 0.707108 -0.000007 0.707106 0.707108 -0.000007 0.707106 0.707108 -0.000000 0.707106 0.707108 -0.000000 0.707106 0.707107 0.000000 -0.707107 0.707106 0.000001 -0.707107 0.707106 0.000000 -0.707107 0.707107 -0.000000 -0.707107 0.642787 0.000000 -0.766045 0.642787 0.000000 -0.766045 0.642787 0.000000 -0.766045 0.642787 0.000000 -0.766045 0.000000 -1.000000 0.000000 0.000000 -1.000000 0.000000 0.000000 -1.000000 0.000000 0.000000 -1.000000 0.000000 -0.642787 -0.000000 0.766045 -0.642787 -0.000000 0.766045 -0.642787 -0.000000 0.766045 -0.642787 -0.000000 0.766045 0.000000 1.000000 0.000000 0.000000 1.000000 0.000000 0.000000 1.000000 0.000000 0.000000 1.000000 0.000000 0.000000 1.000000 0.000000 0.000000 1.000000 0.000000 0.000000 1.000000 0.000000 0.000000 1.000000 0.000000 0.000000 1.000000 0.000000 0.000000 1.000000 0.000000 0.000000 1.000000 0.000000 0.000000 1.000000 0.000000 0.000000 1.000000 0.000000 0.000000 1.000000 0.000000 0.000000 1.000000 0.000000 0.000000 1.000000 0.000000 -0.642787 -0.000000 0.766045 -0.642789 -0.000000 0.766043 -0.642789 -0.000000 0.766043 -0.642788 -0.000000 0.766044 -0.642788 -0.000000 0.766044 -0.642788 -0.000000 0.766044 -0.642787 -0.000000 0.766045 -0.642787 -0.000000 0.766045 -0.642789 -0.000000 0.766043 -0.642789 -0.000000 0.766043 -0.642787 -0.000000 0.766045 -0.642787 -0.000000 0.766045 0.000000 -1.000000 0.000000 0.000001 -1.000000 -0.000001 0.000001 -1.000000 -0.000001 0.000000 -1.000000 0.000000 -0.000001 -1.000000 -0.000003 -0.000001 -1.000000 -0.000003 0.000000 -1.000000 -0.000001 0.000000 -1.000000 -0.000000 0.000000 -1.000000 0.000000 0.000000 -1.000000 0.000000 0.000000 -1.000000 0.000000 0.000000 -1.000000 0.000000 
						0.642787 0.000000 -0.766045 0.642789 0.000000 -0.766043 0.642789 0.000000 -0.766043 0.642788 0.000000 -0.766044 0.642789 0.000000 -0.766043 0.642789 0.000000 -0.766043 0.642787 0.000000 -0.766045 0.642787 0.000000 -0.766045 0.642789 0.000000 -0.766043 0.642789 0.000000 -0.766043 0.642787 0.000000 -0.766045 0.642787 0.000000 -0.766045 0.642786 0.000000 -0.766046 0.642785 -0.000000 -0.766046 0.642785 -0.000000 -0.766046 0.642786 0.000000 -0.766046 0.000000 -1.000000 0.000000 0.000000 -1.000000 0.000000 0.000000 -1.000000 0.000000 0.000000 -1.000000 0.000000 -0.642786 -0.000000 0.766046 -0.642785 -0.000000 0.766046 -0.642785 -0.000000 0.766046 -0.642786 -0.000000 0.766046 0.000000 1.000000 0.000000 0.000000 1.000000 0.000000 0.000000 1.000000 0.000000 0.000000 1.000000 0.000000 0.000000 1.000000 0.000000 0.000000 1.000000 0.000000 0.000000 1.000000 0.000000 0.000000 1.000000 0.000000 0.000000 1.000000 0.000000 0.000000 1.000000 0.000000 0.000000 1.000000 0.000000 0.000000 1.000000 0.000000 0.000000 1.000000 0.000000 0.000000 1.000000 0.000000 0.000000 1.000000 0.000000 0.000000 1.000000 0.000000 -0.642788 0.000000 0.766044 -0.642787 0.000000 0.766045 -0.642787 0.000000 0.766045 -0.642788 0.000000 0.766044 -0.642786 -0.000000 0.766046 -0.642787 -0.000000 0.766045 -0.642789 -0.000000 0.766044 -0.642789 -0.000000 0.766043 -0.642790 -0.000000 0.766042 -0.642790 -0.000000 0.766042 -0.642788 -0.000000 0.766044 -0.642788 -0.000000 0.766044 0.000000 -1.000000 0.000000 0.000001 -1.000000 0.000000 0.000001 -1.000000 0.000000 0.000000 -1.000000 0.000000 0.000000 -1.000000 0.000000 0.000000 -1.000000 0.000000 0.000000 -1.000000 0.000000 0.000000 -1.000000 0.000000 0.000000 -1.000000 0.000000 0.000000 -1.000000 0.000000 0.000000 -1.000000 0.000000 0.000000 -1.000000 0.000000 
						0.642788 -0.000000 -0.766044 0.642787 -0.000001 -0.766045 0.642786 -0.000001 -0.766046 0.642788 -0.000000 -0.766044 0.642786 -0.000001 -0.766046 0.642787 -0.000001 -0.766045 0.642789 -0.000000 -0.766044 0.642789 -0.000000 -0.766043 0.642791 -0.000000 -0.766042 0.642790 -0.000000 -0.766042 0.642788 -0.000000 -0.766044 0.642788 -0.000000 -0.766044 0.642783 0.000001 -0.766048 0.642786 0.000002 -0.766046 0.642787 0.000002 -0.766045 0.642783 0.000001 -0.766048 0.000000 -1.000000 0.000000 0.000000 -1.000000 0.000000 0.000000 -1.000000 0.000000 0.000000 -1.000000 0.000000 -0.642783 -0.000002 0.766048 -0.642786 -0.000002 0.766046 -0.642787 -0.000002 0.766045 -0.642783 -0.000002 0.766048 -0.000000 1.000000 0.000001 0.000000 1.000000 0.000000 0.000000 1.000000 0.000000 -0.000000 1.000000 0.000001 0.000000 1.000000 0.000000 0.000000 1.000000 0.000000 0.000000 1.000000 0.000000 0.000000 1.000000 0.000000 0.000000 1.000000 0.000000 0.000000 1.000000 0.000000 0.000000 1.000000 0.000000 0.000000 1.000000 0.000000 -0.000000 1.000000 0.000000 -0.000000 1.000000 0.000001 0.000001 1.000000 0.000002 0.000001 1.000000 0.000002 -0.642787 0.000000 0.766045 -0.642788 0.000000 0.766044 -0.642788 0.000000 0.766044 -0.642788 0.000000 0.766045 -0.642785 0.000000 0.766046 -0.642785 0.000000 0.766047 -0.642785 -0.000000 0.766047 -0.642782 -0.000000 0.766049 -0.642765 -0.000001 0.766063 -0.642766 -0.000001 0.766063 -0.642785 -0.000002 0.766046 -0.642787 -0.000002 0.766045 0.000000 -1.000000 0.000000 0.000000 -1.000000 0.000000 0.000000 -1.000000 0.000000 0.000000 -1.000000 0.000000 0.000000 -1.000000 0.000000 0.000000 -1.000000 0.000000 0.000000 -1.000000 0.000000 0.000000 -1.000000 0.000000 0.000000 -1.000000 0.000000 0.000000 -1.000000 0.000000 0.000000 -1.000000 0.000000 0.000000 -1.000000 0.000000 
						0.642787 -0.000001 -0.766045 0.642788 -0.000000 -0.766044 0.642788 -0.000000 -0.766044 0.642788 -0.000001 -0.766045 0.642785 0.000000 -0.766046 0.642785 0.000000 -0.766047 0.642785 0.000000 -0.766047 0.642782 0.000000 -0.766049 0.642765 0.000001 -0.766063 0.642765 0.000001 -0.766063 0.642784 0.000001 -0.766048 0.642786 0.000001 -0.766046 0.642787 0.000000 -0.766045 0.642784 0.000001 -0.766047 0.642783 0.000001 -0.766048 0.642788 0.000000 -0.766044 0.000000 -1.000000 0.000000 0.000000 -1.000000 0.000000 0.000000 -1.000000 0.000000 0.000000 -1.000000 0.000000 -0.642787 0.000001 0.766045 -0.642784 0.000000 0.766047 -0.642783 0.000000 0.766048 -0.642788 0.000001 0.766044 0.000000 1.000000 0.000000 0.000000 1.000000 0.000000 0.000000 1.000000 0.000000 0.000000 1.000000 0.000000 -0.000002 1.000000 0.000003 -0.000005 1.000000 0.000001 -0.000006 1.000000 0.000000 -0.000003 1.000000 0.000002 -0.000007 1.000000 0.000000 -0.000007 1.000000 0.000000 -0.000007 1.000000 -0.000001 -0.000006 1.000000 -0.000000 -0.000001 1.000000 0.000000 -0.000001 1.000000 0.000001 0.000000 1.000000 0.000000 0.000000 1.000000 0.000000 -0.642785 0.000000 0.766047 -0.642784 -0.000001 0.766047 -0.642784 -0.000001 0.766047 -0.642785 0.000000 0.766047 -0.642785 -0.000001 0.766047 -0.642785 -0.000001 0.766046 -0.642785 -0.000000 0.766047 -0.642785 -0.000000 0.766046 -0.642789 -0.000001 0.766043 -0.642788 -0.000001 0.766045 -0.642771 0.000000 0.766059 -0.642771 -0.000000 0.766059 0.000000 -1.000000 0.000000 0.000000 -1.000000 0.000000 0.000000 -1.000000 0.000000 0.000000 -1.000000 0.000000 0.000001 -1.000000 -0.000001 0.000001 -1.000000 -0.000000 0.000005 -1.000000 0.000002 0.000005 -1.000000 0.000002 0.000001 -1.000000 -0.000000 0.000001 -1.000000 -0.000001 0.000000 -1.000000 0.000000 0.000000 -1.000000 0.000000 
						0.642785 -0.000001 -0.766047 0.642787 -0.000001 -0.766045 0.642787 -0.000001 -0.766045 0.642786 -0.000001 -0.766046 0.642789 0.000001 -0.766043 0.642789 0.000001 -0.766043 0.642785 0.000000 -0.766046 0.642785 0.000000 -0.766046 0.642789 -0.000000 -0.766043 0.642787 -0.000000 -0.766045 0.642771 -0.000001 -0.766058 0.642771 -0.000001 -0.766059 0.642789 0.000001 -0.766043 0.642791 0.000000 -0.766042 0.642792 0.000000 -0.766041 0.642789 0.000001 -0.766043 0.000005 -1.000000 0.000004 0.000001 -1.000000 0.000001 0.000000 -1.000000 0.000000 0.000005 -1.000000 0.000004 -0.642789 0.000001 0.766043 -0.642791 0.000000 0.766042 -0.642791 0.000000 0.766041 -0.642789 0.000001 0.766043 0.000000 1.000000 0.000000 0.000000 1.000000 0.000000 0.000000 1.000000 0.000000 0.000000 1.000000 0.000000 -0.000003 1.000000 0.000003 -0.000005 1.000000 0.000001 -0.000005 1.000000 0.000001 -0.000003 1.000000 0.000003 -0.000001 1.000000 0.000001 -0.000001 1.000000 0.000001 0.000000 1.000000 0.000000 0.000000 1.000000 0.000000 0.000000 1.000000 0.000000 0.000000 1.000000 0.000000 0.000000 1.000000 0.000000 0.000000 1.000000 0.000000 -0.642788 0.000000 0.766044 -0.642783 -0.000001 0.766049 -0.642784 -0.000001 0.766047 -0.642787 0.000000 0.766045 -0.642803 -0.000001 0.766032 -0.642803 -0.000001 0.766032 -0.642788 0.000000 0.766044 -0.642787 0.000000 0.766045 -0.642792 0.000000 0.766041 -0.642792 0.000000 0.766041 -0.642789 0.000001 0.766043 -0.642789 0.000001 0.766043 0.000005 -1.000000 0.000004 0.000005 -1.000000 0.000004 0.000005 -1.000000 0.000004 0.000005 -1.000000 0.000004 0.000005 -1.000000 0.000004 0.000005 -1.000000 0.000004 0.000005 -1.000000 0.000004 0.000005 -1.000000 0.000004 0.000005 -1.000000 0.000004 0.000005 -1.000000 0.000004 0.000005 -1.000000 0.000004 0.000005 -1.000000 0.000004 
						0.642788 -0.000001 -0.766044 0.642785 -0.000001 -0.766047 0.642787 -0.000001 -0.766045 0.642787 -0.000001 -0.766045 0.642803 0.000000 -0.766032 0.642803 0.000000 -0.766032 0.642788 0.000000 -0.766044 0.642787 0.000000 -0.766045 0.642792 0.000001 -0.766041 0.642792 0.000001 -0.766041 0.642789 0.000001 -0.766043 0.642789 0.000001 -0.766043 0.642789 0.000000 -0.766043 0.642782 0.000000 -0.766049 0.642779 0.000000 -0.766052 0.642787 0.000000 -0.766045 0.000000 -1.000000 0.000000 0.000016 -1.000000 0.000014 0.000020 -1.000000 0.000017 0.000002 -1.000000 0.000002 -0.642786 -0.000001 0.766046 -0.642789 0.000000 0.766043 -0.642791 0.000000 0.766042 -0.642787 -0.000001 0.766045 0.000000 1.000000 0.000000 0.000000 1.000000 0.000000 0.000000 1.000000 0.000000 0.000000 1.000000 0.000000 0.000000 1.000000 0.000000 0.000000 1.000000 0.000000 0.000000 1.000000 0.000000 0.000000 1.000000 0.000000 0.000000 1.000000 0.000000 0.000000 1.000000 0.000000 0.000000 1.000000 0.000000 0.000000 1.000000 0.000000 0.000000 1.000000 0.000000 0.000000 1.000000 0.000000 0.000000 1.000000 0.000000 0.000000 1.000000 0.000000 -0.642786 0.000000 0.766046 -0.642788 0.000000 0.766044 -0.642789 0.000000 0.766044 -0.642787 0.000000 0.766045 -0.642790 0.000000 0.766042 -0.642790 0.000000 0.766042 -0.642790 0.000000 0.766043 -0.642789 0.000000 0.766043 -0.642787 0.000001 0.766045 -0.642787 0.000001 0.766045 -0.642787 -0.000000 0.766045 -0.642787 0.000000 0.766045 0.000000 -1.000000 0.000000 0.000000 -1.000000 0.000000 0.000000 -1.000000 0.000000 0.000000 -1.000000 0.000000 0.000000 -1.000000 0.000000 0.000000 -1.000000 0.000000 0.000000 -1.000000 0.000000 0.000000 -1.000000 0.000000 0.000000 -1.000000 0.000000 0.000000 -1.000000 0.000000 0.000000 -1.000000 0.000000 0.000000 -1.000000 0.000000 
						0.642789 0.000000 -0.766043 0.642791 0.000000 -0.766042 0.642792 0.000000 -0.766041 0.642790 0.000000 -0.766042 0.642793 0.000000 -0.766040 0.642793 0.000000 -0.766040 0.642793 -0.000000 -0.766040 0.642792 -0.000000 -0.766041 0.642790 -0.000000 -0.766042 0.642790 -0.000000 -0.766043 0.642790 0.000000 -0.766042 0.642790 0.000000 -0.766042 -0.642787 -0.000000 0.766045 -0.642788 0.000000 0.766044 -0.642788 0.000000 0.766044 -0.642787 -0.000000 0.766045 -0.766045 -0.000008 -0.642787 -0.766045 -0.000001 -0.642787 -0.766045 -0.000000 -0.642787 -0.766045 -0.000008 -0.642787 0.642788 0.000000 -0.766044 0.642788 0.000000 -0.766044 0.642788 0.000000 -0.766044 0.642788 0.000000 -0.766044 0.766045 0.000000 0.642787 0.766045 -0.000000 0.642787 0.766045 -0.000000 0.642787 0.766045 0.000000 0.642788 0.766044 0.000000 0.642788 0.766045 0.000000 0.642787 0.766046 0.000000 0.642786 0.766045 0.000000 0.642787 0.766044 -0.000001 0.642788 0.766045 -0.000001 0.642787 0.766046 -0.000001 0.642786 0.766045 -0.000001 0.642787 0.766046 0.000000 0.642786 0.766046 0.000000 0.642786 0.766046 0.000000 0.642786 0.766046 0.000000 0.642786 0.766045 0.000001 0.642787 0.766045 0.000001 0.642787 0.766044 0.000001 0.642788 0.766044 0.000002 0.642788 0.766044 0.000008 0.642788 0.766044 0.000008 0.642788 0.766044 0.000001 0.642788 0.766044 -0.000000 0.642788 0.642787 0.000000 -0.766045 0.642787 0.000000 -0.766045 0.642787 0.000000 -0.766045 0.642787 0.000000 -0.766045 0.642788 -0.000000 -0.766044 0.642788 -0.000000 -0.766044 0.642788 -0.000000 -0.766044 0.642788 -0.000000 -0.766044 0.642788 0.000000 -0.766045 0.642788 0.000000 -0.766044 0.642788 -0.000000 -0.766044 0.642788 -0.000000 -0.766044 -0.766045 -0.000000 -0.642787 -0.766045 -0.000000 -0.642787 -0.766045 -0.000000 -0.642787 -0.766045 -0.000000 -0.642787 
						-0.766045 -0.000001 -0.642787 -0.766045 -0.000001 -0.642787 -0.766044 -0.000001 -0.642788 -0.766044 -0.000001 -0.642788 -0.766044 -0.000000 -0.642789 -0.766044 -0.000000 -0.642789 -0.766044 0.000000 -0.642788 -0.766044 -0.000001 -0.642788 -0.642787 -0.000000 0.766045 -0.642787 -0.000000 0.766045 -0.642787 -0.000000 0.766045 -0.642787 -0.000000 0.766045 -0.642788 0.000000 0.766044 -0.642788 0.000000 0.766044 -0.642788 -0.000000 0.766044 -0.642788 -0.000001 0.766044 -0.642787 -0.000005 0.766045 -0.642787 -0.000005 0.766045 -0.642787 -0.000001 0.766045 -0.642787 -0.000000 0.766045 -0.642786 -0.000000 0.766046 -0.642786 0.000000 0.766046 -0.642786 0.000000 0.766046 -0.642786 -0.000000 0.766046 -0.766046 -0.000000 -0.642786 -0.766046 0.000000 -0.642786 -0.766046 0.000000 -0.642786 -0.766046 -0.000000 -0.642786 0.642788 -0.000000 -0.766044 0.642788 -0.000000 -0.766044 0.642788 -0.000000 -0.766044 0.642788 0.000000 -0.766044 0.766043 0.000000 0.642790 0.766042 0.000000 0.642790 0.766042 0.000000 0.642790 0.766043 0.000000 0.642790 -0.766042 -0.000000 -0.642790 -0.766042 -0.000000 -0.642790 -0.766042 -0.000000 -0.642790 -0.766042 -0.000000 -0.642790 -0.766045 0.000001 -0.642786 -0.766044 0.000001 -0.642788 -0.766041 0.000001 -0.642791 -0.766043 0.000001 -0.642789 0.766042 0.000000 0.642790 0.766042 0.000000 0.642790 0.766042 0.000000 0.642790 0.766042 0.000000 0.642790 0.766044 -0.000000 0.642788 0.766044 0.000000 0.642789 0.766045 0.000005 0.642787 0.766045 0.000005 0.642787 0.766045 0.000000 0.642787 0.766045 0.000000 0.642787 0.766044 -0.000000 0.642788 0.766044 0.000000 0.642788 0.642787 0.000000 -0.766045 0.642788 0.000000 -0.766044 0.642788 0.000000 -0.766044 0.642787 0.000000 -0.766045 0.642789 0.000000 -0.766044 0.642789 0.000001 -0.766044 0.642788 0.000001 -0.766044 0.642788 0.000001 -0.766044 
						0.642788 0.000000 -0.766044 0.642788 -0.000000 -0.766044 0.642788 -0.000000 -0.766044 0.642788 -0.000000 -0.766044 -0.766044 -0.000000 -0.642789 -0.766044 -0.000000 -0.642788 -0.766044 0.000000 -0.642788 -0.766043 -0.000000 -0.642789 -0.766046 -0.000000 -0.642786 -0.766046 -0.000000 -0.642786 -0.766046 -0.000005 -0.642785 -0.766046 -0.000005 -0.642785 -0.766046 -0.000000 -0.642786 -0.766046 -0.000000 -0.642786 -0.766046 -0.000000 -0.642786 -0.766046 -0.000000 -0.642786 -0.642789 -0.000000 0.766043 -0.642789 -0.000000 0.766043 -0.642789 -0.000000 0.766043 -0.642789 -0.000000 0.766043 -0.642789 -0.000000 0.766043 -0.642789 -0.000001 0.766043 -0.642789 -0.000001 0.766043 -0.642789 -0.000001 0.766043 -0.642789 -0.000000 0.766043 -0.642789 0.000000 0.766043 -0.642787 0.000000 0.766045 -0.642787 -0.000000 0.766045 -0.642787 0.000000 0.766045 -0.642786 -0.000000 0.766046 -0.642786 -0.000000 0.766046 -0.642787 -0.000000 0.766045 -0.766046 -0.000000 -0.642786 -0.766046 0.000000 -0.642786 -0.766046 0.000000 -0.642786 -0.766046 -0.000000 -0.642786 0.642788 0.000000 -0.766044 0.642787 -0.000000 -0.766045 0.642787 -0.000000 -0.766045 0.642788 0.000000 -0.766044 0.766044 0.000000 0.642788 0.766044 0.000000 0.642788 0.766044 0.000000 0.642788 0.766044 0.000000 0.642788 -0.642791 0.000000 0.766042 -0.642792 -0.000000 0.766041 -0.642792 -0.000000 0.766041 -0.642791 0.000000 0.766042 -0.766043 0.000000 -0.642790 -0.766042 0.000000 -0.642791 -0.766042 0.000000 -0.642791 -0.766043 0.000000 -0.642790 0.642787 -0.000000 -0.766045 0.642786 -0.000000 -0.766046 0.642786 -0.000000 -0.766046 0.642787 -0.000000 -0.766045 0.766046 0.000000 0.642786 0.766046 0.000000 0.642786 0.766046 0.000000 0.642786 0.766046 0.000000 0.642786 0.766046 -0.000000 0.642786 0.766045 0.000000 0.642786 0.766046 0.000000 0.642786 0.766046 -0.000000 0.642786 
						0.766045 -0.000000 0.642787 0.766045 0.000000 0.642787 0.766045 0.000003 0.642787 0.766045 0.000003 0.642787 0.766045 0.000000 0.642787 0.766046 0.000000 0.642786 0.642786 0.000000 -0.766046 0.642787 0.000000 -0.766045 0.642787 0.000000 -0.766045 0.642786 0.000000 -0.766046 0.642788 0.000000 -0.766044 0.642788 0.000000 -0.766044 0.642788 -0.000000 -0.766044 0.642788 -0.000000 -0.766044 0.642788 0.000000 -0.766044 0.642788 0.000000 -0.766044 -0.766041 0.000000 -0.642792 -0.766041 -0.000001 -0.642791 -0.766041 -0.000001 -0.642792 -0.766041 -0.000000 -0.642792 -0.766041 -0.000003 -0.642791 -0.766041 -0.000003 -0.642791 -0.766042 -0.000003 -0.642790 -0.766043 -0.000003 -0.642790 -0.766044 -0.000000 -0.642788 -0.766044 0.000000 -0.642788 -0.642789 -0.000000 0.766043 -0.642789 0.000001 0.766043 -0.642789 0.000001 0.766043 -0.642789 -0.000000 0.766043 -0.642790 0.000002 0.766042 -0.642790 0.000002 0.766042 -0.642791 0.000000 0.766041 -0.642791 0.000000 0.766041 -0.642791 -0.000000 0.766042 -0.642791 -0.000000 0.766042 0.766044 -0.000000 0.642788 0.766044 0.000003 0.642788 0.766044 0.000003 0.642788 0.766044 0.000000 0.642788 0.766044 0.000004 0.642788 0.766044 0.000004 0.642788 0.766043 -0.000004 0.642789 0.766043 -0.000004 0.642789 0.766043 0.000005 0.642789 0.766043 0.000005 0.642789 0.642789 0.000000 -0.766043 0.642789 0.000000 -0.766043 0.642789 0.000000 -0.766043 0.642789 0.000000 -0.766043 0.642789 -0.000000 -0.766043 0.642789 -0.000000 -0.766043 0.642789 0.000000 -0.766043 0.642789 0.000000 -0.766043 0.642790 -0.000000 -0.766043 0.642790 -0.000000 -0.766043 -0.766045 0.000000 -0.642787 -0.766045 -0.000000 -0.642786 -0.766046 -0.000000 -0.642786 -0.766045 0.000000 -0.642787 -0.766047 0.000000 -0.642784 -0.766047 0.000000 -0.642784 -0.766048 0.000010 -0.642783 -0.766048 0.000009 -0.642783 
						-0.766047 -0.000005 -0.642785 -0.766047 -0.000005 -0.642785 -0.642789 -0.000000 0.766043 -0.642788 -0.000002 0.766044 -0.642788 -0.000002 0.766044 -0.642789 -0.000000 0.766043 -0.642785 -0.000003 0.766046 -0.642785 -0.000003 0.766046 -0.642785 -0.000004 0.766047 -0.642785 -0.000003 0.766047 -0.642787 -0.000000 0.766045 -0.642787 0.000000 0.766045 0.766044 -0.000000 0.642788 0.766044 -0.000000 0.642788 0.766044 -0.000000 0.642788 0.766044 -0.000000 0.642788 -0.004134 0.999728 -0.022951 -0.007140 0.999189 -0.039639 -0.007050 0.999209 -0.039144 -0.004115 0.999731 -0.022847 -0.080366 0.993419 -0.081606 -0.139330 0.980087 -0.141480 -0.229319 0.945087 -0.232858 -0.172117 0.969448 -0.174773 0.009562 0.998544 0.053085 0.013774 0.996976 0.076474 0.012438 0.997535 0.069057 0.009215 0.998648 0.051162 0.934410 -0.000001 -0.356200 0.937899 -0.000001 -0.346910 0.941648 -0.000001 -0.336599 0.940603 -0.000001 -0.339508 0.929734 -0.000001 -0.368232 0.939961 -0.000000 -0.341282 -0.024319 0.999493 0.020558 -0.040342 0.998604 0.034104 -0.038746 0.998712 0.032755 -0.023552 0.999524 0.019910 -0.024486 0.999661 -0.008810 -0.041532 0.999025 -0.014944 -0.040397 0.999078 -0.014536 -0.023997 0.999675 -0.008634 -0.956710 -0.000002 0.291042 -0.956710 -0.000002 0.291044 -0.959391 -0.000005 0.282079 -0.959210 -0.000003 0.282694 -0.976241 -0.000002 0.216686 -0.960738 -0.000002 0.277457 0.056627 0.998187 0.020375 0.022961 0.999702 0.008262 0.021849 0.999730 0.007862 0.054565 0.998317 0.019633 0.057987 0.997113 -0.049021 0.022652 0.999560 -0.019149 0.021270 0.999612 -0.017982 0.055294 0.997375 -0.046744 -0.023301 0.991323 -0.129369 -0.008988 0.998714 -0.049900 -0.007669 0.999064 -0.042577 -0.021322 0.992740 -0.118378 0.004524 0.999988 0.001628 -0.012770 0.999908 -0.004595 -0.016810 0.999840 -0.006048 0.000484 1.000000 0.000174 
						0.008899 0.998739 0.049404 0.003749 0.999776 0.020816 0.003621 0.999791 0.020101 0.008693 0.998797 0.048264 0.183564 0.965233 -0.186090 0.183564 0.965233 -0.186090 0.183564 0.965233 -0.186090 0.183564 0.965233 -0.186090 -0.204426 0.956693 0.207238 -0.204419 0.956697 0.207231 -0.204418 0.956697 0.207231 -0.204425 0.956694 0.207238 -0.914580 -0.000007 0.404404 -0.919054 -0.000007 0.394132 0.366934 0.000005 -0.930247 0.388538 0.000005 -0.921433 0.479205 0.000006 -0.877703 0.472691 0.000006 -0.881228 0.880700 0.000000 -0.473674 0.884966 0.000000 -0.465655 -0.383035 -0.000007 0.923734 -0.386113 -0.000007 0.922451 -0.460851 -0.000009 0.887478 -0.455191 -0.000009 0.890394 0.097317 0.990335 0.098819 0.126536 0.983605 0.128489 0.171679 0.969606 0.174329 0.142834 0.979062 0.145039 0.004265 0.999766 0.021189 0.007012 0.999368 0.034840 0.006918 0.999385 0.034372 0.004240 0.999769 0.021066 0.078984 0.993898 0.076994 0.138840 0.981023 0.135342 0.230254 0.946892 0.224453 0.172135 0.970677 0.167799 -0.010930 0.998465 -0.054306 -0.014277 0.997379 -0.070934 -0.012602 0.997958 -0.062613 -0.010400 0.998610 -0.051673 -0.927726 -0.000000 0.373263 -0.927728 -0.000000 0.373257 -0.927728 -0.000000 0.373256 -0.931383 -0.000000 0.364040 -0.943996 -0.000000 0.329956 -0.950828 0.000000 0.309719 0.022358 0.999556 -0.019697 0.035140 0.998903 -0.030958 0.033717 0.998990 -0.029705 0.021577 0.999587 -0.019009 0.022922 0.999707 0.007723 0.037049 0.999235 0.012483 0.036010 0.999278 0.012132 0.022411 0.999720 0.007551 0.949102 -0.000002 -0.314968 0.949108 -0.000002 -0.314949 0.952098 0.000001 -0.305792 0.951877 -0.000001 -0.306479 0.970366 -0.000002 -0.241639 0.953464 -0.000002 -0.301508 -0.053450 0.998408 -0.018009 -0.020309 0.999770 -0.006843 -0.019297 0.999793 -0.006502 -0.051447 0.998525 -0.017334 
						-0.053883 0.997418 0.047471 -0.019430 0.999665 0.017118 -0.018215 0.999705 0.016047 -0.051320 0.997658 0.045212 0.025014 0.991932 0.124279 0.008976 0.998965 0.044598 0.007575 0.999263 0.037634 0.022841 0.993277 0.113482 -0.010575 0.999938 -0.003563 0.006808 0.999974 0.002294 0.010869 0.999934 0.003662 -0.006514 0.999976 -0.002195 -0.009210 0.998910 -0.045761 -0.003672 0.999827 -0.018243 -0.003539 0.999839 -0.017581 -0.008989 0.998962 -0.044661 -0.198966 0.957217 0.210116 -0.198966 0.957217 0.210116 -0.198966 0.957217 0.210116 -0.198966 0.957217 0.210116 0.196891 0.958124 -0.207925 0.196898 0.958121 -0.207932 0.196899 0.958121 -0.207932 0.196892 0.958124 -0.207925 0.904056 0.000004 -0.427414 0.908805 0.000004 -0.417221 -0.353896 0.000001 0.935285 -0.375409 0.000001 0.926859 -0.465815 0.000001 0.884882 -0.459312 0.000001 0.888275 -0.896660 0.000001 0.442720 -0.901580 0.000001 0.432612 0.351847 0.000002 -0.936058 0.354533 0.000002 -0.935044 0.420001 0.000002 -0.907524 0.415020 0.000002 -0.909812 -0.100780 0.990046 -0.098242 -0.138219 0.981194 -0.134737 -0.195862 0.961865 -0.190927 -0.159076 0.975012 -0.155068 0.004266 0.999766 0.021193 0.007011 0.999368 0.034836 0.006917 0.999385 0.034367 0.004241 0.999769 0.021070 0.078985 0.993898 0.076996 0.138839 0.981023 0.135341 0.230246 0.946895 0.224446 0.172131 0.970678 0.167795 -0.010930 0.998464 -0.054306 -0.014277 0.997379 -0.070936 -0.012602 0.997958 -0.062615 -0.010400 0.998610 -0.051672 -0.927726 -0.000006 0.373263 -0.927728 -0.000006 0.373256 -0.927726 -0.000006 0.373262 -0.931376 -0.000006 0.364059 -0.943984 -0.000006 0.329991 -0.950819 -0.000006 0.309748 0.022357 0.999556 -0.019697 0.035144 0.998902 -0.030962 0.033722 0.998990 -0.029709 0.021577 0.999586 -0.019009 0.022925 0.999707 0.007724 0.037053 0.999235 0.012484 
						0.036013 0.999278 0.012134 0.022413 0.999720 0.007552 0.949107 0.000000 -0.314955 0.949107 0.000000 -0.314953 0.952098 -0.000002 -0.305793 0.951879 -0.000001 -0.306475 0.970373 0.000000 -0.241612 0.953466 0.000000 -0.301501 -0.053453 0.998408 -0.018009 -0.020311 0.999770 -0.006843 -0.019299 0.999793 -0.006502 -0.051449 0.998525 -0.017334 -0.053875 0.997419 0.047464 -0.019431 0.999665 0.017119 -0.018217 0.999705 0.016049 -0.051313 0.997659 0.045207 0.025015 0.991931 0.124284 0.008975 0.998965 0.044591 0.007573 0.999263 0.037626 0.022841 0.993277 0.113485 -0.010581 0.999938 -0.003565 0.006802 0.999974 0.002292 0.010863 0.999934 0.003660 -0.006520 0.999976 -0.002197 -0.009210 0.998910 -0.045761 -0.003672 0.999827 -0.018243 -0.003538 0.999839 -0.017581 -0.008989 0.998962 -0.044661 -0.198964 0.957217 0.210114 -0.198959 0.957220 0.210108 -0.198958 0.957220 0.210108 -0.198964 0.957218 0.210114 0.196896 0.958122 -0.207930 0.196889 0.958125 -0.207923 0.196889 0.958125 -0.207922 0.196895 0.958122 -0.207930 0.904055 -0.000003 -0.427416 0.908805 -0.000003 -0.417221 -0.353884 -0.000003 0.935289 -0.375396 -0.000004 0.926864 -0.465795 -0.000004 0.884893 -0.459293 -0.000004 0.888285 -0.896646 -0.000006 0.442748 -0.901566 -0.000006 0.432642 0.351852 -0.000002 -0.936056 0.354539 -0.000002 -0.935041 0.420027 -0.000003 -0.907512 0.415045 -0.000003 -0.909801 -0.100780 0.990046 -0.098241 -0.138220 0.981194 -0.134737 -0.195863 0.961865 -0.190928 -0.159076 0.975012 -0.155069 0.004265 0.999766 0.021192 0.007012 0.999368 0.034839 0.006918 0.999385 0.034370 0.004241 0.999769 0.021069 0.078985 0.993898 0.076995 0.138839 0.981023 0.135341 0.230248 0.946894 0.224448 0.172133 0.970677 0.167796 -0.010930 0.998465 -0.054306 -0.014277 0.997379 -0.070934 -0.012602 0.997958 -0.062613 -0.010400 0.998610 -0.051672 
						-0.927733 0.000003 0.373244 -0.927725 0.000003 0.373265 -0.927727 0.000003 0.373260 -0.931385 0.000003 0.364037 -0.943990 -0.000000 0.329973 -0.950824 -0.000008 0.309732 0.022356 0.999556 -0.019696 0.035146 0.998902 -0.030963 0.033724 0.998990 -0.029711 0.021575 0.999586 -0.019008 0.022925 0.999707 0.007724 0.037054 0.999235 0.012484 0.036014 0.999278 0.012134 0.022414 0.999720 0.007552 0.949102 -0.000002 -0.314970 0.949106 -0.000002 -0.314956 0.952099 0.000002 -0.305790 0.951878 -0.000001 -0.306478 0.970367 -0.000002 -0.241634 0.953463 -0.000002 -0.301509 -0.053449 0.998408 -0.018008 -0.020314 0.999770 -0.006844 -0.019302 0.999793 -0.006503 -0.051447 0.998525 -0.017334 -0.053881 0.997419 0.047468 -0.019430 0.999665 0.017118 -0.018215 0.999705 0.016047 -0.051317 0.997658 0.045210 0.025014 0.991932 0.124282 0.008976 0.998965 0.044595 0.007574 0.999263 0.037630 0.022841 0.993277 0.113484 -0.010577 0.999938 -0.003564 0.006804 0.999974 0.002292 0.010864 0.999934 0.003660 -0.006517 0.999976 -0.002196 -0.009211 0.998910 -0.045765 -0.003672 0.999827 -0.018244 -0.003539 0.999839 -0.017581 -0.008990 0.998962 -0.044664 -0.198961 0.957219 0.210111 -0.198961 0.957219 0.210111 -0.198961 0.957219 0.210111 -0.198961 0.957219 0.210111 0.196886 0.958126 -0.207920 0.196895 0.958122 -0.207929 0.196895 0.958122 -0.207929 0.196887 0.958126 -0.207921 0.904065 0.000006 -0.427394 0.908814 0.000006 -0.417201 -0.353887 0.000002 0.935288 -0.375398 0.000002 0.926863 -0.465795 0.000003 0.884893 -0.459292 0.000003 0.888285 -0.896646 -0.000016 0.442748 -0.901567 -0.000016 0.432641 0.351834 -0.000007 -0.936062 0.354519 -0.000007 -0.935049 0.419981 -0.000008 -0.907533 0.415001 -0.000008 -0.909821 -0.100778 0.990047 -0.098239 -0.138217 0.981194 -0.134735 -0.195861 0.961866 -0.190927 -0.159074 0.975013 -0.155067 
						0.004265 0.999766 0.021192 0.007012 0.999368 0.034840 0.006918 0.999385 0.034371 0.004241 0.999769 0.021069 0.078983 0.993898 0.076993 0.138839 0.981023 0.135341 0.230250 0.946893 0.224450 0.172133 0.970677 0.167796 -0.010930 0.998465 -0.054305 -0.014277 0.997379 -0.070934 -0.012602 0.997958 -0.062614 -0.010400 0.998610 -0.051671 -0.927731 0.000002 0.373251 -0.927731 0.000002 0.373249 -0.927729 0.000002 0.373254 -0.931381 0.000002 0.364046 -0.943990 0.000002 0.329973 -0.950824 0.000002 0.309733 0.022356 0.999556 -0.019696 0.035144 0.998903 -0.030962 0.033722 0.998990 -0.029709 0.021575 0.999587 -0.019008 0.022925 0.999707 0.007724 0.037052 0.999235 0.012484 0.036013 0.999278 0.012134 0.022415 0.999720 0.007552 0.949108 -0.000002 -0.314951 0.949105 -0.000002 -0.314960 0.952097 0.000005 -0.305795 0.951877 0.000000 -0.306479 0.970369 -0.000002 -0.241628 0.953464 -0.000002 -0.301507 -0.053450 0.998408 -0.018008 -0.020313 0.999770 -0.006844 -0.019301 0.999793 -0.006503 -0.051447 0.998525 -0.017334 -0.053879 0.997419 0.047467 -0.019431 0.999665 0.017118 -0.018216 0.999705 0.016048 -0.051316 0.997659 0.045209 0.025014 0.991932 0.124281 0.008976 0.998965 0.044596 0.007574 0.999263 0.037631 0.022841 0.993277 0.113483 -0.010578 0.999938 -0.003564 0.006808 0.999974 0.002294 0.010869 0.999934 0.003662 -0.006516 0.999976 -0.002195 -0.009211 0.998910 -0.045764 -0.003672 0.999827 -0.018242 -0.003538 0.999839 -0.017580 -0.008989 0.998962 -0.044664 -0.198959 0.957220 0.210108 -0.198959 0.957220 0.210108 -0.198959 0.957220 0.210108 -0.198959 0.957220 0.210108 0.196899 0.958120 -0.207933 0.196892 0.958124 -0.207926 0.196891 0.958124 -0.207925 0.196898 0.958121 -0.207932 0.904055 0.000010 -0.427416 0.908805 0.000010 -0.417221 -0.353848 0.000001 0.935303 -0.375367 0.000001 0.926876 
						-0.465796 0.000001 0.884892 -0.459292 0.000001 0.888286 -0.896659 0.000001 0.442723 -0.901578 0.000001 0.432617 0.351827 0.000004 -0.936065 0.354512 0.000004 -0.935052 0.419978 0.000005 -0.907534 0.414998 0.000005 -0.909823 -0.100778 0.990047 -0.098239 -0.138217 0.981194 -0.134735 -0.195860 0.961866 -0.190925 -0.159074 0.975013 -0.155066 -0.004134 0.999728 -0.022951 -0.007140 0.999189 -0.039640 -0.007051 0.999209 -0.039144 -0.004115 0.999731 -0.022847 -0.080366 0.993419 -0.081606 -0.139331 0.980087 -0.141481 -0.229323 0.945086 -0.232861 -0.172120 0.969447 -0.174776 0.009562 0.998544 0.053085 0.013774 0.996977 0.076471 0.012438 0.997535 0.069053 0.009215 0.998648 0.051161 0.934408 -0.000000 -0.356204 0.937902 -0.000000 -0.346901 0.941650 -0.000000 -0.336593 0.940603 -0.000000 -0.339508 0.929734 -0.000001 -0.368232 0.939961 -0.000001 -0.341281 -0.024318 0.999493 0.020558 -0.040339 0.998604 0.034102 -0.038743 0.998712 0.032752 -0.023552 0.999524 0.019910 -0.024485 0.999661 -0.008810 -0.041531 0.999025 -0.014944 -0.040396 0.999078 -0.014535 -0.023996 0.999675 -0.008634 -0.956715 0.000000 0.291025 -0.956711 0.000000 0.291038 -0.959391 -0.000001 0.282081 -0.959209 -0.000000 0.282699 -0.976237 0.000000 0.216704 -0.960738 0.000000 0.277457 0.056631 0.998187 0.020377 0.022958 0.999702 0.008261 0.021847 0.999730 0.007861 0.054567 0.998317 0.019634 0.057988 0.997113 -0.049021 0.022653 0.999560 -0.019150 0.021272 0.999612 -0.017983 0.055295 0.997375 -0.046745 -0.023301 0.991323 -0.129368 -0.008988 0.998714 -0.049899 -0.007669 0.999064 -0.042577 -0.021322 0.992740 -0.118378 0.004522 0.999988 0.001627 -0.012770 0.999908 -0.004595 -0.016809 0.999840 -0.006048 0.000482 1.000000 0.000174 0.008898 0.998739 0.049401 0.003749 0.999776 0.020816 0.003621 0.999791 0.020102 0.008693 0.998797 0.048262 
						0.183566 0.965232 -0.186092 0.183567 0.965232 -0.186093 0.183567 0.965232 -0.186093 0.183566 0.965232 -0.186092 -0.204426 0.956693 0.207239 -0.204426 0.956693 0.207239 -0.204426 0.956693 0.207239 -0.204426 0.956693 0.207239 -0.914581 -0.000002 0.404403 -0.919054 -0.000002 0.394131 0.366957 0.000000 -0.930238 0.388556 0.000000 -0.921425 0.479203 0.000000 -0.877704 0.472690 0.000000 -0.881229 0.880687 -0.000001 -0.473699 0.884954 -0.000001 -0.465679 -0.383035 0.000000 0.923734 -0.386113 0.000000 0.922451 -0.460848 0.000000 0.887479 -0.455189 0.000000 0.890395 0.097318 0.990335 0.098819 0.126537 0.983605 0.128490 0.171681 0.969605 0.174331 0.142836 0.979061 0.145040 -0.004134 0.999728 -0.022951 -0.007140 0.999189 -0.039640 -0.007051 0.999209 -0.039144 -0.004115 0.999731 -0.022847 -0.080368 0.993419 -0.081608 -0.139332 0.980086 -0.141482 -0.229321 0.945086 -0.232860 -0.172119 0.969448 -0.174775 0.009562 0.998544 0.053086 0.013774 0.996977 0.076472 0.012438 0.997535 0.069054 0.009215 0.998648 0.051161 0.934409 0.000002 -0.356202 0.937901 0.000002 -0.346903 0.941650 0.000002 -0.336594 0.940603 0.000002 -0.339509 0.929732 0.000001 -0.368236 0.939962 -0.000001 -0.341278 -0.024317 0.999493 0.020557 -0.040341 0.998604 0.034103 -0.038745 0.998712 0.032754 -0.023551 0.999524 0.019909 -0.024486 0.999661 -0.008810 -0.041531 0.999025 -0.014944 -0.040396 0.999078 -0.014535 -0.023997 0.999675 -0.008634 -0.956712 0.000004 0.291037 -0.956708 0.000004 0.291051 -0.959395 0.000012 0.282067 -0.959213 0.000007 0.282684 -0.976240 0.000004 0.216691 -0.960738 0.000004 0.277456 0.056630 0.998187 0.020377 0.022960 0.999702 0.008261 0.021847 0.999730 0.007861 0.054567 0.998317 0.019634 0.057990 0.997113 -0.049023 0.022653 0.999560 -0.019150 0.021271 0.999612 -0.017982 0.055296 0.997375 -0.046746 
						-0.023302 0.991323 -0.129371 -0.008988 0.998714 -0.049899 -0.007669 0.999064 -0.042577 -0.021322 0.992739 -0.118380 0.004522 0.999988 0.001627 -0.012768 0.999908 -0.004594 -0.016806 0.999840 -0.006047 0.000483 1.000000 0.000174 0.008898 0.998739 0.049401 0.003749 0.999776 0.020815 0.003621 0.999791 0.020101 0.008693 0.998797 0.048261 0.183558 0.965235 -0.186084 0.183561 0.965234 -0.186087 0.183561 0.965234 -0.186087 0.183558 0.965235 -0.186084 -0.204432 0.956691 0.207245 -0.204426 0.956693 0.207239 -0.204425 0.956694 0.207238 -0.204432 0.956691 0.207245 -0.914591 0.000017 0.404380 -0.919064 0.000017 0.394109 0.366977 -0.000005 -0.930230 0.388577 -0.000005 -0.921416 0.479227 -0.000006 -0.877691 0.472714 -0.000006 -0.881216 0.880686 -0.000003 -0.473700 0.884954 -0.000003 -0.465679 -0.383030 0.000004 0.923736 -0.386107 0.000004 0.922454 -0.460825 0.000004 0.887491 -0.455167 0.000004 0.890406 0.097317 0.990335 0.098819 0.126535 0.983605 0.128488 0.171677 0.969607 0.174326 0.142834 0.979062 0.145037 -0.004134 0.999728 -0.022951 -0.007140 0.999189 -0.039640 -0.007051 0.999209 -0.039144 -0.004115 0.999731 -0.022847 -0.080363 0.993420 -0.081603 -0.139331 0.980087 -0.141481 -0.229325 0.945084 -0.232864 -0.172120 0.969447 -0.174776 0.009562 0.998544 0.053086 0.013774 0.996977 0.076471 0.012438 0.997535 0.069053 0.009215 0.998648 0.051162 0.934408 0.000000 -0.356204 0.937904 0.000000 -0.346895 0.941650 0.000000 -0.336594 0.940600 0.000000 -0.339517 0.929734 -0.000000 -0.368232 0.939961 -0.000001 -0.341281 -0.024318 0.999493 0.020558 -0.040341 0.998604 0.034104 -0.038746 0.998712 0.032755 -0.023551 0.999524 0.019909 -0.024487 0.999661 -0.008811 -0.041531 0.999025 -0.014944 -0.040396 0.999078 -0.014535 -0.023998 0.999675 -0.008635 -0.956716 0.000002 0.291024 -0.956713 0.000002 0.291032 
						-0.959391 0.000003 0.282079 -0.959209 0.000002 0.282697 -0.976236 0.000002 0.216711 -0.960739 0.000002 0.277455 0.056631 0.998187 0.020377 0.022961 0.999702 0.008262 0.021849 0.999730 0.007862 0.054568 0.998317 0.019634 0.057990 0.997113 -0.049023 0.022652 0.999560 -0.019149 0.021271 0.999612 -0.017982 0.055296 0.997375 -0.046746 -0.023300 0.991324 -0.129362 -0.008988 0.998714 -0.049900 -0.007669 0.999064 -0.042578 -0.021321 0.992740 -0.118373 0.004524 0.999988 0.001628 -0.012770 0.999908 -0.004595 -0.016810 0.999840 -0.006048 0.000484 1.000000 0.000174 0.008899 0.998739 0.049404 0.003749 0.999776 0.020814 0.003620 0.999791 0.020100 0.008693 0.998797 0.048264 0.183567 0.965232 -0.186093 0.183570 0.965231 -0.186095 0.183570 0.965231 -0.186096 0.183567 0.965232 -0.186093 -0.204428 0.956692 0.207241 -0.204428 0.956692 0.207241 -0.204428 0.956692 0.207241 -0.204428 0.956692 0.207241 -0.914572 0.000004 0.404424 -0.919046 0.000004 0.394151 0.366935 0.000001 -0.930246 0.388543 0.000001 -0.921431 0.479225 0.000001 -0.877692 0.472709 0.000001 -0.881218 0.880700 -0.000001 -0.473674 0.884966 -0.000001 -0.465655 -0.383036 0.000002 0.923733 -0.386114 0.000002 0.922451 -0.460851 0.000003 0.887478 -0.455191 0.000003 0.890394 0.097318 0.990335 0.098819 0.126536 0.983605 0.128489 0.171680 0.969606 0.174329 0.142835 0.979062 0.145039 0.004266 0.999766 0.021193 0.007012 0.999368 0.034840 0.006918 0.999385 0.034371 0.004241 0.999769 0.021070 0.078984 0.993898 0.076994 0.138838 0.981023 0.135340 0.230249 0.946894 0.224448 0.172133 0.970677 0.167796 -0.010930 0.998465 -0.054306 -0.014276 0.997379 -0.070932 -0.012601 0.997958 -0.062611 -0.010400 0.998610 -0.051672 -0.927732 0.000002 0.373246 -0.927728 0.000002 0.373256 -0.927729 0.000002 0.373255 -0.931383 0.000002 0.364040 
						-0.943989 0.000001 0.329976 -0.950825 -0.000002 0.309729 0.022355 0.999556 -0.019695 0.035143 0.998903 -0.030961 0.033721 0.998990 -0.029709 0.021575 0.999587 -0.019008 0.022925 0.999707 0.007724 0.037056 0.999235 0.012485 0.036017 0.999277 0.012135 0.022414 0.999720 0.007552 0.949112 0.000001 -0.314939 0.949106 0.000001 -0.314957 0.952102 0.000000 -0.305780 0.951882 0.000001 -0.306465 0.970370 0.000001 -0.241623 0.953466 0.000001 -0.301499 -0.053450 0.998408 -0.018008 -0.020312 0.999770 -0.006844 -0.019301 0.999793 -0.006503 -0.051447 0.998525 -0.017334 -0.053878 0.997419 0.047467 -0.019430 0.999665 0.017118 -0.018215 0.999705 0.016048 -0.051315 0.997659 0.045209 0.025013 0.991932 0.124279 0.008975 0.998965 0.044596 0.007574 0.999263 0.037631 0.022840 0.993278 0.113482 -0.010578 0.999938 -0.003564 0.006808 0.999974 0.002294 0.010869 0.999934 0.003662 -0.006516 0.999976 -0.002196 -0.009211 0.998910 -0.045765 -0.003672 0.999827 -0.018244 -0.003539 0.999839 -0.017581 -0.008989 0.998962 -0.044664 -0.198958 0.957220 0.210107 -0.198961 0.957219 0.210111 -0.198961 0.957219 0.210111 -0.198958 0.957220 0.210108 0.196882 0.958128 -0.207915 0.196889 0.958125 -0.207922 0.196889 0.958125 -0.207923 0.196882 0.958127 -0.207916 0.904053 0.000000 -0.427419 0.908804 0.000000 -0.417224 -0.353860 -0.000000 0.935298 -0.375368 -0.000000 0.926876 -0.465753 -0.000000 0.884915 -0.459252 -0.000000 0.888306 -0.896644 -0.000006 0.442752 -0.901565 -0.000006 0.432644 0.351830 -0.000002 -0.936064 0.354514 -0.000002 -0.935051 0.419955 -0.000003 -0.907545 0.414977 -0.000003 -0.909832 -0.100781 0.990046 -0.098242 -0.138219 0.981194 -0.134737 -0.195862 0.961865 -0.190928 -0.159076 0.975012 -0.155068 0.004265 0.999766 0.021192 0.007012 0.999368 0.034839 0.006918 0.999385 0.034370 0.004241 0.999769 0.021069 
						0.078983 0.993898 0.076993 0.138840 0.981023 0.135342 0.230253 0.946892 0.224451 0.172134 0.970677 0.167797 -0.010930 0.998465 -0.054305 -0.014276 0.997379 -0.070932 -0.012601 0.997958 -0.062611 -0.010399 0.998610 -0.051671 -0.927733 -0.000006 0.373245 -0.927726 -0.000006 0.373261 -0.927729 -0.000006 0.373254 -0.931386 -0.000006 0.364033 -0.943989 -0.000007 0.329977 -0.950825 -0.000009 0.309730 0.022355 0.999556 -0.019695 0.035145 0.998902 -0.030962 0.033723 0.998990 -0.029710 0.021574 0.999587 -0.019007 0.022926 0.999707 0.007724 0.037051 0.999235 0.012483 0.036011 0.999278 0.012133 0.022414 0.999720 0.007552 0.949109 0.000004 -0.314946 0.949108 0.000004 -0.314950 0.952102 -0.000005 -0.305780 0.951882 0.000001 -0.306466 0.970370 0.000004 -0.241623 0.953467 0.000004 -0.301498 -0.053449 0.998408 -0.018008 -0.020312 0.999770 -0.006843 -0.019300 0.999793 -0.006503 -0.051446 0.998525 -0.017333 -0.053877 0.997419 0.047466 -0.019430 0.999665 0.017118 -0.018216 0.999705 0.016048 -0.051315 0.997659 0.045208 0.025013 0.991932 0.124279 0.008975 0.998965 0.044594 0.007573 0.999263 0.037630 0.022840 0.993278 0.113481 -0.010575 0.999938 -0.003563 0.006806 0.999974 0.002293 0.010866 0.999934 0.003661 -0.006515 0.999976 -0.002195 -0.009210 0.998910 -0.045761 -0.003672 0.999827 -0.018245 -0.003539 0.999839 -0.017583 -0.008989 0.998962 -0.044662 -0.198958 0.957220 0.210108 -0.198955 0.957221 0.210105 -0.198955 0.957221 0.210105 -0.198958 0.957220 0.210108 0.196885 0.958126 -0.207919 0.196891 0.958124 -0.207925 0.196892 0.958123 -0.207926 0.196885 0.958126 -0.207919 0.904044 -0.000011 -0.427440 0.908795 -0.000011 -0.417243 -0.353874 -0.000004 0.935293 -0.375388 -0.000005 0.926868 -0.465796 -0.000006 0.884892 -0.459293 -0.000006 0.888285 -0.896644 -0.000011 0.442752 -0.901565 -0.000011 0.432644 
						0.351816 0.000004 -0.936069 0.354501 0.000004 -0.935056 0.419978 0.000005 -0.907534 0.414998 0.000005 -0.909823 -0.100778 0.990047 -0.098239 -0.138218 0.981194 -0.134735 -0.195861 0.961866 -0.190926 -0.159075 0.975013 -0.155067 0.004266 0.999766 0.021194 0.007012 0.999368 0.034838 0.006917 0.999385 0.034368 0.004241 0.999769 0.021071 0.078983 0.993898 0.076993 0.138839 0.981023 0.135341 0.230251 0.946893 0.224450 0.172133 0.970677 0.167796 -0.010930 0.998465 -0.054305 -0.014276 0.997379 -0.070931 -0.012601 0.997959 -0.062610 -0.010400 0.998610 -0.051672 -0.927727 0.000005 0.373259 -0.927724 0.000005 0.373268 -0.927726 0.000005 0.373262 -0.931385 0.000005 0.364036 -0.943997 0.000001 0.329955 -0.950829 -0.000006 0.309716 0.022355 0.999556 -0.019695 0.035147 0.998902 -0.030964 0.033726 0.998989 -0.029712 0.021575 0.999587 -0.019007 0.022926 0.999707 0.007724 0.037057 0.999235 0.012485 0.036017 0.999278 0.012135 0.022415 0.999720 0.007552 0.949109 0.000002 -0.314946 0.949110 0.000002 -0.314943 0.952100 0.000003 -0.305788 0.951879 0.000002 -0.306473 0.970370 0.000002 -0.241623 0.953467 0.000002 -0.301497 -0.053445 0.998408 -0.018007 -0.020312 0.999770 -0.006844 -0.019301 0.999793 -0.006503 -0.051443 0.998526 -0.017332 -0.053878 0.997419 0.047466 -0.019428 0.999665 0.017116 -0.018213 0.999705 0.016046 -0.051314 0.997659 0.045208 0.025013 0.991932 0.124279 0.008975 0.998965 0.044594 0.007573 0.999263 0.037629 0.022840 0.993278 0.113481 -0.010577 0.999938 -0.003564 0.006806 0.999974 0.002293 0.010866 0.999934 0.003661 -0.006517 0.999976 -0.002196 -0.009211 0.998910 -0.045765 -0.003672 0.999827 -0.018246 -0.003539 0.999839 -0.017582 -0.008989 0.998962 -0.044664 -0.198961 0.957219 0.210111 -0.198953 0.957222 0.210102 -0.198952 0.957223 0.210102 -0.198960 0.957219 0.210110 
						0.196889 0.958124 -0.207924 0.196891 0.958124 -0.207925 0.196891 0.958124 -0.207925 0.196889 0.958124 -0.207924 0.904041 0.000004 -0.427446 0.908792 0.000004 -0.417250 -0.353890 -0.000006 0.935287 -0.375393 -0.000006 0.926866 -0.465756 -0.000007 0.884914 -0.459256 -0.000007 0.888304 -0.896644 -0.000014 0.442752 -0.901565 -0.000014 0.432643 0.351839 0.000006 -0.936061 0.354522 0.000006 -0.935048 0.419935 0.000007 -0.907554 0.414959 0.000007 -0.909840 -0.100778 0.990047 -0.098239 -0.138218 0.981194 -0.134736 -0.195863 0.961865 -0.190928 -0.159076 0.975012 -0.155068 0.004266 0.999766 0.021194 0.007012 0.999368 0.034840 0.006918 0.999385 0.034371 0.004241 0.999769 0.021072 0.078983 0.993898 0.076994 0.138837 0.981024 0.135340 0.230246 0.946895 0.224446 0.172131 0.970678 0.167794 -0.010930 0.998465 -0.054306 -0.014277 0.997379 -0.070937 -0.012602 0.997958 -0.062617 -0.010400 0.998610 -0.051672 -0.927726 -0.000004 0.373263 -0.927725 -0.000004 0.373263 -0.927726 -0.000004 0.373261 -0.931381 -0.000004 0.364045 -0.943991 -0.000004 0.329971 -0.950824 -0.000003 0.309731 0.022357 0.999556 -0.019697 0.035144 0.998903 -0.030962 0.033721 0.998990 -0.029709 0.021577 0.999586 -0.019009 0.022925 0.999707 0.007724 0.037055 0.999235 0.012485 0.036016 0.999277 0.012135 0.022414 0.999720 0.007552 0.949109 -0.000004 -0.314946 0.949111 -0.000004 -0.314942 0.952100 -0.000008 -0.305788 0.951879 -0.000005 -0.306475 0.970370 -0.000004 -0.241623 0.953467 -0.000004 -0.301497 -0.053453 0.998408 -0.018010 -0.020312 0.999770 -0.006844 -0.019300 0.999793 -0.006503 -0.051450 0.998525 -0.017335 -0.053877 0.997419 0.047466 -0.019432 0.999665 0.017119 -0.018217 0.999705 0.016049 -0.051315 0.997659 0.045209 0.025013 0.991932 0.124279 0.008975 0.998965 0.044594 0.007574 0.999263 0.037630 0.022840 0.993278 0.113482 
						-0.010575 0.999938 -0.003563 0.006806 0.999974 0.002293 0.010866 0.999934 0.003661 -0.006515 0.999976 -0.002195 -0.009211 0.998910 -0.045764 -0.003672 0.999827 -0.018244 -0.003539 0.999839 -0.017581 -0.008989 0.998962 -0.044664 -0.198960 0.957219 0.210110 -0.198960 0.957219 0.210110 -0.198960 0.957219 0.210110 -0.198960 0.957219 0.210110 0.196888 0.958125 -0.207922 0.196882 0.958127 -0.207916 0.196882 0.958128 -0.207916 0.196888 0.958125 -0.207921 0.904064 -0.000010 -0.427397 0.908813 -0.000010 -0.417204 -0.353876 -0.000001 0.935292 -0.375380 -0.000001 0.926871 -0.465750 -0.000001 0.884916 -0.459250 -0.000001 0.888307 -0.896644 -0.000001 0.442753 -0.901564 -0.000001 0.432645 0.351816 0.000004 -0.936069 0.354502 0.000004 -0.935055 0.419978 0.000005 -0.907534 0.414997 0.000005 -0.909823 -0.100780 0.990047 -0.098241 -0.138219 0.981194 -0.134736 -0.195861 0.961866 -0.190927 -0.159075 0.975012 -0.155068 0.707107 0.000000 -0.707107 0.707107 0.000000 -0.707107 0.707107 0.000000 -0.707107 0.707107 0.000001 -0.707107 0.766045 0.000000 0.642788 0.766045 0.000000 0.642787 0.766045 -0.000001 0.642788 0.766045 -0.000000 0.642788 0.707107 0.000000 -0.707107 0.707107 0.000000 -0.707107 0.707107 0.000001 -0.707107 0.707107 0.000000 -0.707107 0.766045 0.000000 0.642787 0.766045 0.000000 0.642787 0.766045 0.000000 0.642787 0.766045 0.000000 0.642787 0.766045 0.000000 0.642787 0.766045 0.000000 0.642787 0.766045 0.000000 0.642788 0.766045 -0.000000 0.642787 0.707107 0.000000 -0.707107 0.707107 -0.000000 -0.707107 0.707107 0.000000 -0.707107 0.707107 -0.000000 -0.707107 0.766044 0.000000 0.642788 0.766044 0.000000 0.642788 0.766044 0.000000 0.642788 0.766044 0.000000 0.642788 0.707107 0.000000 -0.707107 0.707107 0.000001 -0.707107 0.707107 0.000001 -0.707107 0.707107 0.000001 -0.707107 
						0.707107 0.000000 -0.707107 0.707107 0.000000 -0.707106 0.707107 0.000000 -0.707107 0.766044 -0.000000 0.642788 0.766045 -0.000000 0.642787 0.766045 -0.000000 0.642787 0.707107 0.000001 -0.707107 0.707107 0.000000 -0.707107 0.707107 0.000000 -0.707106 0.766044 0.000000 0.642788 0.766045 0.000000 0.642787 0.766045 0.000000 0.642787 0.766045 0.000000 0.642787 0.766045 0.000000 0.642787 0.766045 0.000000 0.642788 0.707107 0.000001 -0.707107 0.707107 0.000000 -0.707107 0.707107 0.000002 -0.707107 0.766045 -0.000001 0.642787 0.766045 -0.000001 0.642787 0.766044 -0.000000 0.642788 0.707107 0.000000 -0.707107 0.707107 0.000000 -0.707107 0.707107 0.000000 -0.707106 
					</float_array>
					<technique_common>
						<accessor count="3544" offset="0" source="#meshId0-tangents-array" stride="3">
							<param name="X" type="float" />
							<param name="Y" type="float" />
							<param name="Z" type="float" />
						</accessor>
					</technique_common>
				</source>
				<source id="meshId0-bitangents" name="meshId0-bitangents">
					<float_array id="meshId0-bitangents-array" count="10632"> 
						-0.707106 -0.000000 0.707108 -0.707106 -0.000000 0.707107 -0.707106 -0.000000 0.707107 -0.707106 -0.000000 0.707108 -0.707107 0.000000 0.707107 -0.707107 0.000000 0.707107 -0.707107 0.000000 0.707107 -0.707107 0.000000 0.707107 -0.707106 -0.000000 0.707108 -0.707106 -0.000000 0.707107 -0.707106 -0.000000 0.707107 -0.707106 -0.000000 0.707108 -0.707107 0.000000 0.707107 -0.707106 0.000000 0.707107 -0.707106 0.000000 0.707107 -0.707107 0.000000 0.707107 -0.707107 -0.000002 0.707107 -0.707107 -0.000000 0.707107 -0.707107 -0.000000 0.707107 -0.707107 -0.000001 0.707107 -0.707107 0.000000 0.707107 -0.707107 0.000000 0.707107 -0.707107 0.000000 0.707107 -0.707107 0.000000 0.707107 -0.707107 0.000000 0.707107 -0.707107 0.000000 0.707107 -0.707107 0.000000 0.707107 -0.707107 0.000000 0.707107 -0.707107 -0.000000 0.707107 -0.707107 -0.000000 0.707107 -0.707107 -0.000000 0.707107 -0.707107 -0.000000 0.707107 -0.707106 -0.000000 0.707108 -0.707106 -0.000000 0.707108 -0.707106 -0.000000 0.707107 -0.707107 -0.000000 0.707107 -0.707107 -0.000000 0.707107 -0.707107 -0.000000 0.707107 -0.707106 -0.000000 0.707107 -0.707106 -0.000000 0.707107 -0.707107 0.000000 0.707107 -0.707106 0.000000 0.707107 -0.707106 0.000000 0.707107 -0.707107 0.000000 0.707107 -0.707107 -0.000000 0.707107 -0.707107 -0.000000 0.707107 -0.707107 -0.000002 0.707107 -0.707107 -0.000002 0.707107 -0.707107 -0.000000 0.707107 -0.707107 0.000000 0.707107 -0.707107 0.000000 0.707107 -0.707107 0.000000 0.707107 -0.707107 -0.000000 0.707106 -0.707107 -0.000000 0.707107 -0.707107 -0.000000 0.707107 -0.707107 -0.000000 0.707106 -0.707106 -0.000000 0.707108 -0.707106 -0.000000 0.707108 -0.707106 -0.000000 0.707108 -0.707106 -0.000000 0.707107 -0.707107 -0.000000 0.707107 -0.707107 -0.000000 0.707107 -0.707106 -0.000000 0.707107 -0.707106 -0.000000 0.707107 
						0.707107 0.000000 -0.707107 0.707092 0.000000 -0.707121 0.707089 0.000000 -0.707125 0.707105 0.000000 -0.707109 0.707107 0.000000 -0.707107 0.707106 0.000021 -0.707107 0.707106 0.000027 -0.707107 0.707107 0.000003 -0.707107 0.707107 0.000000 -0.707107 0.707106 0.000000 -0.707107 0.707106 0.000000 -0.707107 0.707107 0.000000 -0.707107 0.707107 -0.000000 -0.707107 0.707106 -0.000020 -0.707107 0.707106 -0.000025 -0.707107 0.707106 -0.000003 -0.707107 0.707107 0.000000 -0.707107 0.707107 0.000000 -0.707107 0.707107 0.000000 -0.707107 0.707107 0.000000 -0.707107 0.707107 0.000000 -0.707107 0.707107 -0.000000 -0.707107 0.707107 -0.000000 -0.707107 0.707107 0.000000 -0.707107 0.707107 0.000000 -0.707107 0.707107 0.000000 -0.707107 0.707107 0.000000 -0.707107 0.707107 0.000000 -0.707107 0.707106 0.000001 -0.707108 0.707106 0.000001 -0.707108 0.707106 0.000001 -0.707108 0.707106 0.000001 -0.707108 0.707106 -0.000000 -0.707108 0.707106 -0.000000 -0.707107 0.707107 0.000000 -0.707106 0.707107 0.000000 -0.707106 0.707106 0.000000 -0.707107 0.707106 0.000000 -0.707108 0.707107 0.000000 -0.707107 0.707107 0.000000 -0.707106 0.707107 0.000000 -0.707107 0.707107 0.000000 -0.707106 0.707107 0.000000 -0.707106 0.707107 0.000000 -0.707107 0.707107 -0.000000 -0.707107 0.707107 0.000000 -0.707106 0.707107 0.000000 -0.707107 0.707107 0.000000 -0.707107 0.707107 0.000000 -0.707107 0.707107 -0.000000 -0.707107 0.707107 0.000000 -0.707107 0.707107 0.000000 -0.707107 0.707106 0.000000 -0.707108 0.707106 0.000001 -0.707108 0.707106 0.000001 -0.707108 0.707106 0.000000 -0.707108 0.707106 0.000000 -0.707108 0.707106 0.000000 -0.707108 0.707107 0.000000 -0.707106 0.707107 0.000000 -0.707106 0.707106 0.000000 -0.707108 0.707106 0.000000 -0.707108 0.707107 0.000000 -0.707107 0.707107 0.000000 -0.707106 
						0.707090 0.000000 -0.707123 0.707104 0.000000 -0.707110 0.707108 0.000000 -0.707106 0.707091 0.000000 -0.707123 0.707106 0.000024 -0.707107 0.707106 0.000005 -0.707107 0.707106 0.000000 -0.707107 0.707106 0.000024 -0.707107 0.707124 0.000001 -0.707090 0.707112 0.000002 -0.707102 0.707108 0.000002 -0.707106 0.707124 0.000001 -0.707089 0.707106 0.000000 -0.707107 0.707106 0.000000 -0.707107 0.707106 0.000000 -0.707107 0.707106 0.000000 -0.707107 0.707107 0.000000 -0.707107 0.707107 0.000000 -0.707107 0.707107 0.000000 -0.707107 0.707107 0.000000 -0.707107 0.707107 0.000000 -0.707106 0.707107 0.000000 -0.707106 0.707107 0.000000 -0.707107 0.707107 0.000000 -0.707107 0.707107 0.000000 -0.707107 0.707107 0.000000 -0.707107 0.707107 0.000000 -0.707107 0.707107 0.000000 -0.707107 0.707108 0.000000 -0.707105 0.707108 0.000001 -0.707105 0.707108 0.000001 -0.707105 0.707108 0.000000 -0.707105 0.707107 0.000001 -0.707106 0.707107 0.000001 -0.707107 0.707106 -0.000000 -0.707107 0.707106 -0.000000 -0.707107 0.707106 -0.000000 -0.707108 0.707106 -0.000000 -0.707108 0.707106 0.000000 -0.707108 0.707108 0.000000 -0.707106 0.707107 0.000002 -0.707106 0.707107 0.000000 -0.707107 0.707107 0.000000 -0.707107 0.707107 0.000001 -0.707106 0.707107 0.000000 -0.707107 0.707107 0.000000 -0.707107 0.707107 0.000000 -0.707107 0.707107 0.000000 -0.707107 0.707107 0.000000 -0.707106 0.707107 0.000000 -0.707106 0.707107 0.000000 -0.707107 0.707107 0.000003 -0.707107 0.707107 0.000000 -0.707106 0.707108 0.000000 -0.707105 0.707108 0.000000 -0.707105 0.707107 0.000000 -0.707106 0.707107 0.000000 -0.707106 0.707107 0.000000 -0.707107 0.707106 0.000001 -0.707107 0.707106 0.000001 -0.707107 0.707106 0.000001 -0.707108 0.707106 0.000001 -0.707108 0.707106 0.000000 -0.707108 0.707104 0.000000 -0.707110 
						-0.707107 0.000000 0.707106 -0.707107 0.000000 0.707106 -0.707107 0.000000 0.707106 -0.707107 0.000000 0.707106 -0.707106 -0.000000 0.707107 -0.707106 0.000000 0.707107 -0.707106 0.000000 0.707107 -0.707107 -0.000000 0.707107 -0.707107 0.000000 0.707106 -0.707107 0.000000 0.707106 -0.707107 0.000000 0.707106 -0.707107 0.000000 0.707106 -0.707107 0.000000 0.707107 -0.707106 0.000000 0.707107 -0.707106 0.000000 0.707107 -0.707106 0.000000 0.707107 -0.707106 0.000000 0.707107 -0.707106 0.000000 0.707107 -0.707106 0.000000 0.707107 -0.707106 0.000000 0.707107 -0.707108 0.000000 0.707106 -0.707107 0.000000 0.707106 -0.707107 -0.000000 0.707106 -0.707107 -0.000000 0.707106 -0.707106 -0.000002 0.707107 -0.707106 -0.000002 0.707107 -0.707106 -0.000000 0.707107 -0.707107 0.000000 0.707107 -0.707105 -0.000002 0.707109 -0.707105 -0.000001 0.707109 -0.707105 -0.000001 0.707109 -0.707105 -0.000002 0.707109 -0.707106 -0.000000 0.707108 -0.707106 -0.000000 0.707108 -0.707106 -0.000000 0.707107 -0.707106 -0.000000 0.707107 -0.707106 0.000000 0.707108 -0.707106 0.000000 0.707108 -0.707107 0.000000 0.707107 -0.707107 0.000000 0.707106 -0.707106 0.000000 0.707107 -0.707107 0.000000 0.707107 -0.707107 0.000000 0.707107 -0.707106 0.000000 0.707107 -0.707108 0.000000 0.707106 -0.707108 0.000000 0.707106 -0.707108 0.000000 0.707106 -0.707108 0.000000 0.707106 -0.707107 0.000000 0.707107 -0.707107 -0.000000 0.707107 -0.707106 -0.000002 0.707107 -0.707106 -0.000002 0.707107 -0.707105 0.000000 0.707109 -0.707105 0.000000 0.707109 -0.707105 0.000000 0.707109 -0.707105 0.000000 0.707109 -0.707106 -0.000001 0.707108 -0.707106 -0.000001 0.707108 -0.707106 -0.000000 0.707107 -0.707106 -0.000000 0.707107 -0.707107 0.000001 0.707107 -0.707107 0.000001 0.707107 -0.707106 0.000000 0.707108 -0.707106 0.000000 0.707108 
						-0.707107 -0.000001 0.707106 -0.707108 -0.000002 0.707106 -0.707108 -0.000002 0.707106 -0.707107 -0.000001 0.707106 -0.707107 0.000000 0.707107 -0.707107 0.000000 0.707107 -0.707107 0.000000 0.707107 -0.707107 0.000000 0.707107 -0.707107 -0.000001 0.707106 -0.707108 -0.000002 0.707106 -0.707108 -0.000002 0.707106 -0.707107 -0.000001 0.707106 -0.707107 0.000000 0.707107 -0.707106 0.000000 0.707107 -0.707107 0.000000 0.707107 -0.707107 0.000000 0.707107 -0.707107 0.000000 0.707107 -0.707107 0.000000 0.707107 -0.707107 0.000000 0.707107 -0.707107 0.000000 0.707107 -0.707107 -0.000000 0.707107 -0.707107 -0.000000 0.707107 -0.707107 -0.000002 0.707107 -0.707107 -0.000002 0.707107 -0.707107 -0.000000 0.707107 -0.707107 -0.000000 0.707107 -0.707107 0.000000 0.707107 -0.707107 0.000000 0.707107 -0.707107 0.000003 0.707107 -0.707108 0.000002 0.707106 -0.707108 0.000002 0.707105 -0.707107 0.000003 0.707106 -0.707108 -0.000001 0.707105 -0.707108 -0.000001 0.707105 -0.707106 -0.000002 0.707107 -0.707106 -0.000002 0.707107 -0.707107 -0.000002 0.707107 -0.707107 -0.000002 0.707107 -0.707106 -0.000001 0.707108 -0.707106 -0.000001 0.707108 -0.707107 -0.000000 0.707106 -0.707107 -0.000002 0.707107 -0.707107 -0.000002 0.707107 -0.707107 -0.000000 0.707106 -0.707106 -0.000000 0.707107 -0.707106 -0.000000 0.707107 -0.707106 0.000000 0.707107 -0.707106 0.000000 0.707107 -0.707106 0.000000 0.707107 -0.707106 0.000000 0.707107 -0.707107 0.000000 0.707107 -0.707107 0.000000 0.707107 -0.707107 0.000000 0.707107 -0.707107 0.000000 0.707107 -0.707107 0.000000 0.707106 -0.707107 0.000000 0.707107 -0.707108 -0.000001 0.707105 -0.707108 -0.000001 0.707105 -0.707107 -0.000002 0.707106 -0.707107 -0.000002 0.707106 -0.707107 -0.000002 0.707106 -0.707107 -0.000002 0.707107 -0.707106 -0.000001 0.707108 -0.707106 -0.000001 0.707107 
						0.707107 0.000000 -0.707106 0.707108 0.000000 -0.707106 0.707108 0.000000 -0.707106 0.707108 0.000000 -0.707106 0.707107 0.000000 -0.707107 0.707106 0.000000 -0.707107 0.707107 0.000000 -0.707107 0.707107 0.000000 -0.707107 0.707107 0.000001 -0.707106 0.707107 0.000000 -0.707106 0.707107 0.000000 -0.707106 0.707107 0.000001 -0.707106 0.707107 0.000000 -0.707107 0.707107 0.000001 -0.707107 0.707107 0.000002 -0.707107 0.707107 0.000000 -0.707107 0.707107 0.000000 -0.707107 0.707106 0.000000 -0.707107 0.707106 0.000000 -0.707107 0.707107 0.000000 -0.707107 0.707107 0.000000 -0.707107 0.707107 0.000000 -0.707107 0.707107 0.000000 -0.707107 0.707107 0.000000 -0.707107 0.707106 0.000000 -0.707107 0.707106 0.000000 -0.707107 0.707107 -0.000000 -0.707107 0.707107 0.000000 -0.707107 0.707106 -0.000002 -0.707108 0.707106 -0.000001 -0.707108 0.707106 -0.000001 -0.707108 0.707106 -0.000002 -0.707108 0.707106 0.000000 -0.707107 0.707107 0.000000 -0.707107 0.707107 0.000001 -0.707107 0.707107 0.000001 -0.707107 0.707107 0.000002 -0.707107 0.707107 0.000002 -0.707107 0.707107 0.000002 -0.707106 0.707107 0.000002 -0.707106 0.707106 0.000000 -0.707107 0.707106 0.000000 -0.707107 0.707106 0.000000 -0.707107 0.707106 0.000000 -0.707107 0.707107 0.000000 -0.707107 0.707107 0.000000 -0.707107 0.707107 0.000000 -0.707107 0.707107 0.000000 -0.707107 0.707107 0.000000 -0.707107 0.707107 0.000000 -0.707107 0.707107 0.000000 -0.707107 0.707107 0.000000 -0.707107 0.707106 0.000000 -0.707108 0.707106 0.000000 -0.707108 0.707106 0.000000 -0.707108 0.707106 0.000000 -0.707108 0.707106 0.000000 -0.707107 0.707106 0.000000 -0.707107 0.707107 0.000000 -0.707107 0.707107 0.000000 -0.707107 0.707107 0.000000 -0.707107 0.707107 0.000000 -0.707107 0.707107 0.000000 -0.707106 0.707107 0.000000 -0.707106 
						0.000000 -1.000000 -0.000000 0.000000 -1.000000 -0.000000 0.000000 -1.000000 -0.000000 0.000000 -1.000000 -0.000000 0.000000 -1.000000 0.000000 0.000000 -1.000000 0.000000 0.000000 -1.000000 0.000000 0.000000 -1.000000 0.000000 0.000004 -1.000000 0.000004 0.000001 -1.000000 0.000001 0.000000 -1.000000 -0.000000 0.000004 -1.000000 0.000004 0.000006 -1.000000 -0.000006 0.000001 -1.000000 -0.000000 0.000000 -1.000000 0.000000 0.000006 -1.000000 -0.000005 0.707106 0.000000 0.707107 0.707106 0.000000 0.707107 0.707106 0.000000 0.707107 0.707106 0.000000 0.707107 0.707106 0.000000 0.707107 0.707106 0.000000 0.707108 0.707106 0.000000 0.707108 0.707106 0.000000 0.707108 0.000000 -1.000000 0.000000 0.000000 -1.000000 0.000000 0.000000 -1.000000 -0.000000 0.000000 -1.000000 0.000000 0.000006 -1.000000 -0.000005 0.000006 -1.000000 -0.000005 0.000001 -1.000000 -0.000000 0.000001 -1.000000 -0.000000 0.000006 -1.000000 -0.000005 0.000006 -1.000000 -0.000006 0.000006 -1.000000 -0.000006 0.000006 -1.000000 -0.000006 0.000000 -1.000000 0.000000 0.000000 -1.000000 -0.000000 0.000000 -1.000000 -0.000000 0.000000 -1.000000 -0.000000 0.000000 -1.000000 -0.000000 0.000000 -1.000000 -0.000000 0.000000 -1.000000 -0.000000 0.000000 -1.000000 -0.000000 0.000000 -1.000000 -0.000000 0.000000 -1.000000 -0.000000 -0.000000 -1.000000 0.000000 0.000000 -1.000000 0.000000 0.000000 -1.000000 0.000000 0.000000 -1.000000 0.000000 -0.000000 -1.000000 0.000001 0.000000 -1.000000 0.000000 -0.000006 -1.000000 0.000006 -0.000006 -1.000000 0.000006 -0.000006 -1.000000 0.000006 -0.000005 -1.000000 0.000006 -0.000000 -1.000000 0.000001 0.000000 -1.000000 0.000000 0.000000 -1.000000 0.000000 0.000000 -1.000000 0.000000 0.000000 -1.000000 0.000000 0.000000 -1.000000 0.000000 -0.000000 -1.000000 -0.000000 0.000000 -1.000000 0.000000 
						-0.000004 -1.000000 -0.000004 -0.000004 -1.000000 -0.000004 -0.000000 -1.000000 -0.000000 0.000000 -1.000000 -0.000000 0.000000 -1.000000 -0.000000 0.000000 -1.000000 -0.000000 0.000000 -1.000000 -0.000000 0.000000 -1.000000 -0.000000 0.000000 -1.000000 -0.000000 0.000000 -1.000000 0.000000 0.000000 -1.000000 0.000000 0.000000 -1.000000 -0.000000 0.000000 -1.000000 0.000000 0.000000 -1.000000 0.000000 0.000000 -1.000000 0.000000 0.000000 -1.000000 0.000000 -0.000000 -1.000000 0.000000 0.000000 -1.000000 -0.000000 0.000000 -1.000000 -0.000000 -0.000000 -1.000000 0.000000 0.000000 -1.000000 0.000000 0.000000 -1.000000 0.000000 0.000000 -1.000000 0.000000 0.000000 -1.000000 0.000000 0.707106 0.000000 0.707107 0.707107 0.000000 0.707107 0.707108 0.000000 0.707106 0.707107 0.000000 0.707106 0.707106 0.000000 0.707108 0.707106 0.000000 0.707108 0.707106 0.000000 0.707107 0.707106 0.000000 0.707107 0.000000 -1.000000 0.000000 -0.000001 -1.000000 0.000001 -0.000001 -1.000000 0.000001 0.000000 -1.000000 0.000000 0.000000 -1.000000 0.000000 0.000000 -1.000000 0.000000 -0.000002 -1.000000 0.000002 -0.000002 -1.000000 0.000002 0.000000 -1.000000 0.000000 0.000000 -1.000000 0.000000 0.000000 -1.000000 0.000000 0.000000 -1.000000 0.000000 0.000000 -1.000000 0.000000 0.000000 -1.000000 -0.000000 0.000000 -1.000000 -0.000000 0.000000 -1.000000 -0.000000 0.000000 -1.000000 -0.000000 0.000000 -1.000000 -0.000000 0.000000 -1.000000 -0.000000 0.000000 -1.000000 -0.000000 0.000000 -1.000000 -0.000000 0.000000 -1.000000 -0.000000 -0.000000 -1.000000 0.000000 -0.000000 -1.000000 0.000000 0.000000 -1.000000 0.000000 -0.000001 -1.000000 0.000001 -0.000000 -1.000000 0.000001 0.000000 -1.000000 0.000000 0.000006 -1.000000 -0.000005 0.000006 -1.000000 -0.000005 -0.000001 -1.000000 0.000002 -0.000002 -1.000000 0.000002 
						0.000000 -1.000000 0.000000 0.000000 -1.000000 0.000000 0.000000 -1.000000 0.000000 0.000000 -1.000000 0.000000 0.000000 -1.000000 0.000000 0.000000 -1.000000 -0.000000 0.000000 -1.000000 0.000000 0.000000 -1.000000 0.000000 0.000004 -1.000000 0.000004 0.000004 -1.000000 0.000004 0.000000 -1.000000 0.000000 0.000000 -1.000000 -0.000000 0.000000 -1.000000 -0.000000 0.000000 -1.000000 -0.000000 0.000000 -1.000000 -0.000000 0.000000 -1.000000 -0.000000 0.000000 -1.000000 -0.000000 -0.000000 -1.000000 0.000000 -0.000000 -1.000000 0.000000 0.000000 -1.000000 -0.000000 0.000000 -1.000000 0.000000 0.000000 -1.000000 0.000000 0.000000 -1.000000 0.000000 0.000000 -1.000000 0.000000 0.000000 -1.000000 -0.000000 0.000000 -1.000000 -0.000000 0.000000 -1.000000 -0.000000 0.000000 -1.000000 -0.000000 0.000000 -1.000000 0.000000 0.000000 -1.000000 0.000000 0.000000 -1.000000 0.000000 0.000000 -1.000000 0.000000 -0.000000 1.000000 0.000000 -0.000000 1.000000 0.000000 -0.000000 1.000000 0.000000 -0.000000 1.000000 0.000000 -0.000000 1.000000 -0.000000 -0.000000 1.000000 -0.000000 -0.000000 1.000000 -0.000000 -0.000000 1.000000 -0.000000 -0.000000 1.000000 0.000000 -0.000000 1.000000 0.000000 -0.000000 1.000000 0.000000 -0.000000 1.000000 0.000000 0.000021 1.000000 -0.000021 0.000001 1.000000 -0.000001 -0.000000 1.000000 -0.000000 0.000021 1.000000 -0.000021 -0.000000 1.000000 -0.000000 -0.000000 1.000000 -0.000000 -0.000001 1.000000 0.000000 -0.000000 1.000000 -0.000000 -0.000017 1.000000 0.000017 -0.000017 1.000000 0.000017 -0.000001 1.000000 0.000000 -0.000000 1.000000 -0.000000 -0.000000 1.000000 -0.000000 0.000000 1.000000 -0.000001 -0.000000 1.000000 -0.000000 -0.000000 1.000000 0.000000 -0.000000 1.000000 0.000000 -0.000000 1.000000 -0.000000 -0.000000 1.000000 0.000000 -0.000000 1.000000 0.000000 
						-0.000000 1.000000 0.000000 -0.000000 1.000000 0.000000 -0.000000 1.000000 0.000000 -0.000000 1.000000 0.000000 0.000000 1.000000 -0.000000 -0.000000 1.000000 -0.000000 -0.000000 1.000000 -0.000000 0.000000 1.000000 -0.000000 -0.000000 1.000000 -0.000000 -0.000000 1.000000 -0.000000 -0.000000 1.000000 -0.000000 -0.000000 1.000000 -0.000000 -0.000000 1.000000 -0.000000 -0.000000 1.000000 -0.000000 -0.000000 1.000000 -0.000000 -0.000000 1.000000 0.000000 0.000001 1.000000 0.000001 -0.000000 1.000000 -0.000000 0.000012 1.000000 0.000012 0.000012 1.000000 0.000012 0.000001 1.000000 0.000001 -0.000000 1.000000 0.000000 -0.000000 1.000000 0.000000 -0.000000 1.000000 0.000000 0.000000 -1.000000 0.000000 -0.000020 -1.000000 0.000020 -0.000020 -1.000000 0.000020 -0.000001 -1.000000 0.000002 0.000002 -1.000000 -0.000002 0.000003 -1.000000 -0.000003 0.000004 -1.000000 -0.000003 0.000004 -1.000000 -0.000003 0.000000 -1.000000 0.000000 0.000000 -1.000000 0.000000 0.000000 -1.000000 0.000000 0.000000 -1.000000 -0.000000 0.000000 -1.000000 -0.000000 0.000000 -1.000000 0.000000 0.000000 -1.000000 -0.000000 0.000000 -1.000000 -0.000000 0.000000 -1.000000 -0.000000 0.000000 -1.000000 -0.000000 0.000000 -1.000000 -0.000000 0.000000 -1.000000 -0.000000 0.000000 -1.000000 0.000000 0.000000 -1.000000 0.000000 0.000000 -1.000000 0.000000 0.000000 -1.000000 0.000000 0.000000 -1.000000 0.000000 0.000000 -1.000000 0.000000 0.000000 -1.000000 0.000000 0.000000 -1.000000 0.000000 0.000000 -1.000000 0.000000 0.000000 -1.000000 0.000000 0.000000 -1.000000 0.000000 0.000014 -1.000000 0.000014 0.000014 -1.000000 0.000014 0.000002 -1.000000 0.000001 -0.000001 -1.000000 -0.000001 -0.000002 -1.000000 -0.000002 -0.000002 -1.000000 -0.000003 -0.000002 -1.000000 -0.000003 -0.000000 -1.000000 -0.000000 0.000000 -1.000000 -0.000000 
						-0.000000 1.000000 0.000000 0.000000 1.000000 -0.000000 -0.000000 1.000000 0.000000 -0.000000 1.000000 0.000000 0.766045 0.000000 0.642788 0.766044 0.000000 0.642788 0.766044 0.000000 0.642788 0.766045 0.000000 0.642787 0.766045 0.000000 0.642787 0.766045 0.000000 0.642787 0.766045 0.000000 0.642787 0.766045 0.000000 0.642787 0.766045 0.000000 0.642787 0.766044 0.000000 0.642788 0.766044 0.000000 0.642788 0.766045 0.000000 0.642788 0.766045 0.000000 0.642787 0.766045 0.000000 0.642787 0.766045 0.000000 0.642787 0.766045 0.000000 0.642787 0.766044 0.000000 0.642788 0.766045 0.000000 0.642787 0.766045 0.000000 0.642787 0.766044 0.000000 0.642788 0.766045 0.000000 0.642787 0.766045 0.000000 0.642787 0.766045 0.000001 0.642787 0.766045 0.000001 0.642787 0.766045 0.000000 0.642787 0.766045 0.000000 0.642787 0.766045 0.000000 0.642787 0.766045 0.000000 0.642787 0.766045 0.000000 0.642787 0.766044 0.000000 0.642788 0.766044 0.000000 0.642788 0.766045 0.000000 0.642788 0.766044 0.000000 0.642788 0.766044 0.000000 0.642788 0.766045 0.000000 0.642787 0.766045 0.000000 0.642787 0.766045 0.000000 0.642787 0.766044 0.000000 0.642788 0.766045 0.000000 0.642788 0.766044 0.000000 0.642788 0.766045 0.000000 0.642787 0.766045 0.000000 0.642787 0.766045 0.000000 0.642787 0.766045 0.000000 0.642787 0.766045 0.000000 0.642787 0.766045 -0.000000 0.642787 0.766045 -0.000001 0.642787 0.766045 -0.000001 0.642787 0.766045 -0.000000 0.642787 0.766045 -0.000000 0.642787 0.766045 0.000000 0.642787 0.766045 0.000000 0.642787 0.766045 0.000000 0.642787 0.766044 0.000000 0.642788 0.766044 0.000000 0.642788 0.766045 0.000000 0.642788 0.766044 0.000000 0.642788 0.766044 0.000000 0.642788 0.766045 0.000000 0.642787 0.766046 0.000000 0.642785 
						0.766053 0.000000 0.642778 0.766053 0.000000 0.642778 0.766046 0.000000 0.642786 0.766044 0.000000 0.642788 0.766045 0.000001 0.642787 0.766045 0.000001 0.642786 0.766046 0.000001 0.642786 0.766045 0.000001 0.642787 0.766045 0.000000 0.642787 0.766045 0.000000 0.642787 0.766045 0.000000 0.642787 0.766045 0.000000 0.642788 0.766045 0.000000 0.642787 0.766045 0.000000 0.642786 0.766046 0.000000 0.642786 0.766045 0.000000 0.642787 0.766045 0.000000 0.642787 0.766045 0.000000 0.642787 0.766045 0.000000 0.642787 0.766045 0.000000 0.642787 0.766044 0.000000 0.642788 0.766045 0.000001 0.642787 0.766045 0.000001 0.642787 0.766044 0.000000 0.642788 0.766045 0.000000 0.642787 0.766045 0.000000 0.642787 0.766044 0.000001 0.642788 0.766044 0.000001 0.642788 0.766045 0.000001 0.642788 0.766045 0.000001 0.642788 0.766045 0.000001 0.642787 0.766045 0.000001 0.642787 0.766044 0.000000 0.642788 0.766045 0.000000 0.642787 0.766045 0.000000 0.642788 0.766044 0.000000 0.642788 0.766043 0.000001 0.642789 0.766044 0.000001 0.642789 0.766046 0.000001 0.642786 0.766046 0.000001 0.642786 0.766046 0.000000 0.642786 0.766045 0.000000 0.642787 0.766044 0.000000 0.642788 0.766044 0.000000 0.642788 0.766044 0.000000 0.642788 0.766045 0.000001 0.642787 0.766045 0.000001 0.642787 0.766044 0.000000 0.642788 0.766045 0.000002 0.642787 0.766045 0.000002 0.642787 0.766045 0.000000 0.642788 0.766045 0.000000 0.642788 0.766045 0.000000 0.642787 0.766045 0.000000 0.642787 0.766045 0.000001 0.642787 0.766045 0.000001 0.642787 0.766044 -0.000000 0.642788 0.766045 -0.000000 0.642787 0.766045 -0.000000 0.642787 0.766044 -0.000000 0.642788 0.766044 0.000000 0.642788 0.766045 0.000000 0.642788 0.766046 0.000001 0.642786 0.766046 0.000001 0.642786 
						0.766045 0.000001 0.642787 0.766045 0.000001 0.642787 0.766044 0.000000 0.642788 0.766044 0.000000 0.642788 -0.766044 -0.000001 -0.642788 -0.766045 0.000000 -0.642787 -0.766046 0.000000 -0.642786 -0.766044 -0.000001 -0.642788 -0.766045 -0.000000 -0.642787 -0.766045 -0.000000 -0.642787 -0.766045 -0.000000 -0.642787 -0.766045 -0.000000 -0.642787 -0.766044 -0.000001 -0.642788 -0.766045 -0.000000 -0.642787 -0.766046 -0.000000 -0.642786 -0.766044 -0.000001 -0.642788 -0.766045 0.000000 -0.642787 -0.766045 0.000000 -0.642787 -0.766045 0.000000 -0.642787 -0.766045 0.000000 -0.642787 -0.766044 0.000000 -0.642788 -0.766045 -0.000001 -0.642787 -0.766045 -0.000001 -0.642787 -0.766044 -0.000000 -0.642788 -0.766045 -0.000000 -0.642787 -0.766045 -0.000000 -0.642787 -0.766045 -0.000001 -0.642787 -0.766045 -0.000001 -0.642787 -0.766045 -0.000001 -0.642787 -0.766045 -0.000001 -0.642787 -0.766045 -0.000000 -0.642788 -0.766045 -0.000000 -0.642788 -0.766027 -0.000001 -0.642808 -0.766043 -0.000001 -0.642789 -0.766045 -0.000001 -0.642787 -0.766031 -0.000001 -0.642804 -0.766045 0.000000 -0.642787 -0.766045 0.000000 -0.642787 -0.766046 -0.000000 -0.642786 -0.766046 -0.000000 -0.642786 -0.766044 -0.000001 -0.642788 -0.766044 -0.000001 -0.642788 -0.766043 -0.000001 -0.642790 -0.766043 -0.000001 -0.642790 -0.766045 -0.000027 -0.642787 -0.766044 -0.000004 -0.642788 -0.766044 -0.000002 -0.642788 -0.766045 -0.000021 -0.642787 -0.766044 -0.000000 -0.642788 -0.766044 -0.000000 -0.642788 -0.766045 -0.000001 -0.642787 -0.766045 -0.000004 -0.642787 -0.766045 -0.000024 -0.642787 -0.766045 -0.000024 -0.642787 -0.766044 -0.000003 -0.642788 -0.766044 -0.000000 -0.642788 -0.766044 0.000001 -0.642788 -0.766045 0.000000 -0.642787 -0.766045 0.000000 -0.642787 -0.766045 0.000001 -0.642788 -0.766045 0.000000 -0.642787 -0.766045 0.000000 -0.642787 -0.766046 0.000000 -0.642786 -0.766048 0.000000 -0.642784 
						-0.766059 -0.000000 -0.642770 -0.766059 -0.000000 -0.642771 -0.766044 -0.000001 -0.642788 -0.766043 -0.000001 -0.642790 -0.766045 -0.000001 -0.642787 -0.766045 -0.000002 -0.642787 -0.766046 -0.000002 -0.642786 -0.766045 -0.000001 -0.642787 -0.766046 0.000000 -0.642786 -0.766046 -0.000002 -0.642785 -0.766046 -0.000003 -0.642785 -0.766046 -0.000000 -0.642786 -0.766045 -0.000001 -0.642787 -0.766045 -0.000002 -0.642787 -0.766046 -0.000002 -0.642786 -0.766045 -0.000001 -0.642787 -0.766045 0.000000 -0.642787 -0.766045 -0.000002 -0.642787 -0.766045 -0.000003 -0.642787 -0.766045 -0.000000 -0.642787 -0.766044 0.000000 -0.642788 -0.766044 -0.000001 -0.642788 -0.766044 -0.000001 -0.642788 -0.766044 -0.000000 -0.642788 -0.766044 -0.000000 -0.642788 -0.766044 0.000000 -0.642788 -0.766044 0.000000 -0.642788 -0.766044 0.000000 -0.642788 -0.766045 0.000000 -0.642787 -0.766045 0.000000 -0.642787 -0.766045 0.000000 -0.642786 -0.766045 0.000000 -0.642786 -0.766045 0.000001 -0.642787 -0.766045 -0.000002 -0.642787 -0.766045 -0.000002 -0.642787 -0.766045 0.000001 -0.642787 -0.766045 -0.000003 -0.642788 -0.766045 -0.000003 -0.642788 -0.766045 -0.000002 -0.642787 -0.766046 -0.000002 -0.642786 -0.766046 -0.000001 -0.642786 -0.766046 -0.000001 -0.642786 -0.766044 0.000000 -0.642788 -0.766044 0.000000 -0.642788 -0.766044 0.000000 -0.642788 -0.766045 -0.000000 -0.642787 -0.766045 0.000004 -0.642787 -0.766044 -0.000000 -0.642788 -0.766045 0.000036 -0.642787 -0.766045 0.000036 -0.642787 -0.766045 0.000004 -0.642787 -0.766045 -0.000000 -0.642787 -0.766044 -0.000000 -0.642788 -0.766044 -0.000000 -0.642788 -0.766044 -0.000000 -0.642788 -0.766044 -0.000000 -0.642788 -0.766045 -0.000003 -0.642787 -0.766045 0.000000 -0.642787 -0.766042 0.000000 -0.642790 -0.766045 -0.000003 -0.642787 -0.766021 0.000001 -0.642815 -0.766022 0.000001 -0.642815 -0.766043 -0.000001 -0.642790 -0.766046 -0.000001 -0.642786 
						-0.766046 -0.000002 -0.642786 -0.766046 -0.000002 -0.642786 -0.766044 -0.000002 -0.642788 -0.766044 -0.000002 -0.642788 -0.766044 0.000001 -0.642788 -0.766045 -0.000000 -0.642787 -0.766046 -0.000000 -0.642786 -0.766044 0.000001 -0.642788 -0.766045 -0.000001 -0.642787 -0.766045 -0.000000 -0.642787 -0.766045 0.000000 -0.642787 -0.766045 -0.000001 -0.642787 -0.766044 -0.000001 -0.642788 -0.766045 -0.000002 -0.642787 -0.766046 -0.000002 -0.642786 -0.766044 -0.000001 -0.642788 -0.766045 -0.000001 -0.642787 -0.766045 -0.000000 -0.642786 -0.766045 0.000000 -0.642786 -0.766045 -0.000001 -0.642787 -0.766044 0.000000 -0.642788 -0.766044 0.000000 -0.642788 -0.766044 0.000000 -0.642788 -0.766044 0.000000 -0.642788 -0.766045 0.000000 -0.642787 -0.766045 -0.000000 -0.642787 -0.766045 -0.000000 -0.642787 -0.766045 -0.000000 -0.642787 -0.766045 -0.000001 -0.642787 -0.766045 -0.000001 -0.642787 -0.766045 -0.000000 -0.642787 -0.766045 -0.000000 -0.642787 -0.766044 -0.000003 -0.642788 -0.766045 -0.000001 -0.642787 -0.766045 -0.000001 -0.642787 -0.766044 -0.000003 -0.642788 -0.766045 0.000001 -0.642787 -0.766045 0.000001 -0.642787 -0.766045 0.000000 -0.642787 -0.766045 0.000000 -0.642787 -0.766045 -0.000001 -0.642787 -0.766044 -0.000001 -0.642788 -0.766043 -0.000001 -0.642789 -0.766043 -0.000001 -0.642789 -0.766044 -0.000000 -0.642788 -0.766044 -0.000000 -0.642788 -0.766044 -0.000000 -0.642788 -0.766044 -0.000000 -0.642788 -0.766045 -0.000000 -0.642787 -0.766045 -0.000000 -0.642787 -0.766045 -0.000001 -0.642787 -0.766045 -0.000001 -0.642787 -0.766044 -0.000001 -0.642788 -0.766044 -0.000001 -0.642788 -0.766045 -0.000000 -0.642787 -0.766045 -0.000000 -0.642787 -0.766044 -0.000004 -0.642788 -0.766045 -0.000002 -0.642787 -0.766045 -0.000002 -0.642787 -0.766044 -0.000004 -0.642788 -0.766045 0.000002 -0.642787 -0.766045 0.000002 -0.642787 -0.766045 0.000001 -0.642787 -0.766045 0.000001 -0.642787 
						-0.766045 -0.000002 -0.642787 -0.766044 -0.000002 -0.642788 -0.766043 -0.000001 -0.642789 -0.766043 -0.000001 -0.642789 -0.766045 -0.000002 -0.642787 -0.766045 -0.000003 -0.642787 -0.766046 -0.000003 -0.642786 -0.766045 -0.000002 -0.642787 -0.766044 -0.000003 -0.642788 -0.766044 -0.000022 -0.642788 -0.766044 -0.000027 -0.642788 -0.766044 -0.000005 -0.642788 -0.766044 -0.000000 -0.642788 -0.766038 -0.000003 -0.642795 -0.766035 -0.000003 -0.642798 -0.766042 -0.000000 -0.642790 -0.766044 -0.000000 -0.642788 -0.766045 0.000000 -0.642787 -0.766045 0.000000 -0.642787 -0.766044 0.000000 -0.642788 -0.766044 -0.000001 -0.642788 -0.766044 -0.000000 -0.642788 -0.766044 0.000000 -0.642788 -0.766044 -0.000001 -0.642788 -0.766045 0.000000 -0.642786 -0.766045 0.000000 -0.642786 -0.766046 0.000000 -0.642785 -0.766046 -0.000000 -0.642785 -0.766046 -0.000001 -0.642785 -0.766047 -0.000001 -0.642785 -0.766045 -0.000001 -0.642787 -0.766045 -0.000001 -0.642786 -0.766045 -0.000001 -0.642787 -0.766044 -0.000002 -0.642788 -0.766044 -0.000002 -0.642788 -0.766045 -0.000001 -0.642787 -0.766044 -0.000001 -0.642788 -0.766044 -0.000001 -0.642788 -0.766045 0.000001 -0.642787 -0.766045 0.000001 -0.642787 -0.766044 0.000000 -0.642788 -0.766044 0.000000 -0.642788 -0.766044 0.000001 -0.642788 -0.766044 0.000001 -0.642788 -0.766047 0.000000 -0.642785 -0.766046 -0.000001 -0.642786 -0.766046 -0.000001 -0.642786 -0.766047 -0.000000 -0.642785 -0.766044 -0.000000 -0.642788 -0.766044 -0.000000 -0.642788 -0.766044 -0.000000 -0.642788 -0.766044 -0.000000 -0.642788 -0.766044 0.000000 -0.642788 -0.766044 -0.000000 -0.642788 -0.766044 -0.000001 -0.642788 -0.766044 -0.000001 -0.642788 -0.766045 0.000001 -0.642788 -0.766045 -0.000000 -0.642788 -0.766044 -0.000000 -0.642788 -0.766045 0.000001 -0.642788 -0.766044 -0.000001 -0.642788 -0.766044 -0.000001 -0.642788 -0.766045 -0.000001 -0.642787 -0.766045 -0.000001 -0.642787 
						-0.766044 -0.000001 -0.642788 -0.766044 -0.000001 -0.642788 -0.766044 -0.000001 -0.642788 -0.766044 -0.000001 -0.642788 0.000001 -1.000000 -0.000001 0.000001 -1.000000 -0.000001 0.000001 -1.000000 -0.000001 0.000001 -1.000000 -0.000001 0.000000 -1.000000 -0.000000 0.000000 -1.000000 -0.000000 0.000000 -1.000000 -0.000000 0.000000 -1.000000 -0.000000 0.000001 -1.000000 -0.000001 0.000001 -1.000000 -0.000001 0.000001 -1.000000 -0.000001 0.000001 -1.000000 -0.000001 0.000000 -1.000000 -0.000000 0.000000 -1.000000 -0.000000 0.000000 -1.000000 -0.000000 0.000000 -1.000000 -0.000000 -0.642787 -0.000000 0.766045 -0.642792 -0.000000 0.766041 -0.642799 -0.000000 0.766034 -0.642795 -0.000000 0.766039 0.642787 0.000003 -0.766045 0.642787 0.000003 -0.766045 0.642787 0.000003 -0.766045 0.642787 0.000003 -0.766045 0.000000 -1.000000 -0.000000 0.000000 -1.000000 -0.000000 0.000000 -1.000000 -0.000000 0.000000 -1.000000 -0.000000 0.000000 -1.000000 -0.000000 0.000001 -1.000000 0.000000 0.000006 -1.000000 0.000005 0.000006 -1.000000 0.000005 0.000001 -1.000000 0.000000 0.000000 -1.000000 -0.000000 0.000000 -1.000000 -0.000000 0.000000 -1.000000 -0.000000 0.000000 -1.000000 -0.000000 0.000000 -1.000000 0.000000 -0.000000 -1.000000 0.000001 0.000000 -1.000000 -0.000000 -0.000003 -1.000000 0.000004 -0.000003 -1.000000 0.000004 0.000003 -1.000000 -0.000004 0.000004 -1.000000 -0.000004 0.000001 -1.000000 -0.000001 0.000001 -1.000000 -0.000001 0.000001 -1.000000 -0.000001 0.000001 -1.000000 -0.000001 0.000000 -1.000000 -0.000000 0.000000 -1.000000 -0.000000 0.000000 -1.000000 -0.000000 0.000000 -1.000000 -0.000000 0.000000 -1.000000 -0.000000 0.000000 -1.000000 -0.000000 0.000000 -1.000000 -0.000000 0.000000 -1.000000 -0.000000 0.000000 -1.000000 -0.000000 0.000000 -1.000000 -0.000000 0.000000 -1.000000 -0.000000 0.000000 -1.000000 -0.000000 
						0.000000 -1.000000 -0.000000 0.000000 -1.000000 0.000000 0.000000 -1.000000 0.000000 0.000000 -1.000000 -0.000000 0.000000 -1.000000 0.000000 0.000001 -1.000000 -0.000000 0.000004 -1.000000 -0.000004 0.000004 -1.000000 -0.000004 0.000001 -1.000000 -0.000001 0.000001 -1.000000 -0.000001 0.000001 -1.000000 -0.000001 0.000001 -1.000000 -0.000001 -0.000001 1.000000 0.000001 -0.000001 1.000000 0.000001 -0.000001 1.000000 0.000001 -0.000001 1.000000 0.000001 0.000004 1.000000 0.000004 0.000000 1.000000 0.000001 -0.000000 1.000000 0.000000 0.000004 1.000000 0.000003 -0.000000 1.000000 -0.000000 -0.000000 1.000000 -0.000000 -0.000000 1.000000 -0.000000 -0.000000 1.000000 -0.000000 0.000002 1.000000 0.000002 -0.000002 1.000000 -0.000001 -0.000002 1.000000 -0.000002 0.000002 1.000000 0.000002 -0.642787 -0.000000 0.766045 -0.642787 -0.000000 0.766045 -0.642788 -0.000000 0.766044 -0.642788 -0.000000 0.766044 -0.642788 -0.000003 0.766044 -0.642788 -0.000003 0.766044 -0.642788 -0.000003 0.766044 -0.642788 -0.000003 0.766044 -0.000000 1.000000 0.000000 0.000001 1.000000 0.000001 0.000001 1.000000 0.000001 -0.000000 1.000000 0.000000 -0.000001 1.000000 -0.000000 -0.000001 1.000000 -0.000000 0.000001 1.000000 0.000001 0.000001 1.000000 0.000001 0.000003 1.000000 0.000003 0.000003 1.000000 0.000003 0.000002 1.000000 0.000002 0.000002 1.000000 0.000002 -0.000000 1.000000 0.000000 -0.000001 1.000000 0.000000 -0.000001 1.000000 0.000000 -0.000000 1.000000 0.000000 -0.000000 1.000000 -0.000000 -0.000001 1.000000 0.000000 -0.000004 1.000000 0.000004 -0.000004 1.000000 0.000004 -0.000001 1.000000 0.000000 -0.000000 1.000000 -0.000000 -0.000000 1.000000 -0.000000 -0.000000 1.000000 -0.000000 -0.000000 1.000000 0.000000 -0.000000 1.000000 0.000000 -0.000000 1.000000 0.000000 -0.000000 1.000000 0.000000 
						-0.000001 1.000000 -0.000000 -0.000001 1.000000 -0.000000 -0.000005 1.000000 -0.000004 -0.000005 1.000000 -0.000004 0.000003 1.000000 0.000003 0.000004 1.000000 0.000004 0.000004 1.000000 0.000004 0.000004 1.000000 0.000004 -0.000000 1.000000 0.000000 -0.000000 1.000000 -0.000000 -0.000000 1.000000 -0.000000 -0.000000 1.000000 0.000000 -0.000000 1.000000 -0.000000 -0.000000 1.000000 -0.000000 -0.000000 1.000000 -0.000000 -0.000000 1.000000 0.000000 -0.000001 1.000000 0.000001 -0.000001 1.000000 0.000001 -0.000001 1.000000 0.000001 -0.000001 1.000000 0.000001 0.000003 -1.000000 -0.000003 0.000003 -1.000000 -0.000003 0.000003 -1.000000 -0.000003 0.000003 -1.000000 -0.000003 0.000000 -1.000000 -0.000000 0.000000 -1.000000 -0.000000 0.000000 -1.000000 -0.000000 0.000000 -1.000000 -0.000000 0.000003 -1.000000 -0.000003 0.000002 -1.000000 -0.000003 0.000002 -1.000000 -0.000003 0.000003 -1.000000 -0.000003 0.000000 -1.000000 -0.000000 0.000000 -1.000000 -0.000000 0.000000 -1.000000 -0.000000 0.000000 -1.000000 -0.000000 0.000003 -1.000000 -0.000003 0.000003 -1.000000 -0.000003 0.000003 -1.000000 -0.000003 0.000003 -1.000000 -0.000003 0.000000 -1.000000 -0.000000 0.000000 -1.000000 -0.000000 0.000000 -1.000000 -0.000000 0.000000 -1.000000 -0.000000 0.000003 -1.000000 -0.000003 0.000002 -1.000000 -0.000003 0.000002 -1.000000 -0.000003 0.000003 -1.000000 -0.000003 0.000000 -1.000000 -0.000000 0.000000 -1.000000 -0.000000 0.000000 -1.000000 -0.000000 0.000000 -1.000000 -0.000000 0.000000 -1.000000 -0.000000 0.000000 -1.000000 -0.000000 0.000000 -1.000000 -0.000000 0.000000 -1.000000 -0.000000 -0.000001 -1.000000 -0.000001 -0.000001 -1.000000 -0.000001 0.000000 -1.000000 -0.000000 0.000000 -1.000000 -0.000000 0.000000 -1.000000 -0.000000 0.000000 -1.000000 -0.000000 0.000000 -1.000000 -0.000000 0.000000 -1.000000 0.000000 
						0.000000 -1.000000 0.000000 0.000000 -1.000000 -0.000000 0.000000 -1.000000 0.000000 0.000000 -1.000000 0.000000 0.000000 -1.000000 0.000000 0.000000 -1.000000 0.000000 0.000002 -1.000000 -0.000003 0.000003 -1.000000 -0.000003 0.000000 -1.000000 -0.000000 0.000001 -1.000000 0.000001 0.000001 -1.000000 0.000001 0.000000 -1.000000 -0.000000 0.000002 -1.000000 0.000001 0.000002 -1.000000 0.000001 0.000000 -1.000000 -0.000000 0.000000 -1.000000 -0.000000 0.000000 -1.000000 -0.000000 0.000000 -1.000000 -0.000000 0.000000 -1.000000 -0.000000 -0.000000 -1.000000 0.000001 -0.000001 -1.000000 0.000001 0.000000 -1.000000 -0.000000 -0.000002 -1.000000 0.000002 -0.000002 -1.000000 0.000002 0.000000 -1.000000 0.000000 0.000000 -1.000000 0.000000 0.000002 -1.000000 -0.000003 0.000003 -1.000000 -0.000003 0.000000 -1.000000 -0.000000 0.000000 -1.000000 -0.000000 0.000000 -1.000000 -0.000000 0.000000 -1.000000 -0.000000 0.000000 -1.000000 -0.000000 0.000000 -1.000000 0.000000 0.000008 -1.000000 0.000006 0.000008 -1.000000 0.000006 0.000000 -1.000000 -0.000000 0.000000 -1.000000 -0.000000 0.000000 -1.000000 -0.000000 0.000000 -1.000000 0.000000 0.000000 -1.000000 0.000000 0.000000 -1.000000 -0.000000 0.000000 -1.000000 0.000000 0.000000 -1.000000 0.000000 0.000000 -1.000000 0.000000 0.000000 -1.000000 -0.000000 0.000002 -1.000000 -0.000003 0.000003 -1.000000 -0.000003 0.000000 -1.000000 -0.000000 0.000000 -1.000000 -0.000000 0.000000 -1.000000 -0.000000 0.000000 -1.000000 -0.000000 0.000000 -1.000000 -0.000000 0.000000 -1.000000 -0.000000 0.000004 -1.000000 0.000003 0.000004 -1.000000 0.000003 0.000000 -1.000000 -0.000000 0.000000 -1.000000 -0.000000 0.000000 -1.000000 -0.000000 0.000000 -1.000000 0.000000 0.000000 -1.000000 0.000000 0.000000 -1.000000 -0.000000 0.000000 -1.000000 0.000000 -0.000000 -1.000000 0.000000 
						-0.000004 -1.000000 0.000005 -0.000004 -1.000000 0.000005 0.000002 -1.000000 -0.000002 0.000002 -1.000000 -0.000003 -0.000000 1.000000 0.000000 -0.000000 1.000000 0.000001 0.000001 1.000000 0.000001 0.000000 1.000000 0.000000 0.707107 0.000000 -0.707107 0.707106 0.000000 -0.707108 0.707106 0.000000 -0.707108 0.707106 0.000000 -0.707107 0.707107 0.000000 -0.707107 0.707107 0.000000 -0.707107 0.707107 0.000000 -0.707107 0.707107 0.000000 -0.707107 0.707107 0.000000 -0.707107 0.707106 0.000000 -0.707108 0.707106 0.000000 -0.707108 0.707106 0.000000 -0.707107 0.707107 0.000000 -0.707107 0.707107 0.000000 -0.707107 0.707107 0.000000 -0.707107 0.707107 0.000000 -0.707107 0.707107 0.000000 -0.707106 0.707107 0.000000 -0.707107 0.707107 0.000000 -0.707107 0.707107 0.000000 -0.707106 0.707106 0.000000 -0.707108 0.707106 0.000000 -0.707107 0.707106 0.000000 -0.707107 0.707106 0.000000 -0.707107 0.707107 0.000000 -0.707107 0.707107 0.000000 -0.707107 0.707107 0.000000 -0.707107 0.707107 0.000000 -0.707107 0.707096 0.000000 -0.707117 0.707105 0.000000 -0.707109 0.707107 0.000000 -0.707107 0.707100 0.000000 -0.707114 0.707107 0.000000 -0.707107 0.707107 0.000000 -0.707107 0.707108 0.000000 -0.707106 0.707106 0.000000 -0.707107 0.707098 0.000000 -0.707115 0.707098 0.000000 -0.707115 0.707105 0.000000 -0.707108 0.707107 0.000000 -0.707106 0.707106 0.000000 -0.707107 0.707106 0.000000 -0.707107 0.707106 0.000000 -0.707107 0.707106 0.000000 -0.707107 0.707107 0.000000 -0.707107 0.707107 0.000000 -0.707107 0.707107 0.000000 -0.707107 0.707107 0.000000 -0.707107 0.707106 0.000000 -0.707107 0.707107 0.000000 -0.707107 0.707107 0.000000 -0.707107 0.707107 0.000000 -0.707107 0.707096 0.000000 -0.707117 0.707105 0.000000 -0.707109 0.707107 0.000000 -0.707107 0.707100 0.000000 -0.707114 
						0.707107 0.000000 -0.707107 0.707107 0.000000 -0.707107 0.707108 0.000000 -0.707106 0.707106 0.000000 -0.707107 0.707098 0.000000 -0.707115 0.707098 0.000000 -0.707115 0.707105 0.000000 -0.707108 0.707107 0.000000 -0.707107 -0.707107 -0.000001 0.707107 -0.707108 -0.000001 0.707106 -0.707108 -0.000001 0.707106 -0.707107 -0.000001 0.707107 -0.707107 0.000000 0.707107 -0.707106 0.000000 0.707107 -0.707106 0.000000 0.707107 -0.707106 0.000000 0.707107 -0.707107 -0.000000 0.707107 -0.707108 -0.000000 0.707106 -0.707108 -0.000000 0.707106 -0.707107 -0.000000 0.707107 -0.707107 -0.000000 0.707107 -0.707107 0.000000 0.707107 -0.707107 0.000000 0.707107 -0.707107 0.000000 0.707107 -0.707107 0.000000 0.707107 -0.707106 0.000000 0.707107 -0.707106 0.000000 0.707107 -0.707107 0.000000 0.707107 -0.707106 0.000000 0.707107 -0.707106 0.000000 0.707107 -0.707107 0.000000 0.707107 -0.707107 0.000000 0.707107 -0.707106 0.000000 0.707107 -0.707106 0.000000 0.707107 -0.707106 0.000000 0.707107 -0.707106 0.000000 0.707107 -0.707106 -0.000000 0.707108 -0.707106 -0.000000 0.707108 -0.707106 -0.000000 0.707108 -0.707106 -0.000000 0.707108 -0.707107 -0.000000 0.707107 -0.707107 -0.000000 0.707107 -0.707105 -0.000000 0.707108 -0.707105 -0.000000 0.707108 -0.707106 -0.000000 0.707107 -0.707106 -0.000000 0.707107 -0.707108 0.000000 0.707106 -0.707108 0.000000 0.707106 -0.707107 0.000000 0.707107 -0.707107 0.000000 0.707107 -0.707107 0.000000 0.707107 -0.707107 0.000000 0.707107 -0.707106 0.000000 0.707107 -0.707106 0.000000 0.707107 -0.707106 0.000001 0.707107 -0.707106 0.000001 0.707107 -0.707107 0.000000 0.707107 -0.707107 0.000000 0.707107 -0.707107 0.000000 0.707107 -0.707107 0.000000 0.707107 -0.707106 0.000000 0.707108 -0.707106 0.000000 0.707108 -0.707106 0.000000 0.707108 -0.707106 0.000000 0.707108 
						-0.707107 -0.000000 0.707107 -0.707107 -0.000000 0.707107 -0.707106 -0.000000 0.707108 -0.707106 -0.000000 0.707108 -0.707106 -0.000000 0.707107 -0.707106 -0.000000 0.707107 -0.707108 0.000000 0.707106 -0.707108 0.000000 0.707106 0.707106 0.000001 -0.707108 0.707106 0.000001 -0.707107 0.707106 0.000001 -0.707107 0.707106 0.000001 -0.707108 0.707107 0.000000 -0.707107 0.707107 0.000000 -0.707107 0.707107 0.000000 -0.707107 0.707107 0.000000 -0.707107 0.707106 0.000000 -0.707108 0.707106 0.000000 -0.707107 0.707106 0.000000 -0.707107 0.707106 0.000000 -0.707108 0.707107 0.000000 -0.707107 0.707107 0.000000 -0.707107 0.707107 0.000000 -0.707107 0.707107 0.000000 -0.707107 0.707106 0.000000 -0.707107 0.707106 0.000000 -0.707107 0.707106 0.000000 -0.707107 0.707106 0.000000 -0.707107 0.707106 0.000000 -0.707107 0.707106 0.000000 -0.707107 0.707106 0.000000 -0.707107 0.707106 0.000000 -0.707107 0.707107 0.000000 -0.707107 0.707107 0.000000 -0.707107 0.707107 0.000000 -0.707107 0.707107 0.000000 -0.707107 0.707106 0.000000 -0.707108 0.707107 0.000000 -0.707107 0.707107 0.000000 -0.707107 0.707106 0.000000 -0.707108 0.707106 -0.000000 -0.707108 0.707106 -0.000000 -0.707108 0.707106 -0.000000 -0.707108 0.707106 -0.000000 -0.707107 0.707107 0.000001 -0.707106 0.707107 0.000001 -0.707106 0.707105 0.000001 -0.707108 0.707105 0.000001 -0.707109 0.707107 0.000000 -0.707107 0.707106 0.000000 -0.707107 0.707106 0.000000 -0.707107 0.707107 0.000000 -0.707107 0.707106 0.000000 -0.707107 0.707106 0.000000 -0.707107 0.707107 0.000000 -0.707107 0.707107 0.000003 -0.707107 0.707107 0.000024 -0.707107 0.707107 0.000024 -0.707107 0.707106 0.000003 -0.707107 0.707106 0.000000 -0.707107 0.707106 -0.000000 -0.707108 0.707107 -0.000000 -0.707107 0.707107 -0.000000 -0.707107 0.707106 -0.000000 -0.707108 
						0.707106 0.000000 -0.707108 0.707106 0.000000 -0.707108 0.707106 0.000000 -0.707108 0.707106 0.000000 -0.707107 0.707107 0.000001 -0.707106 0.707107 0.000001 -0.707106 0.707105 0.000001 -0.707108 0.707105 0.000001 -0.707109 -0.707107 0.000000 0.707107 -0.707108 0.000000 0.707106 -0.707108 0.000000 0.707106 -0.707107 0.000000 0.707107 -0.707106 -0.000003 0.707107 -0.707105 -0.000001 0.707108 -0.707105 0.000000 0.707108 -0.707106 -0.000002 0.707107 -0.707108 0.000001 0.707105 -0.707106 0.000000 0.707107 -0.707106 0.000000 0.707108 -0.707108 0.000001 0.707105 -0.707106 0.000000 0.707108 -0.707106 -0.000003 0.707108 -0.707106 -0.000003 0.707108 -0.707106 -0.000000 0.707108 -0.707108 0.000000 0.707106 -0.707107 0.000000 0.707107 -0.707107 0.000000 0.707107 -0.707108 0.000000 0.707106 -0.707106 0.000000 0.707108 -0.707106 -0.000000 0.707108 -0.707106 -0.000001 0.707108 -0.707106 -0.000001 0.707108 -0.707106 -0.000000 0.707107 -0.707106 0.000000 0.707107 -0.707106 0.000000 0.707108 -0.707106 0.000000 0.707108 -0.707090 -0.000002 0.707124 -0.707106 -0.000001 0.707108 -0.707108 -0.000001 0.707106 -0.707094 -0.000002 0.707120 -0.707108 0.000000 0.707106 -0.707108 0.000000 0.707106 -0.707106 0.000001 0.707107 -0.707106 0.000001 0.707107 -0.707108 -0.000001 0.707105 -0.707108 -0.000001 0.707105 -0.707107 -0.000001 0.707106 -0.707107 -0.000001 0.707106 -0.707106 0.000024 0.707108 -0.707106 -0.000000 0.707107 -0.707106 -0.000003 0.707107 -0.707106 0.000019 0.707108 -0.707106 -0.000002 0.707107 -0.707106 -0.000002 0.707107 -0.707107 -0.000003 0.707106 -0.707107 -0.000003 0.707106 -0.707107 -0.000003 0.707106 -0.707107 -0.000003 0.707106 -0.707107 -0.000003 0.707107 -0.707107 -0.000003 0.707107 -0.707107 0.000000 0.707107 -0.707106 0.000000 0.707108 -0.707106 0.000000 0.707108 -0.707107 0.000000 0.707107 
						-0.707106 -0.000001 0.707107 -0.707106 -0.000001 0.707108 -0.707105 -0.000002 0.707108 -0.707105 -0.000002 0.707108 -0.707106 -0.000002 0.707107 -0.707106 -0.000002 0.707107 -0.707106 -0.000001 0.707108 -0.707106 -0.000001 0.707108 -0.707107 0.000001 0.707107 -0.707106 0.000002 0.707107 -0.707106 0.000002 0.707107 -0.707107 0.000001 0.707107 -0.707106 0.000000 0.707107 -0.707105 0.000000 0.707108 -0.707105 0.000000 0.707108 -0.707106 0.000000 0.707107 -0.707107 0.000000 0.707107 -0.707106 0.000000 0.707107 -0.707106 0.000000 0.707107 -0.707107 0.000000 0.707107 -0.707107 0.000000 0.707107 -0.707107 0.000000 0.707106 -0.707107 0.000000 0.707106 -0.707107 0.000000 0.707107 -0.707107 0.000000 0.707106 -0.707107 0.000000 0.707107 -0.707107 0.000000 0.707107 -0.707107 0.000000 0.707106 -0.707106 0.000000 0.707107 -0.707106 0.000000 0.707107 -0.707107 0.000000 0.707107 -0.707107 0.000000 0.707107 -0.707107 0.000000 0.707107 -0.707107 0.000000 0.707107 -0.707106 0.000000 0.707107 -0.707106 0.000000 0.707107 -0.707108 0.000002 0.707106 -0.707108 0.000001 0.707106 -0.707107 0.000001 0.707106 -0.707108 0.000002 0.707106 -0.707107 0.000001 0.707106 -0.707107 0.000001 0.707106 -0.707108 0.000002 0.707106 -0.707108 0.000002 0.707106 -0.707107 0.000001 0.707107 -0.707107 0.000001 0.707107 -0.707105 0.000000 0.707108 -0.707105 0.000000 0.707108 -0.707107 0.000000 0.707106 -0.707107 0.000000 0.707107 -0.707107 0.000000 0.707107 -0.707107 0.000000 0.707106 -0.707106 0.000000 0.707107 -0.707106 0.000000 0.707107 -0.707106 0.000000 0.707107 -0.707106 0.000000 0.707107 -0.707107 0.000000 0.707107 -0.707107 0.000000 0.707107 -0.707107 0.000000 0.707107 -0.707107 0.000000 0.707107 -0.707108 0.000000 0.707106 -0.707108 -0.000001 0.707106 -0.707107 -0.000001 0.707106 -0.707108 0.000000 0.707106 
						-0.707107 -0.000000 0.707106 -0.707107 0.000000 0.707106 -0.707108 0.000001 0.707106 -0.707108 0.000001 0.707106 -0.707107 -0.000001 0.707107 -0.707107 -0.000001 0.707107 -0.707105 -0.000001 0.707108 -0.707105 -0.000001 0.707108 -0.707107 0.000000 0.707106 -0.707106 0.000000 0.707107 -0.707106 0.000000 0.707108 -0.707107 0.000000 0.707107 -0.707107 0.000000 0.707106 -0.707107 0.000000 0.707107 -0.707107 0.000000 0.707107 -0.707107 0.000000 0.707106 -0.707107 0.000000 0.707106 -0.707105 0.000000 0.707108 -0.707104 0.000000 0.707109 -0.707107 0.000000 0.707107 -0.707108 0.000000 0.707106 -0.707108 -0.000003 0.707106 -0.707108 -0.000003 0.707106 -0.707108 -0.000000 0.707106 -0.707106 0.000000 0.707108 -0.707106 0.000000 0.707108 -0.707106 0.000000 0.707108 -0.707106 0.000000 0.707108 -0.707105 0.000000 0.707108 -0.707105 0.000000 0.707108 -0.707105 0.000000 0.707108 -0.707105 0.000000 0.707108 -0.707106 0.000000 0.707107 -0.707106 0.000000 0.707107 -0.707107 0.000000 0.707106 -0.707108 0.000000 0.707106 -0.707106 -0.000002 0.707108 -0.707106 -0.000002 0.707108 -0.707106 -0.000002 0.707108 -0.707106 -0.000002 0.707108 -0.707105 -0.000002 0.707108 -0.707105 -0.000002 0.707108 -0.707106 -0.000002 0.707107 -0.707106 -0.000002 0.707107 -0.707107 -0.000001 0.707107 -0.707107 -0.000001 0.707107 -0.707107 -0.000000 0.707106 -0.707107 -0.000000 0.707106 -0.707106 0.000000 0.707108 -0.707106 0.000000 0.707108 -0.707106 0.000000 0.707108 -0.707106 0.000000 0.707108 -0.707106 0.000000 0.707108 -0.707106 0.000000 0.707108 -0.707106 0.000000 0.707108 -0.707106 0.000000 0.707108 -0.707107 0.000000 0.707107 -0.707107 0.000000 0.707107 -0.707108 0.000000 0.707106 -0.707108 0.000000 0.707106 -0.707106 0.000000 0.707108 -0.707106 0.000000 0.707108 -0.707106 0.000000 0.707108 -0.707106 0.000000 0.707108 
						-0.707105 0.000000 0.707108 -0.707106 0.000000 0.707108 -0.707106 0.000000 0.707107 -0.707106 0.000000 0.707107 -0.707107 -0.000001 0.707107 -0.707107 -0.000001 0.707107 -0.707107 -0.000001 0.707106 -0.707107 -0.000001 0.707106 0.000000 -1.000000 -0.000000 0.000000 -1.000000 -0.000000 0.000000 -1.000000 -0.000000 0.000000 -1.000000 -0.000000 0.000000 -1.000000 0.000000 -0.000008 -1.000000 0.000008 -0.000009 -1.000000 0.000009 -0.000000 -1.000000 0.000001 0.000004 -1.000000 0.000004 0.000001 -1.000000 0.000000 0.000000 -1.000000 -0.000000 0.000004 -1.000000 0.000004 0.000006 -1.000000 -0.000005 0.000001 -1.000000 -0.000000 0.000000 -1.000000 0.000000 0.000006 -1.000000 -0.000005 0.707107 0.000000 0.707107 0.707107 0.000000 0.707107 0.707106 0.000000 0.707107 0.707106 0.000000 0.707107 -0.707107 0.000000 -0.707107 -0.707107 0.000000 -0.707107 -0.707107 0.000000 -0.707107 -0.707107 0.000000 -0.707107 0.000000 -1.000000 0.000000 0.000000 -1.000000 0.000000 0.000000 -1.000000 0.000000 0.000000 -1.000000 0.000000 0.000001 -1.000000 -0.000000 0.000001 -1.000000 -0.000000 0.000001 -1.000000 -0.000001 0.000001 -1.000000 -0.000001 0.000000 -1.000000 0.000000 0.000000 -1.000000 0.000000 0.000000 -1.000000 0.000000 0.000001 -1.000000 -0.000000 0.000000 -1.000000 0.000000 0.000000 -1.000000 -0.000000 0.000000 -1.000000 -0.000000 0.000000 -1.000000 0.000000 0.000000 -1.000000 -0.000000 0.000000 -1.000000 -0.000000 0.000000 -1.000000 -0.000000 0.000000 -1.000000 -0.000000 0.000000 -1.000000 -0.000000 0.000000 -1.000000 -0.000000 0.000000 -1.000000 -0.000000 0.000001 -1.000000 0.000000 0.000000 -1.000000 0.000000 0.000000 -1.000000 0.000000 -0.000000 -1.000000 0.000001 0.000000 -1.000000 0.000000 -0.000005 -1.000000 0.000005 -0.000005 -1.000000 0.000005 0.000001 -1.000000 -0.000000 0.000001 -1.000000 -0.000001 
						0.000000 -1.000000 0.000000 0.000000 -1.000000 0.000000 0.000000 -1.000000 0.000000 0.000000 -1.000000 0.000000 0.000000 -1.000000 0.000000 0.000000 -1.000000 -0.000000 0.000000 -1.000000 -0.000000 0.000000 -1.000000 0.000000 0.000000 -1.000000 -0.000000 0.000000 -1.000000 -0.000000 0.000000 -1.000000 -0.000000 0.000000 -1.000000 -0.000000 0.000000 -1.000000 -0.000000 0.000000 -1.000000 -0.000000 0.000000 -1.000000 -0.000000 0.000000 -1.000000 -0.000000 -0.000000 1.000000 0.000000 -0.000000 1.000000 0.000000 -0.000000 1.000000 0.000000 -0.000000 1.000000 0.000000 -0.000000 1.000000 -0.000000 -0.000000 1.000000 -0.000000 -0.000000 1.000000 -0.000000 -0.000000 1.000000 -0.000000 -0.000000 1.000000 0.000000 -0.000000 1.000000 0.000000 -0.000000 1.000000 0.000000 -0.000000 1.000000 0.000000 -0.000000 1.000000 -0.000000 -0.000000 1.000000 -0.000000 -0.000000 1.000000 -0.000000 -0.000000 1.000000 -0.000000 -0.707106 -0.000000 -0.707107 -0.707106 -0.000000 -0.707107 -0.707106 -0.000000 -0.707107 -0.707106 -0.000000 -0.707107 0.707107 0.000000 0.707106 0.707107 0.000000 0.707106 0.707108 0.000000 0.707106 0.707108 0.000000 0.707106 -0.000000 1.000000 -0.000000 -0.000000 1.000000 -0.000000 -0.000000 1.000000 -0.000000 -0.000000 1.000000 -0.000000 -0.000000 1.000000 -0.000000 -0.000000 1.000000 -0.000000 0.000002 1.000000 -0.000002 0.000002 1.000000 -0.000002 -0.000000 1.000000 -0.000000 -0.000000 1.000000 -0.000000 -0.000000 1.000000 -0.000000 -0.000000 1.000000 -0.000000 -0.000003 1.000000 -0.000002 -0.000001 1.000000 -0.000001 -0.000001 1.000000 -0.000001 -0.000002 1.000000 -0.000002 -0.000004 1.000000 -0.000004 -0.000004 1.000000 -0.000004 -0.000001 1.000000 -0.000000 -0.000000 1.000000 0.000000 -0.000000 1.000000 0.000000 -0.000000 1.000000 0.000000 -0.000000 1.000000 0.000000 -0.000000 1.000000 0.000000 
						-0.000001 1.000000 -0.000001 -0.000000 1.000000 -0.000000 -0.000000 1.000000 -0.000000 -0.000001 1.000000 -0.000001 -0.000000 1.000000 -0.000000 -0.000000 1.000000 -0.000000 0.000002 1.000000 -0.000002 0.000002 1.000000 -0.000002 -0.000000 1.000000 -0.000000 -0.000000 1.000000 -0.000000 -0.000000 1.000000 -0.000000 -0.000000 1.000000 -0.000000 -0.000000 1.000000 -0.000000 -0.000001 1.000000 -0.000000 -0.000001 1.000000 -0.000000 -0.000000 1.000000 -0.000000 -0.000000 1.000000 0.000000 -0.000000 1.000000 0.000000 -0.000000 1.000000 0.000000 -0.000000 1.000000 0.000000 -0.000000 1.000000 0.000000 -0.000000 1.000000 0.000000 -0.000000 1.000000 0.000000 -0.000000 1.000000 0.000000 -0.000000 1.000000 0.000000 -0.000000 1.000000 0.000000 -0.000000 1.000000 0.000000 -0.000000 1.000000 0.000000 -0.000000 1.000000 -0.000000 -0.000000 1.000000 -0.000000 -0.000000 1.000000 -0.000000 -0.000000 1.000000 -0.000000 -0.000015 1.000000 -0.000015 -0.000001 1.000000 -0.000001 -0.000000 1.000000 0.000000 -0.000015 1.000000 -0.000014 -0.000000 1.000000 -0.000000 -0.000000 1.000000 -0.000000 -0.000000 1.000000 -0.000000 -0.000000 1.000000 -0.000000 0.000000 -1.000000 -0.000000 0.000000 -1.000000 -0.000000 0.000000 -1.000000 -0.000000 0.000000 -1.000000 -0.000000 0.000001 -1.000000 -0.000000 0.000000 -1.000000 0.000000 0.000000 -1.000000 0.000000 0.000000 -1.000000 0.000000 0.000000 -1.000000 -0.000000 0.000000 -1.000000 -0.000000 0.000000 -1.000000 -0.000000 0.000000 -1.000000 -0.000000 0.000000 -1.000000 0.000000 0.000000 -1.000000 0.000000 0.000000 -1.000000 0.000000 0.000000 -1.000000 0.000000 0.000000 -1.000000 0.000000 0.000000 -1.000000 0.000000 0.000000 -1.000000 0.000000 0.000000 -1.000000 0.000000 -0.000001 -1.000000 0.000001 -0.000001 -1.000000 0.000001 0.000000 -1.000000 0.000000 0.000000 -1.000000 0.000000 
						0.000000 -1.000000 0.000000 0.000000 -1.000000 0.000000 0.000000 -1.000000 0.000000 0.000000 -1.000000 -0.000000 0.000000 -1.000000 -0.000000 0.000000 -1.000000 0.000000 0.000000 -1.000000 -0.000000 0.000000 -1.000000 -0.000000 0.000000 -1.000000 -0.000000 0.000000 -1.000000 -0.000000 0.000000 -1.000000 -0.000000 0.000000 -1.000000 -0.000000 0.000000 -1.000000 0.000000 0.000001 -1.000000 -0.000001 0.000001 -1.000000 -0.000001 0.000000 -1.000000 0.000000 0.000000 -1.000000 0.000000 0.000000 -1.000000 -0.000000 0.000011 -1.000000 -0.000010 0.000011 -1.000000 -0.000010 0.000011 -1.000000 -0.000010 0.000011 -1.000000 -0.000010 0.000001 -1.000000 -0.000000 0.000001 -1.000000 0.000000 0.000001 -1.000000 0.000000 0.000001 -1.000000 -0.000000 0.000001 -1.000000 0.000001 0.000001 -1.000000 0.000001 0.000000 -1.000000 -0.000000 0.000000 -1.000000 -0.000000 0.000000 -1.000000 -0.000000 0.000000 -1.000000 -0.000000 -0.000000 1.000000 -0.000000 -0.000000 1.000000 -0.000000 -0.000000 1.000000 -0.000000 -0.000000 1.000000 -0.000000 -0.000000 1.000000 -0.000000 -0.000000 1.000000 -0.000000 0.000003 1.000000 -0.000003 0.000003 1.000000 -0.000003 -0.000000 1.000000 -0.000000 -0.000000 1.000000 -0.000000 -0.000001 1.000000 0.000000 -0.000000 1.000000 0.000000 -0.000000 1.000000 0.000000 -0.000001 1.000000 0.000000 -0.000000 1.000000 0.000000 -0.000000 1.000000 0.000000 -0.000000 1.000000 0.000000 -0.000001 1.000000 -0.000001 -0.000015 1.000000 -0.000014 -0.000015 1.000000 -0.000015 -0.000000 1.000000 -0.000000 -0.000011 1.000000 0.000010 -0.000011 1.000000 0.000010 -0.000001 1.000000 0.000000 -0.000000 1.000000 0.000000 -0.000000 1.000000 -0.000000 -0.000000 1.000000 -0.000000 -0.000000 1.000000 -0.000000 -0.000000 1.000000 -0.000000 -0.000000 1.000000 -0.000000 -0.000001 1.000000 -0.000000 -0.000007 1.000000 -0.000007 
						-0.000007 1.000000 -0.000007 -0.000001 1.000000 -0.000001 -0.000000 1.000000 -0.000000 0.000000 1.000000 0.000000 0.000005 1.000000 0.000005 0.000005 1.000000 0.000005 0.000000 1.000000 0.000000 -0.000000 1.000000 0.000000 -0.000000 1.000000 -0.000000 -0.000001 1.000000 0.000000 0.000000 1.000000 0.000000 0.000000 1.000000 -0.000000 -0.766045 -0.000000 -0.642787 -0.766045 -0.000000 -0.642787 -0.766045 -0.000000 -0.642787 -0.766045 -0.000000 -0.642787 -0.766045 -0.000000 -0.642787 -0.766045 -0.000000 -0.642787 -0.766045 -0.000000 -0.642787 -0.766045 -0.000000 -0.642787 -0.766045 -0.000000 -0.642787 -0.766045 -0.000000 -0.642787 -0.766045 -0.000000 -0.642787 -0.766045 -0.000000 -0.642787 -0.766044 0.000000 -0.642788 -0.766044 0.000000 -0.642788 -0.766044 0.000000 -0.642788 -0.766044 0.000000 -0.642788 -0.766046 0.000000 -0.642786 -0.766045 0.000000 -0.642787 -0.766045 0.000000 -0.642787 -0.766046 0.000000 -0.642786 -0.766045 0.000000 -0.642787 -0.766045 0.000000 -0.642787 -0.766045 0.000000 -0.642787 -0.766045 0.000000 -0.642787 -0.766045 0.000000 -0.642787 -0.766045 0.000000 -0.642787 -0.766045 0.000000 -0.642788 -0.766045 0.000000 -0.642787 -0.766045 -0.000000 -0.642787 -0.766043 -0.000000 -0.642789 -0.766043 -0.000000 -0.642789 -0.766044 -0.000000 -0.642788 -0.766044 -0.000000 -0.642788 -0.766044 -0.000000 -0.642788 -0.766045 -0.000000 -0.642787 -0.766045 -0.000000 -0.642787 -0.766043 -0.000000 -0.642789 -0.766043 -0.000000 -0.642789 -0.766045 -0.000000 -0.642787 -0.766045 -0.000000 -0.642787 -0.766045 -0.000000 -0.642786 -0.766044 0.000000 -0.642788 -0.766044 0.000000 -0.642788 -0.766045 -0.000000 -0.642786 -0.766044 0.000002 -0.642788 -0.766044 0.000002 -0.642788 -0.766045 0.000000 -0.642787 -0.766045 0.000000 -0.642787 -0.766045 -0.000000 -0.642787 -0.766045 -0.000000 -0.642787 -0.766045 -0.000000 -0.642787 -0.766045 -0.000000 -0.642787 
						-0.766045 -0.000000 -0.642787 -0.766043 -0.000000 -0.642789 -0.766043 -0.000000 -0.642789 -0.766044 -0.000000 -0.642788 -0.766043 -0.000000 -0.642789 -0.766043 -0.000000 -0.642789 -0.766045 -0.000000 -0.642787 -0.766045 -0.000000 -0.642787 -0.766043 -0.000000 -0.642789 -0.766043 -0.000000 -0.642789 -0.766045 -0.000000 -0.642787 -0.766045 -0.000000 -0.642787 -0.766046 -0.000000 -0.642786 -0.766046 -0.000000 -0.642785 -0.766046 -0.000000 -0.642785 -0.766046 -0.000000 -0.642786 -0.766045 -0.000000 -0.642787 -0.766046 -0.000000 -0.642786 -0.766046 -0.000000 -0.642786 -0.766045 -0.000000 -0.642787 -0.766046 -0.000001 -0.642786 -0.766046 -0.000001 -0.642785 -0.766046 -0.000001 -0.642785 -0.766046 -0.000001 -0.642786 -0.766045 0.000000 -0.642788 -0.766045 0.000000 -0.642787 -0.766045 0.000000 -0.642787 -0.766045 0.000000 -0.642788 -0.766044 0.000000 -0.642788 -0.766044 0.000000 -0.642788 -0.766044 0.000000 -0.642788 -0.766044 0.000000 -0.642788 -0.766044 0.000000 -0.642788 -0.766044 0.000000 -0.642788 -0.766045 0.000000 -0.642787 -0.766045 0.000000 -0.642787 -0.766046 0.000000 -0.642786 -0.766046 0.000000 -0.642786 -0.766045 0.000000 -0.642787 -0.766045 0.000000 -0.642787 -0.766044 -0.000000 -0.642788 -0.766045 -0.000000 -0.642787 -0.766045 -0.000000 -0.642787 -0.766044 -0.000000 -0.642788 -0.766046 -0.000000 -0.642786 -0.766045 -0.000000 -0.642787 -0.766044 -0.000001 -0.642789 -0.766043 -0.000001 -0.642789 -0.766042 -0.000000 -0.642790 -0.766042 -0.000000 -0.642790 -0.766044 -0.000000 -0.642788 -0.766044 -0.000000 -0.642788 -0.766044 -0.000000 -0.642788 -0.766044 -0.000001 -0.642788 -0.766044 -0.000001 -0.642788 -0.766044 -0.000000 -0.642788 -0.766045 -0.000000 -0.642787 -0.766045 -0.000000 -0.642787 -0.766046 -0.000000 -0.642786 -0.766046 -0.000000 -0.642786 -0.766045 -0.000000 -0.642787 -0.766045 -0.000000 -0.642787 -0.766044 -0.000000 -0.642788 -0.766044 -0.000000 -0.642788 
						-0.766044 -0.000000 -0.642788 -0.766045 0.000000 -0.642787 -0.766046 0.000000 -0.642786 -0.766044 -0.000000 -0.642788 -0.766046 0.000000 -0.642786 -0.766045 0.000000 -0.642787 -0.766044 -0.000000 -0.642789 -0.766043 -0.000000 -0.642789 -0.766042 0.000000 -0.642791 -0.766042 0.000000 -0.642790 -0.766044 -0.000000 -0.642788 -0.766044 -0.000000 -0.642788 -0.766048 0.000001 -0.642783 -0.766046 0.000000 -0.642786 -0.766045 0.000000 -0.642787 -0.766048 0.000001 -0.642783 -0.766044 -0.000000 -0.642788 -0.766045 -0.000000 -0.642787 -0.766045 -0.000000 -0.642787 -0.766044 -0.000000 -0.642788 -0.766048 0.000000 -0.642783 -0.766046 0.000000 -0.642786 -0.766045 0.000000 -0.642787 -0.766048 0.000000 -0.642783 -0.766044 0.000000 -0.642788 -0.766044 0.000000 -0.642788 -0.766044 0.000000 -0.642788 -0.766044 -0.000000 -0.642788 -0.766044 0.000000 -0.642788 -0.766045 0.000000 -0.642787 -0.766045 0.000000 -0.642787 -0.766044 0.000000 -0.642788 -0.766045 0.000000 -0.642787 -0.766045 0.000000 -0.642787 -0.766045 0.000000 -0.642787 -0.766045 0.000000 -0.642787 -0.766045 0.000000 -0.642787 -0.766045 0.000000 -0.642787 -0.766045 0.000002 -0.642787 -0.766045 0.000002 -0.642787 -0.766045 -0.000000 -0.642787 -0.766044 -0.000000 -0.642788 -0.766044 -0.000000 -0.642788 -0.766045 -0.000000 -0.642788 -0.766046 -0.000000 -0.642785 -0.766047 -0.000000 -0.642785 -0.766047 0.000000 -0.642785 -0.766049 0.000000 -0.642782 -0.766063 -0.000001 -0.642765 -0.766063 -0.000001 -0.642766 -0.766046 -0.000001 -0.642785 -0.766045 -0.000001 -0.642787 -0.766044 -0.000000 -0.642788 -0.766045 -0.000000 -0.642787 -0.766045 -0.000000 -0.642787 -0.766044 -0.000000 -0.642788 -0.766045 -0.000000 -0.642787 -0.766045 -0.000000 -0.642787 -0.766045 -0.000000 -0.642787 -0.766045 -0.000000 -0.642787 -0.766045 -0.000000 -0.642787 -0.766045 -0.000000 -0.642787 -0.766044 -0.000000 -0.642788 -0.766044 -0.000000 -0.642788 
						-0.766045 0.000001 -0.642787 -0.766044 0.000000 -0.642788 -0.766044 0.000000 -0.642788 -0.766045 0.000001 -0.642788 -0.766046 -0.000001 -0.642785 -0.766047 -0.000001 -0.642785 -0.766047 -0.000000 -0.642785 -0.766049 -0.000000 -0.642782 -0.766063 -0.000001 -0.642765 -0.766063 -0.000001 -0.642765 -0.766048 0.000000 -0.642784 -0.766046 0.000000 -0.642786 -0.766045 -0.000000 -0.642787 -0.766047 -0.000002 -0.642784 -0.766048 -0.000002 -0.642783 -0.766044 -0.000000 -0.642788 -0.766044 -0.000000 -0.642788 -0.766044 -0.000000 -0.642788 -0.766044 -0.000000 -0.642788 -0.766044 -0.000000 -0.642788 -0.766045 0.000001 -0.642787 -0.766047 -0.000000 -0.642784 -0.766048 -0.000000 -0.642783 -0.766044 0.000001 -0.642788 -0.766045 0.000000 -0.642787 -0.766045 0.000000 -0.642787 -0.766045 0.000000 -0.642787 -0.766045 0.000000 -0.642787 -0.766044 0.000000 -0.642788 -0.766044 -0.000003 -0.642788 -0.766044 -0.000004 -0.642788 -0.766044 -0.000001 -0.642788 -0.766044 -0.000005 -0.642788 -0.766044 -0.000006 -0.642788 -0.766046 -0.000006 -0.642785 -0.766046 -0.000005 -0.642785 -0.766045 -0.000001 -0.642787 -0.766045 -0.000000 -0.642787 -0.766044 0.000000 -0.642788 -0.766044 0.000000 -0.642788 -0.766047 -0.000000 -0.642785 -0.766047 -0.000001 -0.642784 -0.766047 -0.000001 -0.642784 -0.766047 -0.000000 -0.642785 -0.766047 -0.000001 -0.642785 -0.766046 -0.000001 -0.642785 -0.766047 -0.000001 -0.642785 -0.766046 -0.000001 -0.642785 -0.766043 -0.000002 -0.642789 -0.766045 -0.000002 -0.642788 -0.766059 0.000000 -0.642771 -0.766059 -0.000000 -0.642771 -0.766044 -0.000000 -0.642788 -0.766045 -0.000000 -0.642787 -0.766045 -0.000000 -0.642787 -0.766044 -0.000000 -0.642788 -0.766045 0.000000 -0.642787 -0.766045 -0.000001 -0.642787 -0.766045 -0.000005 -0.642786 -0.766046 -0.000005 -0.642786 -0.766046 -0.000001 -0.642785 -0.766046 -0.000000 -0.642785 -0.766045 -0.000000 -0.642787 -0.766045 -0.000000 -0.642787 
						-0.766047 0.000002 -0.642785 -0.766045 0.000001 -0.642787 -0.766045 0.000001 -0.642787 -0.766046 0.000002 -0.642786 -0.766043 -0.000001 -0.642789 -0.766043 -0.000001 -0.642789 -0.766046 -0.000001 -0.642785 -0.766046 -0.000001 -0.642785 -0.766043 -0.000000 -0.642789 -0.766045 -0.000000 -0.642787 -0.766058 0.000001 -0.642771 -0.766059 0.000001 -0.642771 -0.766043 -0.000001 -0.642789 -0.766042 0.000000 -0.642791 -0.766041 0.000000 -0.642792 -0.766043 -0.000001 -0.642789 -0.766044 -0.000007 -0.642788 -0.766046 -0.000001 -0.642786 -0.766046 -0.000000 -0.642786 -0.766044 -0.000006 -0.642788 -0.766043 0.000001 -0.642789 -0.766042 -0.000000 -0.642791 -0.766041 -0.000000 -0.642791 -0.766043 0.000001 -0.642789 -0.766045 0.000000 -0.642787 -0.766044 0.000000 -0.642789 -0.766044 0.000000 -0.642789 -0.766045 0.000000 -0.642787 -0.766044 -0.000000 -0.642788 -0.766045 -0.000003 -0.642787 -0.766045 -0.000003 -0.642787 -0.766044 -0.000001 -0.642788 -0.766045 -0.000000 -0.642787 -0.766045 0.000000 -0.642787 -0.766045 0.000000 -0.642787 -0.766045 0.000000 -0.642787 -0.766046 0.000000 -0.642786 -0.766046 0.000000 -0.642786 -0.766046 0.000000 -0.642786 -0.766046 0.000000 -0.642786 -0.766044 -0.000000 -0.642788 -0.766049 -0.000001 -0.642783 -0.766047 -0.000001 -0.642784 -0.766045 -0.000000 -0.642787 -0.766032 -0.000001 -0.642803 -0.766032 -0.000001 -0.642803 -0.766044 -0.000000 -0.642788 -0.766045 -0.000000 -0.642787 -0.766041 -0.000000 -0.642792 -0.766041 -0.000000 -0.642792 -0.766043 0.000001 -0.642789 -0.766043 0.000001 -0.642789 -0.766045 -0.000007 -0.642787 -0.766045 -0.000007 -0.642787 -0.766045 -0.000007 -0.642787 -0.766045 -0.000007 -0.642787 -0.766045 -0.000007 -0.642787 -0.766045 -0.000007 -0.642787 -0.766045 -0.000007 -0.642787 -0.766045 -0.000007 -0.642787 -0.766046 -0.000007 -0.642786 -0.766046 -0.000007 -0.642786 -0.766044 -0.000007 -0.642788 -0.766044 -0.000007 -0.642788 
						-0.766044 0.000002 -0.642788 -0.766047 0.000001 -0.642785 -0.766045 0.000001 -0.642787 -0.766045 0.000002 -0.642787 -0.766032 0.000000 -0.642803 -0.766032 0.000000 -0.642803 -0.766044 -0.000001 -0.642788 -0.766045 -0.000001 -0.642787 -0.766041 -0.000002 -0.642792 -0.766041 -0.000002 -0.642792 -0.766043 -0.000002 -0.642789 -0.766043 -0.000002 -0.642789 -0.766043 0.000000 -0.642789 -0.766049 0.000000 -0.642782 -0.766052 0.000000 -0.642779 -0.766045 0.000000 -0.642787 -0.766047 -0.000000 -0.642785 -0.766047 -0.000021 -0.642785 -0.766047 -0.000027 -0.642785 -0.766047 -0.000003 -0.642785 -0.766046 -0.000001 -0.642786 -0.766043 -0.000000 -0.642789 -0.766042 -0.000000 -0.642791 -0.766045 -0.000001 -0.642787 -0.766045 0.000000 -0.642787 -0.766043 0.000000 -0.642789 -0.766043 0.000000 -0.642789 -0.766045 0.000000 -0.642787 -0.766045 0.000000 -0.642787 -0.766044 0.000000 -0.642788 -0.766044 0.000000 -0.642788 -0.766045 0.000000 -0.642787 -0.766044 0.000000 -0.642788 -0.766044 0.000000 -0.642788 -0.766045 0.000000 -0.642787 -0.766045 0.000000 -0.642787 -0.766045 0.000000 -0.642786 -0.766046 0.000000 -0.642786 -0.766047 0.000000 -0.642785 -0.766047 0.000000 -0.642785 -0.766046 -0.000000 -0.642786 -0.766044 -0.000000 -0.642788 -0.766044 -0.000000 -0.642789 -0.766045 -0.000000 -0.642787 -0.766042 -0.000000 -0.642790 -0.766042 -0.000000 -0.642790 -0.766043 -0.000000 -0.642790 -0.766043 -0.000000 -0.642789 -0.766045 0.000001 -0.642787 -0.766045 0.000001 -0.642787 -0.766045 -0.000000 -0.642787 -0.766045 0.000000 -0.642787 -0.766045 -0.000000 -0.642787 -0.766044 -0.000000 -0.642788 -0.766044 -0.000000 -0.642788 -0.766045 -0.000000 -0.642787 -0.766044 -0.000000 -0.642788 -0.766044 -0.000000 -0.642788 -0.766044 -0.000000 -0.642788 -0.766044 -0.000000 -0.642788 -0.766046 -0.000000 -0.642786 -0.766046 -0.000000 -0.642786 -0.766047 -0.000000 -0.642785 -0.766047 -0.000000 -0.642785 
						-0.766043 0.000000 -0.642789 -0.766042 0.000000 -0.642791 -0.766041 0.000000 -0.642792 -0.766042 0.000000 -0.642790 -0.766040 0.000000 -0.642793 -0.766040 0.000000 -0.642793 -0.766040 -0.000000 -0.642793 -0.766041 -0.000000 -0.642792 -0.766042 -0.000000 -0.642790 -0.766043 -0.000000 -0.642790 -0.766042 0.000000 -0.642790 -0.766042 0.000000 -0.642790 -0.000000 1.000000 -0.000000 -0.000000 1.000000 -0.000000 -0.000000 1.000000 -0.000000 -0.000000 1.000000 -0.000000 -0.000006 1.000000 -0.000005 -0.000001 1.000000 -0.000000 -0.000000 1.000000 0.000000 -0.000006 1.000000 -0.000005 -0.000000 1.000000 -0.000000 -0.000000 1.000000 -0.000000 -0.000000 1.000000 -0.000000 -0.000000 1.000000 -0.000000 -0.000000 1.000000 0.000000 -0.000000 1.000000 0.000000 -0.000000 1.000000 0.000000 -0.000000 1.000000 0.000000 -0.642788 -0.000000 0.766044 -0.642787 -0.000000 0.766045 -0.642786 -0.000000 0.766046 -0.642787 -0.000000 0.766045 0.642788 -0.000001 -0.766044 0.642787 -0.000001 -0.766045 0.642786 -0.000001 -0.766046 0.642787 -0.000001 -0.766045 -0.000000 1.000000 -0.000000 -0.000000 1.000000 0.000000 -0.000000 1.000000 0.000000 -0.000000 1.000000 -0.000000 -0.000001 1.000000 -0.000000 -0.000002 1.000000 -0.000000 -0.000001 1.000000 -0.000001 -0.000002 1.000000 -0.000001 -0.000006 1.000000 -0.000005 -0.000006 1.000000 -0.000005 -0.000001 1.000000 -0.000000 -0.000000 1.000000 0.000000 -0.000000 1.000000 0.000000 -0.000000 1.000000 -0.000000 -0.000000 1.000000 -0.000000 -0.000000 1.000000 0.000000 -0.000000 1.000000 -0.000000 -0.000000 1.000000 -0.000000 -0.000000 1.000000 -0.000000 -0.000000 1.000000 -0.000000 -0.000000 1.000000 -0.000000 -0.000000 1.000000 -0.000000 -0.000000 1.000000 -0.000000 -0.000000 1.000000 -0.000000 -0.000000 1.000000 -0.000000 -0.000000 1.000000 -0.000000 -0.000000 1.000000 -0.000000 -0.000000 1.000000 -0.000000 
						-0.000001 1.000000 -0.000001 -0.000001 1.000000 -0.000001 -0.000001 1.000000 -0.000001 -0.000001 1.000000 -0.000000 -0.000000 1.000000 0.000000 -0.000000 1.000000 0.000000 -0.000000 1.000000 0.000000 -0.000001 1.000000 -0.000000 -0.000000 1.000000 0.000000 -0.000000 1.000000 -0.000000 -0.000000 1.000000 -0.000000 -0.000000 1.000000 0.000000 -0.000000 1.000000 -0.000000 -0.000000 1.000000 -0.000000 -0.000000 1.000000 -0.000000 -0.000000 1.000000 0.000000 -0.000004 1.000000 0.000004 -0.000004 1.000000 0.000004 -0.000000 1.000000 0.000000 -0.000000 1.000000 -0.000000 -0.000000 1.000000 -0.000000 0.000000 1.000000 0.000000 0.000000 1.000000 0.000000 -0.000000 1.000000 -0.000000 -0.000000 1.000000 0.000000 0.000000 1.000000 0.000000 0.000000 1.000000 0.000000 -0.000000 1.000000 0.000000 -0.000000 1.000000 -0.000000 0.000000 1.000000 0.000000 0.000000 1.000000 0.000000 -0.000000 1.000000 -0.000000 -0.000000 1.000000 0.000000 -0.000000 1.000000 0.000000 -0.000000 1.000000 0.000000 -0.000000 1.000000 0.000000 0.642790 0.000000 -0.766042 0.642790 0.000000 -0.766042 0.642790 0.000000 -0.766042 0.642790 0.000000 -0.766042 -0.642786 0.000001 0.766045 -0.642788 0.000001 0.766044 -0.642791 0.000001 0.766041 -0.642789 0.000001 0.766043 -0.000000 1.000000 0.000000 -0.000000 1.000000 0.000000 -0.000000 1.000000 0.000000 -0.000000 1.000000 0.000000 -0.000000 1.000000 0.000000 -0.000000 1.000000 -0.000000 -0.000004 1.000000 -0.000003 -0.000004 1.000000 -0.000003 -0.000000 1.000000 -0.000000 -0.000000 1.000000 0.000000 -0.000000 1.000000 0.000000 -0.000000 1.000000 0.000000 -0.000000 1.000000 0.000000 -0.000000 1.000000 -0.000000 -0.000000 1.000000 -0.000000 -0.000000 1.000000 -0.000000 -0.000000 1.000000 0.000000 -0.000000 1.000000 0.000000 -0.000001 1.000000 0.000001 -0.000001 1.000000 0.000001 
						-0.000000 1.000000 -0.000000 -0.000000 1.000000 -0.000000 -0.000000 1.000000 -0.000000 -0.000000 1.000000 -0.000000 -0.000000 1.000000 0.000000 -0.000000 1.000000 0.000000 -0.000000 1.000000 0.000000 -0.000000 1.000000 0.000000 -0.000000 1.000000 0.000000 -0.000000 1.000000 -0.000000 -0.000004 1.000000 -0.000003 -0.000004 1.000000 -0.000003 -0.000000 1.000000 0.000000 -0.000000 1.000000 0.000000 -0.000000 1.000000 0.000000 -0.000000 1.000000 0.000000 -0.000001 1.000000 -0.000000 -0.000000 1.000000 -0.000000 -0.000001 1.000000 -0.000000 -0.000001 1.000000 -0.000000 -0.000000 1.000000 0.000000 -0.000001 1.000000 0.000000 -0.000001 1.000000 0.000001 -0.000000 1.000000 0.000001 -0.000000 1.000000 0.000000 -0.000000 1.000000 -0.000000 -0.000000 1.000000 -0.000000 -0.000000 1.000000 -0.000000 -0.000000 1.000000 -0.000000 -0.000000 1.000000 -0.000000 -0.000000 1.000000 -0.000000 -0.000000 1.000000 -0.000000 -0.000000 1.000000 0.000000 -0.000000 1.000000 0.000000 -0.000000 1.000000 0.000000 -0.000000 1.000000 0.000000 -0.000000 1.000000 -0.000000 0.000000 1.000000 0.000000 0.000000 1.000000 0.000000 -0.000000 1.000000 -0.000000 -0.000000 1.000000 0.000000 -0.000000 1.000000 0.000000 -0.000000 1.000000 0.000000 -0.000000 1.000000 0.000000 -0.000000 1.000000 -0.000000 -0.000000 1.000000 -0.000000 -0.000000 1.000000 -0.000000 -0.000000 1.000000 -0.000000 -0.000000 1.000000 0.000000 -0.000000 1.000000 0.000001 -0.000000 1.000000 0.000001 -0.000000 1.000000 0.000000 -0.000000 1.000000 -0.000000 -0.000000 1.000000 -0.000000 -0.000000 1.000000 -0.000000 -0.000000 1.000000 -0.000000 -0.000000 1.000000 0.000000 0.000000 1.000000 0.000000 0.000000 1.000000 0.000000 -0.000000 1.000000 0.000000 -0.000000 1.000000 0.000000 -0.000000 1.000000 0.000000 -0.000000 1.000000 0.000000 -0.000000 1.000000 0.000000 
						-0.000000 1.000000 0.000000 -0.000000 1.000000 0.000000 -0.000002 1.000000 -0.000002 -0.000002 1.000000 -0.000002 -0.000000 1.000000 0.000000 -0.000000 1.000000 0.000000 -0.000000 1.000000 0.000000 -0.000000 1.000000 -0.000000 -0.000000 1.000000 -0.000000 -0.000000 1.000000 0.000000 -0.000000 1.000000 -0.000000 -0.000000 1.000000 -0.000000 0.000000 1.000000 0.000000 0.000000 1.000000 0.000000 -0.000000 1.000000 -0.000000 -0.000000 1.000000 -0.000000 -0.000000 1.000000 0.000000 -0.000001 1.000000 -0.000001 -0.000001 1.000000 -0.000001 -0.000000 1.000000 0.000000 -0.000002 1.000000 -0.000002 -0.000002 1.000000 -0.000002 -0.000002 1.000000 -0.000002 -0.000002 1.000000 -0.000002 -0.000000 1.000000 0.000000 -0.000000 1.000000 0.000000 -0.000000 1.000000 0.000000 0.000000 1.000000 -0.000001 0.000000 1.000000 -0.000001 -0.000000 1.000000 0.000000 0.000001 1.000000 -0.000001 0.000001 1.000000 -0.000001 -0.000000 1.000000 -0.000000 -0.000000 1.000000 -0.000000 -0.000000 1.000000 -0.000000 -0.000000 1.000000 -0.000000 -0.000000 1.000000 0.000000 -0.000002 1.000000 -0.000001 -0.000002 1.000000 -0.000001 -0.000000 1.000000 0.000000 -0.000003 1.000000 -0.000002 -0.000003 1.000000 -0.000002 0.000003 1.000000 0.000003 0.000003 1.000000 0.000003 -0.000004 1.000000 -0.000003 -0.000004 1.000000 -0.000003 -0.000001 1.000000 -0.000000 -0.000000 1.000000 -0.000000 -0.000000 1.000000 -0.000000 -0.000001 1.000000 -0.000000 -0.000000 1.000000 -0.000000 -0.000000 1.000000 -0.000000 -0.000000 1.000000 -0.000000 -0.000000 1.000000 -0.000000 -0.000000 1.000000 -0.000000 -0.000000 1.000000 -0.000000 -0.000000 1.000000 0.000000 -0.000000 1.000000 0.000000 -0.000000 1.000000 0.000000 -0.000000 1.000000 0.000000 -0.000000 1.000000 0.000000 -0.000000 1.000000 0.000001 0.000007 1.000000 0.000006 0.000007 1.000000 0.000006 
						-0.000004 1.000000 -0.000003 -0.000004 1.000000 -0.000003 -0.000000 1.000000 0.000000 -0.000001 1.000000 0.000001 -0.000001 1.000000 0.000001 -0.000000 1.000000 0.000000 -0.000002 1.000000 0.000002 -0.000002 1.000000 0.000002 -0.000002 1.000000 0.000003 -0.000002 1.000000 0.000003 -0.000000 1.000000 0.000000 -0.000000 1.000000 -0.000000 -0.000000 1.000000 0.000000 -0.000000 1.000000 0.000000 0.000000 1.000000 0.000000 0.000000 1.000000 0.000000 0.177216 0.023320 0.983896 0.177120 0.040277 0.983365 0.177124 0.039774 0.983385 0.177216 0.023214 0.983898 -0.697055 -0.114534 -0.707811 -0.687700 -0.198568 -0.698312 -0.663142 -0.326818 -0.673374 -0.680235 -0.245295 -0.690731 -0.177006 0.053940 -0.982731 -0.176728 0.077704 -0.981188 -0.176827 0.070168 -0.981738 -0.177024 0.051985 -0.982833 -0.356200 0.000000 -0.934410 -0.346910 0.000000 -0.937899 -0.336599 0.000000 -0.941648 -0.339508 0.000000 -0.940603 -0.368232 0.000000 -0.929734 -0.341282 0.000000 -0.939961 0.763292 0.031844 -0.645269 0.762613 0.052826 -0.644695 0.762695 0.050736 -0.644765 0.763315 0.030840 -0.645289 0.940624 0.026023 0.338452 0.940025 0.044139 0.338237 0.940075 0.042932 0.338255 0.940636 0.025503 0.338457 -0.291042 -0.000001 -0.956710 -0.291044 -0.000001 -0.956710 -0.282079 -0.000002 -0.959391 -0.282694 -0.000001 -0.959210 -0.216686 -0.000000 -0.976241 -0.277457 -0.000001 -0.960738 0.939237 -0.060181 0.337953 0.940662 -0.024402 0.338466 0.940689 -0.023221 0.338475 0.939359 -0.057989 0.337997 0.761474 -0.075932 -0.643733 0.763343 -0.029662 -0.645312 0.763383 -0.027853 -0.645346 0.761674 -0.072405 -0.643902 -0.175725 -0.131450 -0.975624 -0.177036 -0.050703 -0.982898 -0.177098 -0.043262 -0.983242 -0.175976 -0.120283 -0.977018 -0.940931 0.004808 -0.338563 -0.940856 -0.013572 -0.338536 -0.940792 -0.017865 -0.338513 -0.940942 0.000514 -0.338567 
						0.177041 -0.050199 0.982923 0.177224 -0.021151 0.983943 0.177227 -0.020425 0.983958 0.177051 -0.049040 0.982979 -0.677843 0.261391 0.687171 -0.677843 0.261391 0.687171 -0.677843 0.261391 0.687171 -0.677843 0.261391 0.687171 -0.671847 -0.291097 0.681090 -0.671849 -0.291087 0.681093 -0.671849 -0.291086 0.681093 -0.671847 -0.291097 0.681091 -0.404404 -0.000003 -0.914580 -0.394132 -0.000003 -0.919054 -0.930247 -0.000012 -0.366934 -0.921433 -0.000012 -0.388538 -0.877703 -0.000011 -0.479205 -0.881228 -0.000011 -0.472691 -0.473674 0.000000 -0.880700 -0.465655 0.000000 -0.884966 -0.923734 -0.000017 -0.383035 -0.922451 -0.000017 -0.386113 -0.887478 -0.000017 -0.460851 -0.890394 -0.000017 -0.455191 -0.694890 0.138693 -0.705615 -0.690167 0.180335 -0.700820 -0.680345 0.244671 -0.690845 -0.686979 0.203563 -0.697583 -0.197267 0.021614 -0.980112 -0.197188 0.035539 -0.979721 -0.197192 0.035062 -0.979738 -0.197267 0.021489 -0.980114 0.711700 -0.110302 0.693770 0.702480 -0.193892 0.684783 0.678040 -0.321552 0.660958 0.695072 -0.240389 0.677561 0.197010 0.055396 0.978835 0.196796 0.072357 0.977771 0.196910 0.063869 0.978339 0.197038 0.052709 0.978978 0.373263 0.000000 0.927726 0.373257 0.000000 0.927728 0.373256 0.000000 0.927728 0.364040 0.000000 0.931383 0.329956 0.000000 0.943996 0.309719 -0.000000 0.950828 -0.750011 0.029797 0.660754 -0.749521 0.046832 0.660322 -0.749586 0.044936 0.660380 -0.750033 0.028756 0.660774 -0.947381 0.024189 -0.319193 -0.946934 0.039095 -0.319043 -0.946974 0.037999 -0.319056 -0.947393 0.023649 -0.319198 0.314968 -0.000001 0.949102 0.314949 -0.000001 0.949108 0.305792 0.000000 0.952098 0.306479 -0.000000 0.951877 0.241639 -0.000001 0.970366 0.301508 -0.000001 0.953464 -0.946150 -0.056403 -0.318778 -0.947441 -0.021431 -0.319214 -0.947462 -0.020363 -0.319221 -0.946261 -0.054288 -0.318816 
						-0.748407 -0.071812 0.659341 -0.750092 -0.025895 0.660826 -0.750122 -0.024275 0.660853 -0.748587 -0.068395 0.659500 0.195721 -0.126771 0.972431 0.197109 -0.045492 0.979326 0.197167 -0.038388 0.979618 0.195987 -0.115758 0.973750 0.947600 0.011159 0.319265 0.947634 -0.007184 0.319277 0.947596 -0.011469 0.319264 0.947636 0.006874 0.319277 -0.197098 -0.046678 -0.979272 -0.197279 -0.018609 -0.980171 -0.197281 -0.017933 -0.980183 -0.197108 -0.045556 -0.979323 0.658162 0.289373 -0.695044 0.658162 0.289373 -0.695044 0.658162 0.289373 -0.695044 0.658162 0.289373 -0.695044 0.658786 -0.286354 -0.695703 0.658784 -0.286364 -0.695701 0.658783 -0.286365 -0.695701 0.658786 -0.286355 -0.695703 0.427414 0.000002 0.904056 0.417221 0.000002 0.908805 0.935285 -0.000001 0.353896 0.926859 -0.000001 0.375409 0.884882 -0.000001 0.465815 0.888275 -0.000001 0.459312 0.442720 -0.000000 0.896660 0.432612 -0.000000 0.901580 0.936058 0.000004 0.351847 0.935044 0.000004 0.354533 0.907524 0.000004 0.420001 0.909812 0.000004 0.415020 0.708942 0.140741 0.691081 0.702603 0.193025 0.684902 0.688762 0.273523 0.671410 0.698176 0.222151 0.680587 -0.197266 0.021618 -0.980112 -0.197188 0.035535 -0.979721 -0.197191 0.035056 -0.979738 -0.197267 0.021493 -0.980114 0.711698 -0.110304 0.693771 0.702479 -0.193890 0.684784 0.678041 -0.321543 0.660962 0.695071 -0.240384 0.677563 0.197010 0.055395 0.978835 0.196795 0.072358 0.977771 0.196910 0.063870 0.978339 0.197038 0.052708 0.978978 0.373263 0.000002 0.927726 0.373256 0.000002 0.927728 0.373262 0.000002 0.927726 0.364059 0.000002 0.931376 0.329991 0.000002 0.943984 0.309748 0.000002 0.950819 -0.750010 0.029796 0.660755 -0.749520 0.046838 0.660323 -0.749585 0.044942 0.660380 -0.750033 0.028756 0.660775 -0.947381 0.024191 -0.319194 -0.946934 0.039099 -0.319042 
						-0.946974 0.038002 -0.319056 -0.947393 0.023651 -0.319198 0.314955 0.000000 0.949107 0.314953 0.000000 0.949107 0.305793 -0.000001 0.952098 0.306475 -0.000000 0.951879 0.241612 0.000000 0.970373 0.301501 0.000000 0.953466 -0.946149 -0.056405 -0.318779 -0.947440 -0.021432 -0.319214 -0.947461 -0.020365 -0.319221 -0.946260 -0.054290 -0.318817 -0.748407 -0.071800 0.659342 -0.750092 -0.025897 0.660827 -0.750122 -0.024278 0.660854 -0.748587 -0.068386 0.659501 0.195720 -0.126776 0.972431 0.197108 -0.045485 0.979326 0.197167 -0.038381 0.979618 0.195986 -0.115761 0.973750 0.947599 0.011165 0.319266 0.947634 -0.007178 0.319277 0.947596 -0.011463 0.319265 0.947636 0.006880 0.319278 -0.197097 -0.046679 -0.979272 -0.197278 -0.018609 -0.980171 -0.197281 -0.017933 -0.980183 -0.197108 -0.045556 -0.979323 0.658162 0.289370 -0.695045 0.658164 0.289361 -0.695047 0.658164 0.289361 -0.695047 0.658162 0.289369 -0.695046 0.658784 -0.286362 -0.695702 0.658786 -0.286352 -0.695704 0.658786 -0.286351 -0.695704 0.658784 -0.286361 -0.695702 0.427416 -0.000001 0.904055 0.417221 -0.000001 0.908805 0.935289 0.000009 0.353884 0.926864 0.000009 0.375396 0.884893 0.000008 0.465795 0.888285 0.000008 0.459293 0.442748 0.000003 0.896646 0.432642 0.000003 0.901566 0.936056 -0.000006 0.351852 0.935041 -0.000006 0.354539 0.907512 -0.000006 0.420027 0.909801 -0.000006 0.415045 0.708942 0.140741 0.691081 0.702603 0.193025 0.684902 0.688762 0.273525 0.671410 0.698176 0.222152 0.680587 -0.197266 0.021617 -0.980112 -0.197188 0.035538 -0.979721 -0.197191 0.035059 -0.979738 -0.197267 0.021492 -0.980114 0.711700 -0.110304 0.693770 0.702481 -0.193891 0.684783 0.678042 -0.321545 0.660960 0.695073 -0.240385 0.677561 0.197010 0.055395 0.978835 0.196795 0.072356 0.977771 0.196910 0.063869 0.978339 0.197038 0.052708 0.978978 
						0.373244 -0.000001 0.927733 0.373265 -0.000001 0.927725 0.373260 -0.000001 0.927727 0.364037 -0.000001 0.931385 0.329973 0.000000 0.943990 0.309732 0.000003 0.950824 -0.750010 0.029794 0.660755 -0.749520 0.046839 0.660323 -0.749585 0.044945 0.660380 -0.750033 0.028754 0.660775 -0.947381 0.024192 -0.319194 -0.946933 0.039100 -0.319043 -0.946973 0.038003 -0.319056 -0.947393 0.023652 -0.319198 0.314970 -0.000001 0.949102 0.314956 -0.000001 0.949106 0.305790 0.000001 0.952099 0.306478 -0.000000 0.951878 0.241634 -0.000001 0.970367 0.301509 -0.000001 0.953463 -0.946150 -0.056402 -0.318779 -0.947440 -0.021436 -0.319214 -0.947461 -0.020368 -0.319221 -0.946261 -0.054288 -0.318816 -0.748406 -0.071808 0.659342 -0.750092 -0.025895 0.660827 -0.750122 -0.024276 0.660854 -0.748586 -0.068391 0.659500 0.195720 -0.126774 0.972431 0.197108 -0.045489 0.979326 0.197167 -0.038385 0.979618 0.195986 -0.115760 0.973750 0.947600 0.011161 0.319265 0.947634 -0.007180 0.319277 0.947596 -0.011464 0.319264 0.947636 0.006877 0.319277 -0.197097 -0.046683 -0.979272 -0.197278 -0.018610 -0.980171 -0.197281 -0.017934 -0.980183 -0.197108 -0.045560 -0.979323 0.658162 0.289365 -0.695047 0.658162 0.289365 -0.695047 0.658162 0.289365 -0.695047 0.658162 0.289365 -0.695047 0.658787 -0.286348 -0.695705 0.658784 -0.286359 -0.695702 0.658784 -0.286361 -0.695702 0.658786 -0.286348 -0.695705 0.427394 0.000003 0.904065 0.417201 0.000003 0.908814 0.935288 -0.000006 0.353887 0.926863 -0.000006 0.375398 0.884893 -0.000006 0.465795 0.888285 -0.000006 0.459292 0.442748 0.000008 0.896646 0.432641 0.000008 0.901567 0.936062 -0.000018 0.351834 0.935049 -0.000018 0.354519 0.907533 -0.000017 0.419981 0.909821 -0.000017 0.415001 0.708941 0.140738 0.691083 0.702602 0.193022 0.684904 0.688761 0.273522 0.671412 0.698175 0.222149 0.680589 
						-0.197267 0.021617 -0.980111 -0.197188 0.035538 -0.979721 -0.197192 0.035060 -0.979738 -0.197267 0.021492 -0.980114 0.711700 -0.110301 0.693770 0.702481 -0.193890 0.684783 0.678042 -0.321548 0.660959 0.695072 -0.240386 0.677561 0.197010 0.055394 0.978835 0.196796 0.072357 0.977771 0.196910 0.063869 0.978339 0.197039 0.052707 0.978978 0.373251 -0.000001 0.927731 0.373249 -0.000001 0.927731 0.373254 -0.000001 0.927729 0.364046 -0.000001 0.931381 0.329973 -0.000001 0.943990 0.309733 -0.000001 0.950824 -0.750011 0.029795 0.660754 -0.749521 0.046837 0.660322 -0.749586 0.044942 0.660379 -0.750033 0.028754 0.660774 -0.947381 0.024191 -0.319193 -0.946934 0.039099 -0.319042 -0.946974 0.038002 -0.319056 -0.947393 0.023653 -0.319197 0.314951 -0.000001 0.949108 0.314960 -0.000001 0.949105 0.305795 0.000002 0.952097 0.306479 0.000000 0.951877 0.241628 -0.000001 0.970369 0.301507 -0.000001 0.953464 -0.946149 -0.056402 -0.318779 -0.947440 -0.021435 -0.319214 -0.947461 -0.020368 -0.319221 -0.946261 -0.054288 -0.318816 -0.748407 -0.071805 0.659341 -0.750092 -0.025896 0.660826 -0.750123 -0.024277 0.660853 -0.748587 -0.068389 0.659500 0.195721 -0.126773 0.972431 0.197109 -0.045491 0.979326 0.197167 -0.038386 0.979618 0.195987 -0.115759 0.973750 0.947600 0.011162 0.319265 0.947634 -0.007184 0.319277 0.947596 -0.011470 0.319264 0.947636 0.006876 0.319277 -0.197098 -0.046682 -0.979272 -0.197279 -0.018608 -0.980171 -0.197281 -0.017933 -0.980183 -0.197108 -0.045559 -0.979323 0.658164 0.289362 -0.695047 0.658164 0.289362 -0.695047 0.658164 0.289362 -0.695047 0.658164 0.289362 -0.695047 0.658783 -0.286365 -0.695701 0.658785 -0.286355 -0.695703 0.658785 -0.286355 -0.695703 0.658783 -0.286365 -0.695701 0.427416 0.000005 0.904055 0.417221 0.000005 0.908805 0.935303 -0.000001 0.353848 0.926876 -0.000001 0.375367 
						0.884892 -0.000001 0.465796 0.888286 -0.000001 0.459292 0.442723 -0.000001 0.896659 0.432617 -0.000001 0.901578 0.936065 0.000010 0.351827 0.935052 0.000010 0.354512 0.907534 0.000010 0.419978 0.909823 0.000010 0.414998 0.708942 0.140738 0.691081 0.702604 0.193022 0.684902 0.688763 0.273521 0.671410 0.698177 0.222148 0.680587 0.177216 0.023320 0.983896 0.177120 0.040278 0.983365 0.177124 0.039774 0.983384 0.177216 0.023214 0.983898 -0.697055 -0.114535 -0.707811 -0.687700 -0.198570 -0.698312 -0.663140 -0.326823 -0.673373 -0.680234 -0.245299 -0.690731 -0.177006 0.053939 -0.982731 -0.176728 0.077701 -0.981188 -0.176827 0.070164 -0.981738 -0.177024 0.051984 -0.982833 -0.356204 0.000000 -0.934408 -0.346901 0.000000 -0.937902 -0.336593 0.000000 -0.941650 -0.339508 0.000000 -0.940603 -0.368232 0.000000 -0.929734 -0.341281 0.000000 -0.939961 0.763292 0.031844 -0.645269 0.762613 0.052822 -0.644694 0.762696 0.050732 -0.644764 0.763316 0.030840 -0.645289 0.940624 0.026021 0.338452 0.940025 0.044138 0.338237 0.940075 0.042932 0.338255 0.940636 0.025502 0.338457 -0.291025 -0.000000 -0.956715 -0.291038 -0.000000 -0.956711 -0.282081 -0.000000 -0.959391 -0.282699 -0.000000 -0.959209 -0.216704 -0.000000 -0.976237 -0.277457 -0.000000 -0.960738 0.939237 -0.060185 0.337953 0.940662 -0.024399 0.338466 0.940689 -0.023218 0.338475 0.939359 -0.057992 0.337997 0.761474 -0.075932 -0.643732 0.763343 -0.029663 -0.645312 0.763383 -0.027854 -0.645346 0.761675 -0.072406 -0.643901 -0.175726 -0.131450 -0.975624 -0.177036 -0.050702 -0.982898 -0.177098 -0.043262 -0.983242 -0.175977 -0.120283 -0.977018 -0.940931 0.004806 -0.338563 -0.940856 -0.013572 -0.338536 -0.940792 -0.017864 -0.338513 -0.940942 0.000512 -0.338567 0.177040 -0.050196 0.982923 0.177224 -0.021151 0.983943 0.177227 -0.020425 0.983958 0.177051 -0.049038 0.982979 
						-0.677843 0.261394 0.687170 -0.677843 0.261395 0.687170 -0.677843 0.261395 0.687170 -0.677843 0.261394 0.687170 -0.671846 -0.291098 0.681091 -0.671846 -0.291098 0.681091 -0.671846 -0.291098 0.681091 -0.671846 -0.291098 0.681091 -0.404403 -0.000001 -0.914581 -0.394131 -0.000001 -0.919054 -0.930238 0.000000 -0.366957 -0.921425 0.000000 -0.388556 -0.877704 0.000000 -0.479203 -0.881229 0.000000 -0.472690 -0.473699 0.000001 -0.880687 -0.465679 0.000001 -0.884954 -0.923734 -0.000000 -0.383035 -0.922451 -0.000000 -0.386113 -0.887479 -0.000000 -0.460848 -0.890395 -0.000000 -0.455189 -0.694890 0.138694 -0.705614 -0.690168 0.180337 -0.700819 -0.680345 0.244675 -0.690844 -0.686980 0.203565 -0.697581 0.177216 0.023320 0.983896 0.177120 0.040278 0.983365 0.177124 0.039774 0.983384 0.177216 0.023214 0.983898 -0.697055 -0.114538 -0.707811 -0.687700 -0.198571 -0.698311 -0.663141 -0.326821 -0.673374 -0.680235 -0.245298 -0.690731 -0.177006 0.053940 -0.982731 -0.176728 0.077702 -0.981188 -0.176827 0.070165 -0.981738 -0.177024 0.051985 -0.982833 -0.356202 -0.000001 -0.934409 -0.346903 -0.000001 -0.937901 -0.336594 -0.000001 -0.941650 -0.339509 -0.000001 -0.940603 -0.368236 -0.000000 -0.929732 -0.341278 0.000000 -0.939962 0.763292 0.031843 -0.645268 0.762613 0.052824 -0.644694 0.762696 0.050735 -0.644764 0.763316 0.030838 -0.645288 0.940624 0.026022 0.338452 0.940025 0.044138 0.338237 0.940075 0.042931 0.338255 0.940636 0.025503 0.338456 -0.291037 0.000001 -0.956712 -0.291051 0.000001 -0.956708 -0.282067 0.000004 -0.959395 -0.282684 0.000002 -0.959213 -0.216691 0.000001 -0.976240 -0.277456 0.000001 -0.960738 0.939236 -0.060185 0.337954 0.940662 -0.024401 0.338466 0.940689 -0.023219 0.338475 0.939359 -0.057991 0.337998 0.761473 -0.075935 -0.643733 0.763343 -0.029663 -0.645312 0.763382 -0.027854 -0.645346 0.761673 -0.072408 -0.643903 
						-0.175726 -0.131453 -0.975623 -0.177036 -0.050702 -0.982898 -0.177098 -0.043262 -0.983242 -0.175977 -0.120285 -0.977018 -0.940932 0.004805 -0.338562 -0.940856 -0.013569 -0.338535 -0.940793 -0.017861 -0.338512 -0.940943 0.000513 -0.338566 0.177041 -0.050196 0.982923 0.177224 -0.021150 0.983943 0.177227 -0.020425 0.983958 0.177051 -0.049038 0.982979 -0.677844 0.261383 0.687172 -0.677844 0.261387 0.687172 -0.677844 0.261387 0.687172 -0.677844 0.261383 0.687172 -0.671844 -0.291107 0.681089 -0.671846 -0.291097 0.681091 -0.671846 -0.291097 0.681092 -0.671844 -0.291106 0.681090 -0.404380 0.000008 -0.914591 -0.394109 0.000007 -0.919064 -0.930230 0.000012 -0.366977 -0.921416 0.000012 -0.388577 -0.877691 0.000011 -0.479227 -0.881216 0.000011 -0.472714 -0.473700 0.000001 -0.880686 -0.465679 0.000001 -0.884954 -0.923736 0.000009 -0.383030 -0.922454 0.000009 -0.386107 -0.887491 0.000008 -0.460825 -0.890406 0.000008 -0.455167 -0.694891 0.138693 -0.705613 -0.690169 0.180334 -0.700818 -0.680346 0.244669 -0.690844 -0.686981 0.203561 -0.697581 0.177216 0.023321 0.983896 0.177120 0.040278 0.983365 0.177124 0.039774 0.983385 0.177216 0.023214 0.983898 -0.697055 -0.114531 -0.707812 -0.687699 -0.198569 -0.698312 -0.663139 -0.326827 -0.673373 -0.680234 -0.245300 -0.690731 -0.177006 0.053941 -0.982731 -0.176728 0.077701 -0.981188 -0.176827 0.070164 -0.981738 -0.177024 0.051986 -0.982833 -0.356204 0.000000 -0.934408 -0.346895 0.000000 -0.937904 -0.336594 0.000000 -0.941650 -0.339517 0.000000 -0.940600 -0.368232 0.000000 -0.929734 -0.341281 0.000000 -0.939961 0.763292 0.031843 -0.645268 0.762613 0.052825 -0.644695 0.762696 0.050736 -0.644765 0.763316 0.030839 -0.645289 0.940624 0.026024 0.338452 0.940025 0.044138 0.338237 0.940075 0.042931 0.338254 0.940636 0.025504 0.338456 -0.291024 0.000001 -0.956716 -0.291032 0.000001 -0.956713 
						-0.282079 0.000001 -0.959391 -0.282697 0.000001 -0.959209 -0.216711 0.000000 -0.976236 -0.277455 0.000001 -0.960739 0.939237 -0.060186 0.337953 0.940662 -0.024402 0.338466 0.940689 -0.023220 0.338475 0.939359 -0.057993 0.337997 0.761474 -0.075935 -0.643732 0.763343 -0.029662 -0.645312 0.763383 -0.027853 -0.645345 0.761675 -0.072408 -0.643901 -0.175726 -0.131444 -0.975624 -0.177036 -0.050703 -0.982897 -0.177098 -0.043264 -0.983242 -0.175977 -0.120278 -0.977018 -0.940931 0.004808 -0.338563 -0.940856 -0.013572 -0.338536 -0.940792 -0.017865 -0.338513 -0.940942 0.000514 -0.338567 0.177040 -0.050199 0.982923 0.177224 -0.021149 0.983943 0.177227 -0.020423 0.983958 0.177051 -0.049040 0.982979 -0.677842 0.261395 0.687170 -0.677842 0.261399 0.687169 -0.677842 0.261399 0.687169 -0.677842 0.261396 0.687170 -0.671845 -0.291101 0.681091 -0.671845 -0.291101 0.681091 -0.671845 -0.291101 0.681091 -0.671845 -0.291101 0.681091 -0.404424 0.000002 -0.914572 -0.394151 0.000002 -0.919046 -0.930246 -0.000001 -0.366935 -0.921431 -0.000001 -0.388543 -0.877692 -0.000001 -0.479225 -0.881218 -0.000001 -0.472709 -0.473674 0.000001 -0.880700 -0.465655 0.000001 -0.884966 -0.923733 0.000006 -0.383036 -0.922451 0.000006 -0.386114 -0.887478 0.000006 -0.460851 -0.890394 0.000006 -0.455191 -0.694890 0.138694 -0.705614 -0.690168 0.180336 -0.700819 -0.680345 0.244673 -0.690844 -0.686980 0.203564 -0.697582 -0.197266 0.021618 -0.980112 -0.197188 0.035539 -0.979721 -0.197191 0.035060 -0.979738 -0.197267 0.021493 -0.980114 0.711700 -0.110302 0.693770 0.702481 -0.193889 0.684783 0.678042 -0.321546 0.660959 0.695073 -0.240385 0.677561 0.197004 0.055395 0.978836 0.196790 0.072355 0.977772 0.196905 0.063866 0.978340 0.197033 0.052708 0.978979 0.373246 -0.000001 0.927732 0.373256 -0.000001 0.927728 0.373255 -0.000001 0.927729 0.364040 -0.000001 0.931383 
						0.329976 -0.000000 0.943989 0.309729 0.000001 0.950825 -0.750006 0.029794 0.660759 -0.749515 0.046836 0.660329 -0.749580 0.044941 0.660386 -0.750029 0.028754 0.660779 -0.947381 0.024191 -0.319193 -0.946933 0.039102 -0.319042 -0.946973 0.038006 -0.319056 -0.947393 0.023652 -0.319198 0.314939 0.000000 0.949112 0.314957 0.000000 0.949106 0.305780 0.000000 0.952102 0.306465 0.000000 0.951882 0.241623 0.000000 0.970370 0.301499 0.000000 0.953466 -0.946150 -0.056402 -0.318778 -0.947440 -0.021434 -0.319213 -0.947462 -0.020367 -0.319221 -0.946261 -0.054289 -0.318816 -0.748401 -0.071804 0.659348 -0.750087 -0.025895 0.660831 -0.750118 -0.024276 0.660858 -0.748581 -0.068389 0.659507 0.195715 -0.126771 0.972432 0.197103 -0.045490 0.979327 0.197162 -0.038386 0.979619 0.195981 -0.115757 0.973751 0.947598 0.011162 0.319271 0.947632 -0.007184 0.319283 0.947594 -0.011469 0.319270 0.947634 0.006876 0.319283 -0.197097 -0.046682 -0.979272 -0.197278 -0.018610 -0.980171 -0.197281 -0.017934 -0.980183 -0.197108 -0.045560 -0.979323 0.658163 0.289360 -0.695048 0.658163 0.289365 -0.695047 0.658162 0.289365 -0.695047 0.658163 0.289361 -0.695048 0.658788 -0.286341 -0.695706 0.658786 -0.286351 -0.695704 0.658786 -0.286352 -0.695704 0.658788 -0.286342 -0.695706 0.427419 0.000000 0.904053 0.417224 0.000000 0.908804 0.935298 0.000001 0.353860 0.926876 0.000001 0.375368 0.884915 0.000001 0.465753 0.888306 0.000001 0.459252 0.442752 0.000003 0.896644 0.432644 0.000003 0.901565 0.936064 -0.000006 0.351830 0.935051 -0.000006 0.354514 0.907545 -0.000006 0.419955 0.909832 -0.000006 0.414977 0.708942 0.140742 0.691081 0.702603 0.193025 0.684902 0.688762 0.273524 0.671410 0.698176 0.222152 0.680587 -0.197266 0.021617 -0.980112 -0.197187 0.035538 -0.979721 -0.197191 0.035060 -0.979738 -0.197266 0.021492 -0.980114 
						0.711701 -0.110300 0.693769 0.702481 -0.193891 0.684782 0.678042 -0.321550 0.660958 0.695073 -0.240387 0.677560 0.197004 0.055394 0.978837 0.196790 0.072354 0.977772 0.196904 0.063866 0.978340 0.197033 0.052707 0.978979 0.373245 0.000002 0.927733 0.373261 0.000002 0.927726 0.373254 0.000002 0.927729 0.364033 0.000002 0.931386 0.329977 0.000002 0.943989 0.309730 0.000003 0.950825 -0.750007 0.029793 0.660758 -0.749517 0.046838 0.660326 -0.749582 0.044944 0.660384 -0.750030 0.028753 0.660778 -0.947381 0.024192 -0.319194 -0.946934 0.039097 -0.319042 -0.946974 0.038000 -0.319056 -0.947393 0.023652 -0.319198 0.314946 0.000001 0.949109 0.314950 0.000001 0.949108 0.305780 -0.000002 0.952102 0.306466 0.000000 0.951882 0.241623 0.000001 0.970370 0.301498 0.000001 0.953467 -0.946149 -0.056402 -0.318779 -0.947440 -0.021434 -0.319214 -0.947461 -0.020366 -0.319221 -0.946260 -0.054287 -0.318817 -0.748404 -0.071804 0.659345 -0.750089 -0.025895 0.660830 -0.750119 -0.024276 0.660857 -0.748584 -0.068388 0.659504 0.195715 -0.126771 0.972432 0.197103 -0.045488 0.979327 0.197162 -0.038384 0.979619 0.195980 -0.115757 0.973752 0.947598 0.011159 0.319270 0.947633 -0.007182 0.319282 0.947595 -0.011466 0.319269 0.947635 0.006875 0.319283 -0.197097 -0.046678 -0.979272 -0.197278 -0.018611 -0.980171 -0.197280 -0.017936 -0.980183 -0.197108 -0.045557 -0.979323 0.658163 0.289361 -0.695048 0.658164 0.289357 -0.695049 0.658164 0.289356 -0.695049 0.658163 0.289361 -0.695048 0.658787 -0.286346 -0.695706 0.658785 -0.286355 -0.695704 0.658784 -0.286355 -0.695704 0.658786 -0.286346 -0.695706 0.427440 -0.000005 0.904044 0.417243 -0.000005 0.908795 0.935293 0.000012 0.353874 0.926868 0.000012 0.375388 0.884892 0.000011 0.465796 0.888285 0.000011 0.459293 0.442752 0.000006 0.896644 0.432644 0.000005 0.901565 
						0.936069 0.000012 0.351816 0.935056 0.000012 0.354501 0.907534 0.000011 0.419978 0.909823 0.000011 0.414998 0.708943 0.140738 0.691081 0.702604 0.193023 0.684901 0.688763 0.273522 0.671409 0.698178 0.222149 0.680586 -0.197266 0.021619 -0.980112 -0.197188 0.035536 -0.979721 -0.197191 0.035057 -0.979738 -0.197267 0.021494 -0.980114 0.711701 -0.110301 0.693769 0.702482 -0.193890 0.684782 0.678042 -0.321548 0.660958 0.695073 -0.240386 0.677560 0.197004 0.055394 0.978837 0.196790 0.072353 0.977772 0.196904 0.063866 0.978340 0.197032 0.052708 0.978979 0.373259 -0.000002 0.927727 0.373268 -0.000002 0.927724 0.373262 -0.000002 0.927726 0.364036 -0.000002 0.931385 0.329955 -0.000001 0.943997 0.309716 0.000002 0.950829 -0.750007 0.029793 0.660758 -0.749517 0.046841 0.660326 -0.749582 0.044947 0.660384 -0.750030 0.028753 0.660778 -0.947381 0.024192 -0.319194 -0.946933 0.039104 -0.319043 -0.946973 0.038006 -0.319056 -0.947393 0.023653 -0.319198 0.314946 0.000001 0.949109 0.314943 0.000001 0.949110 0.305788 0.000001 0.952100 0.306473 0.000001 0.951879 0.241623 0.000001 0.970370 0.301497 0.000001 0.953467 -0.946150 -0.056397 -0.318779 -0.947440 -0.021434 -0.319214 -0.947461 -0.020368 -0.319221 -0.946261 -0.054284 -0.318816 -0.748403 -0.071804 0.659345 -0.750089 -0.025892 0.660830 -0.750119 -0.024274 0.660857 -0.748584 -0.068388 0.659504 0.195715 -0.126771 0.972432 0.197102 -0.045488 0.979327 0.197161 -0.038384 0.979619 0.195980 -0.115757 0.973752 0.947598 0.011161 0.319271 0.947632 -0.007182 0.319283 0.947594 -0.011466 0.319270 0.947634 0.006876 0.319283 -0.197097 -0.046683 -0.979272 -0.197278 -0.018611 -0.980171 -0.197280 -0.017935 -0.980183 -0.197107 -0.045560 -0.979323 0.658162 0.289365 -0.695047 0.658165 0.289353 -0.695049 0.658165 0.289352 -0.695050 0.658163 0.289364 -0.695047 
						0.658784 -0.286353 -0.695705 0.658784 -0.286355 -0.695705 0.658783 -0.286355 -0.695705 0.658784 -0.286353 -0.695705 0.427446 0.000002 0.904041 0.417250 0.000002 0.908792 0.935287 0.000015 0.353890 0.926866 0.000015 0.375393 0.884914 0.000014 0.465756 0.888304 0.000014 0.459256 0.442752 0.000007 0.896644 0.432643 0.000007 0.901565 0.936061 0.000015 0.351839 0.935048 0.000015 0.354522 0.907554 0.000014 0.419935 0.909840 0.000014 0.414959 0.708943 0.140738 0.691081 0.702604 0.193023 0.684901 0.688763 0.273525 0.671409 0.698177 0.222151 0.680586 -0.197266 0.021619 -0.980112 -0.197188 0.035539 -0.979721 -0.197191 0.035060 -0.979738 -0.197267 0.021494 -0.980114 0.711699 -0.110302 0.693770 0.702480 -0.193888 0.684784 0.678042 -0.321542 0.660961 0.695072 -0.240383 0.677562 0.197004 0.055395 0.978836 0.196790 0.072360 0.977772 0.196904 0.063872 0.978340 0.197033 0.052708 0.978979 0.373263 0.000002 0.927726 0.373263 0.000002 0.927725 0.373261 0.000002 0.927726 0.364045 0.000002 0.931381 0.329971 0.000001 0.943991 0.309731 0.000001 0.950824 -0.750006 0.029796 0.660759 -0.749515 0.046837 0.660329 -0.749580 0.044942 0.660386 -0.750029 0.028756 0.660779 -0.947381 0.024191 -0.319193 -0.946934 0.039102 -0.319042 -0.946974 0.038006 -0.319056 -0.947393 0.023651 -0.319197 0.314946 -0.000001 0.949109 0.314942 -0.000001 0.949111 0.305788 -0.000002 0.952100 0.306475 -0.000002 0.951879 0.241623 -0.000001 0.970370 0.301497 -0.000001 0.953467 -0.946149 -0.056406 -0.318779 -0.947440 -0.021434 -0.319214 -0.947462 -0.020366 -0.319221 -0.946260 -0.054291 -0.318816 -0.748402 -0.071804 0.659348 -0.750088 -0.025897 0.660831 -0.750118 -0.024278 0.660858 -0.748582 -0.068389 0.659506 0.195715 -0.126771 0.972432 0.197103 -0.045489 0.979327 0.197162 -0.038384 0.979619 0.195981 -0.115757 0.973751 
						0.947598 0.011159 0.319270 0.947633 -0.007182 0.319282 0.947595 -0.011466 0.319269 0.947635 0.006875 0.319283 -0.197097 -0.046682 -0.979272 -0.197278 -0.018610 -0.980171 -0.197280 -0.017934 -0.980183 -0.197108 -0.045559 -0.979323 0.658164 0.289364 -0.695046 0.658164 0.289364 -0.695046 0.658164 0.289364 -0.695046 0.658164 0.289364 -0.695046 0.658786 -0.286350 -0.695705 0.658787 -0.286342 -0.695707 0.658787 -0.286341 -0.695707 0.658786 -0.286349 -0.695705 0.427397 -0.000005 0.904064 0.417204 -0.000005 0.908813 0.935292 0.000001 0.353876 0.926871 0.000001 0.375380 0.884916 0.000001 0.465750 0.888307 0.000001 0.459250 0.442753 0.000001 0.896644 0.432645 0.000001 0.901564 0.936069 0.000012 0.351816 0.935055 0.000012 0.354502 0.907534 0.000011 0.419978 0.909823 0.000011 0.414997 0.708942 0.140741 0.691081 0.702603 0.193024 0.684902 0.688763 0.273523 0.671410 0.698177 0.222151 0.680587 -0.000000 1.000000 0.000000 -0.000000 1.000000 0.000000 -0.000000 1.000000 0.000000 -0.000000 1.000000 0.000000 -0.000000 1.000000 0.000000 -0.000000 1.000000 0.000000 0.000000 1.000000 0.000001 -0.000000 1.000000 0.000001 -0.000000 1.000000 0.000000 -0.000000 1.000000 0.000000 -0.000001 1.000000 0.000000 -0.000000 1.000000 0.000000 -0.000000 1.000000 0.000000 -0.000000 1.000000 0.000000 -0.000000 1.000000 0.000001 -0.000000 1.000000 0.000000 -0.000000 1.000000 0.000000 -0.000000 1.000000 0.000000 -0.000000 1.000000 0.000000 -0.000000 1.000000 0.000000 -0.000000 1.000000 0.000000 0.000000 1.000000 -0.000000 -0.000000 1.000000 0.000000 0.000000 1.000000 -0.000000 -0.000000 1.000000 0.000000 -0.000000 1.000000 0.000000 -0.000000 1.000000 0.000000 -0.000000 1.000000 0.000000 -0.000000 1.000000 0.000000 -0.000001 1.000000 0.000001 -0.000000 1.000000 0.000000 -0.000001 1.000000 0.000001 
						-0.000000 1.000000 0.000000 -0.000000 1.000000 0.000000 -0.000000 1.000000 0.000000 -0.000000 1.000000 0.000000 -0.000000 1.000000 0.000001 -0.000000 1.000000 0.000001 -0.000001 1.000000 0.000000 -0.000000 1.000000 0.000000 -0.000000 1.000000 0.000000 -0.000000 1.000000 0.000000 -0.000000 1.000000 0.000000 -0.000000 1.000000 0.000000 -0.000000 1.000000 0.000000 -0.000000 1.000000 0.000000 -0.000000 1.000000 0.000000 -0.000001 1.000000 0.000000 -0.000000 1.000000 0.000000 -0.000002 1.000000 0.000001 0.000000 1.000000 0.000001 0.000000 1.000000 0.000001 -0.000000 1.000000 0.000001 -0.000000 1.000000 0.000000 -0.000000 1.000000 0.000000 -0.000000 1.000000 -0.000000 
					</float_array>
					<technique_common>
						<accessor count="3544" offset="0" source="#meshId0-bitangents-array" stride="3">
							<param name="X" type="float" />
							<param name="Y" type="float" />
							<param name="Z" type="float" />
						</accessor>
					</technique_common>
				</source>
				<source id="meshId0-tex0" name="meshId0-tex0">
					<float_array id="meshId0-tex0-array" count="7088"> 
						0.733612 0.400053 0.733612 0.386684 0.741185 0.386684 0.741185 0.400053 0.741185 0.400053 0.741185 0.386684 0.745678 0.386684 0.745678 0.400053 0.745678 0.400053 0.745678 0.386684 0.753251 0.386684 0.753251 0.400053 0.729119 0.400053 0.729119 0.386684 0.733612 0.386684 0.733612 0.400053 0.729119 0.480269 0.729119 0.466900 0.733612 0.466900 0.733612 0.480269 0.729119 0.453530 0.733612 0.453530 0.729119 0.440161 0.733612 0.440161 0.729119 0.426792 0.733612 0.426792 0.729119 0.413422 0.733612 0.413422 0.745677 0.480269 0.745677 0.466900 0.753251 0.466900 0.753251 0.480269 0.745677 0.453530 0.753251 0.453530 0.745677 0.440161 0.753251 0.440161 0.745677 0.426792 0.753251 0.426792 0.745678 0.413422 0.753251 0.413422 0.741185 0.480269 0.741185 0.466900 0.745677 0.466900 0.745677 0.480269 0.741185 0.453530 0.745677 0.453530 0.741185 0.440161 0.745677 0.440161 0.741185 0.426792 0.745677 0.426792 0.741185 0.413422 0.745678 0.413422 0.733612 0.480269 0.733612 0.466900 0.741185 0.466900 0.741185 0.480269 0.733612 0.453530 0.741185 0.453530 0.733612 0.440161 0.741185 0.440161 0.733612 0.426792 0.741185 0.426792 0.733612 0.413422 0.741185 0.413422 
						0.974545 0.365191 0.974545 0.378560 0.970053 0.378560 0.970053 0.365191 0.970053 0.365191 0.970053 0.378560 0.965561 0.378560 0.965561 0.365191 0.965561 0.365191 0.965561 0.378560 0.961069 0.378560 0.961069 0.365191 0.979037 0.365191 0.979037 0.378560 0.974545 0.378560 0.974545 0.365191 0.979037 0.284975 0.979037 0.298344 0.974545 0.298344 0.974545 0.284975 0.979037 0.311714 0.974545 0.311714 0.979037 0.325083 0.974545 0.325083 0.979037 0.338452 0.974545 0.338452 0.979037 0.351822 0.974545 0.351822 0.965561 0.284975 0.965561 0.298344 0.961069 0.298344 0.961069 0.284975 0.965561 0.311714 0.961069 0.311714 0.965561 0.325083 0.961069 0.325083 0.965561 0.338452 0.961069 0.338452 0.965561 0.351822 0.961069 0.351822 0.970053 0.284975 0.970053 0.298344 0.965561 0.298344 0.965561 0.284975 0.970053 0.311714 0.965561 0.311714 0.970053 0.325083 0.965561 0.325083 0.970053 0.338452 0.965561 0.338452 0.970053 0.351822 0.965561 0.351822 0.974545 0.284975 0.974545 0.298344 0.970053 0.298344 0.970053 0.284975 0.974545 0.311714 0.970053 0.311714 0.974545 0.325083 0.970053 0.325083 0.974545 0.338452 0.970053 0.338452 0.974545 0.351822 0.970053 0.351822 
						0.844571 0.364670 0.844571 0.378039 0.840079 0.378039 0.840079 0.364670 0.840079 0.364670 0.840079 0.378039 0.835586 0.378039 0.835586 0.364670 0.835586 0.364670 0.835586 0.378039 0.831094 0.378039 0.831094 0.364670 0.849063 0.364670 0.849063 0.378039 0.844571 0.378039 0.844571 0.364670 0.849063 0.284454 0.849063 0.297823 0.844571 0.297823 0.844571 0.284454 0.849063 0.311193 0.844571 0.311193 0.849063 0.324562 0.844571 0.324562 0.849063 0.337931 0.844571 0.337931 0.849063 0.351301 0.844571 0.351301 0.835586 0.284454 0.835586 0.297823 0.831094 0.297823 0.831094 0.284454 0.835586 0.311193 0.831094 0.311193 0.835586 0.324562 0.831094 0.324562 0.835586 0.337931 0.831094 0.337931 0.835586 0.351301 0.831094 0.351301 0.840079 0.284454 0.840079 0.297823 0.835586 0.297823 0.835586 0.284454 0.840079 0.311193 0.835586 0.311193 0.840079 0.324562 0.835586 0.324562 0.840079 0.337931 0.835586 0.337931 0.840079 0.351301 0.835586 0.351301 0.844571 0.284454 0.844571 0.297823 0.840079 0.297823 0.840079 0.284454 0.844571 0.311193 0.840079 0.311193 0.844571 0.324562 0.840079 0.324562 0.844571 0.337931 0.840079 0.337931 0.844571 0.351301 0.840079 0.351301 
						0.757400 0.297823 0.757400 0.284454 0.761892 0.284454 0.761892 0.297823 0.761892 0.297823 0.761892 0.284454 0.766384 0.284454 0.766384 0.297823 0.766384 0.297823 0.766384 0.284454 0.770876 0.284454 0.770876 0.297823 0.752908 0.297823 0.752908 0.284454 0.757400 0.284454 0.757400 0.297823 0.752908 0.378039 0.752908 0.364670 0.757400 0.364670 0.757400 0.378039 0.752908 0.351301 0.757400 0.351301 0.752908 0.337931 0.757400 0.337931 0.752908 0.324562 0.757400 0.324562 0.752908 0.311193 0.757400 0.311193 0.766384 0.378039 0.766384 0.364670 0.770876 0.364670 0.770876 0.378039 0.766384 0.351301 0.770876 0.351301 0.766384 0.337931 0.770876 0.337931 0.766384 0.324562 0.770876 0.324562 0.766384 0.311193 0.770876 0.311193 0.761892 0.378039 0.761892 0.364670 0.766384 0.364670 0.766384 0.378039 0.761892 0.351301 0.766384 0.351301 0.761892 0.337931 0.766384 0.337931 0.761892 0.324562 0.766384 0.324562 0.761892 0.311193 0.766384 0.311193 0.757400 0.378039 0.757400 0.364670 0.761892 0.364670 0.761892 0.378039 0.757400 0.351301 0.761892 0.351301 0.757400 0.337931 0.761892 0.337931 0.757400 0.324562 0.761892 0.324562 0.757400 0.311193 0.761892 0.311193 
						0.913377 0.298344 0.913377 0.284975 0.917870 0.284975 0.917870 0.298344 0.917870 0.298344 0.917870 0.284975 0.922362 0.284975 0.922362 0.298344 0.922362 0.298344 0.922362 0.284975 0.926854 0.284975 0.926854 0.298344 0.908885 0.298344 0.908885 0.284975 0.913377 0.284975 0.913377 0.298344 0.908885 0.378560 0.908885 0.365191 0.913377 0.365191 0.913377 0.378560 0.908885 0.351822 0.913377 0.351822 0.908885 0.338452 0.913377 0.338452 0.908885 0.325083 0.913377 0.325083 0.908885 0.311714 0.913377 0.311714 0.922362 0.378560 0.922362 0.365191 0.926854 0.365191 0.926854 0.378560 0.922362 0.351822 0.926854 0.351822 0.922362 0.338452 0.926854 0.338452 0.922362 0.325083 0.926854 0.325083 0.922362 0.311714 0.926854 0.311714 0.917870 0.378560 0.917870 0.365191 0.922362 0.365191 0.922362 0.378560 0.917870 0.351822 0.922362 0.351822 0.917870 0.338452 0.922362 0.338452 0.917870 0.325083 0.922362 0.325083 0.917870 0.311714 0.922362 0.311714 0.913377 0.378560 0.913377 0.365191 0.917870 0.365191 0.917870 0.378560 0.913377 0.351822 0.917870 0.351822 0.913377 0.338452 0.917870 0.338452 0.913377 0.325083 0.917870 0.325083 0.913377 0.311714 0.917870 0.311714 
						0.845524 0.466900 0.845524 0.480269 0.837951 0.480269 0.837951 0.466900 0.837951 0.466900 0.837951 0.480269 0.833458 0.480269 0.833458 0.466900 0.833458 0.466900 0.833458 0.480269 0.825885 0.480269 0.825885 0.466900 0.850016 0.466900 0.850016 0.480269 0.845524 0.480269 0.845524 0.466900 0.850017 0.386684 0.850017 0.400053 0.845524 0.400053 0.845524 0.386684 0.850017 0.413422 0.845524 0.413422 0.850017 0.426792 0.845524 0.426792 0.850016 0.440161 0.845524 0.440161 0.850016 0.453530 0.845524 0.453530 0.833458 0.386684 0.833458 0.400053 0.825885 0.400053 0.825885 0.386684 0.833458 0.413422 0.825885 0.413422 0.833458 0.426792 0.825885 0.426792 0.833458 0.440161 0.825885 0.440161 0.833458 0.453530 0.825885 0.453530 0.837951 0.386684 0.837951 0.400053 0.833458 0.400053 0.833458 0.386684 0.837951 0.413422 0.833458 0.413422 0.837951 0.426792 0.833458 0.426792 0.837951 0.440161 0.833458 0.440161 0.837951 0.453530 0.833458 0.453530 0.845524 0.386684 0.845524 0.400053 0.837951 0.400053 0.837951 0.386684 0.845524 0.413422 0.837951 0.413422 0.845524 0.426792 0.837951 0.426792 0.845524 0.440161 0.837951 0.440161 0.845524 0.453530 0.837951 0.453530 
						0.867052 0.524342 0.867052 0.488541 0.877077 0.488541 0.877077 0.524342 0.877077 0.524342 0.877077 0.488541 0.884094 0.488541 0.884094 0.524342 0.884094 0.524342 0.884094 0.488541 0.894118 0.488541 0.894118 0.524342 0.860035 0.524342 0.860035 0.488541 0.867052 0.488541 0.867052 0.524342 0.731840 0.835381 0.742832 0.835381 0.742832 0.851084 0.731840 0.851084 0.731086 0.942997 0.742078 0.942997 0.742078 0.958700 0.731086 0.958700 0.860035 0.739151 0.860035 0.703350 0.867052 0.703350 0.867052 0.739151 0.860035 0.667548 0.867052 0.667548 0.860035 0.631747 0.867052 0.631747 0.860035 0.595945 0.867052 0.595945 0.860035 0.560144 0.867052 0.560144 0.884094 0.739151 0.884094 0.703350 0.894118 0.703350 0.894118 0.739151 0.884094 0.667548 0.894118 0.667548 0.884094 0.631747 0.894118 0.631747 0.884094 0.595945 0.894118 0.595945 0.884094 0.560144 0.894118 0.560144 0.877077 0.739151 0.877077 0.703350 0.884094 0.703350 0.884094 0.739151 0.877077 0.667548 0.884094 0.667548 0.877077 0.631747 0.884094 0.631747 0.877077 0.595945 0.884094 0.595945 0.877077 0.560144 0.884094 0.560144 0.867052 0.739151 0.867052 0.703350 0.877077 0.703350 0.877077 0.739151 
						0.867052 0.667548 0.877077 0.667548 0.867052 0.631747 0.877077 0.631747 0.867052 0.595945 0.877077 0.595945 0.867052 0.560144 0.877077 0.560144 0.734945 0.524342 0.734945 0.488541 0.744969 0.488541 0.744969 0.524342 0.744969 0.524342 0.744969 0.488541 0.751987 0.488541 0.751987 0.524342 0.751987 0.524342 0.751987 0.488541 0.762011 0.488541 0.762011 0.524342 0.762011 0.524342 0.762011 0.488541 0.769028 0.488541 0.769028 0.524342 0.731086 0.915367 0.742078 0.915367 0.742078 0.931070 0.731086 0.931070 0.751867 0.946522 0.762859 0.946522 0.762859 0.962226 0.751867 0.962226 0.762011 0.739151 0.762011 0.703350 0.769028 0.703350 0.769028 0.739151 0.762011 0.667548 0.769028 0.667548 0.762011 0.631747 0.769028 0.631747 0.762011 0.595945 0.769028 0.595945 0.762011 0.560144 0.769028 0.560144 0.751987 0.739151 0.751987 0.703350 0.762011 0.703350 0.762011 0.739151 0.751987 0.667548 0.762011 0.667548 0.751987 0.631747 0.762011 0.631747 0.751987 0.595945 0.762011 0.595945 0.751987 0.560144 0.762011 0.560144 0.744969 0.739151 0.744969 0.703350 0.751987 0.703350 0.751987 0.739151 0.744969 0.667548 0.751987 0.667548 0.744969 0.631747 0.751987 0.631747 
						0.744969 0.595945 0.751987 0.595945 0.744969 0.560144 0.751987 0.560144 0.734945 0.739151 0.734945 0.703350 0.744969 0.703350 0.744969 0.739151 0.734945 0.667548 0.744969 0.667548 0.734945 0.631747 0.744969 0.631747 0.734945 0.595945 0.744969 0.595945 0.734945 0.560144 0.744969 0.560144 0.770223 0.793302 0.770223 0.752904 0.775837 0.752904 0.775837 0.793302 0.775837 0.793302 0.775837 0.752904 0.779766 0.752904 0.779766 0.793302 0.779766 0.793302 0.779766 0.752904 0.785380 0.752904 0.785380 0.793302 0.785380 0.793302 0.785380 0.752904 0.789310 0.752904 0.789310 0.793302 0.839800 0.954536 0.839800 0.994934 0.834186 0.994934 0.834186 0.954536 0.834186 0.954536 0.834186 0.994934 0.830256 0.994934 0.830256 0.954536 0.830256 0.954536 0.830256 0.994934 0.824643 0.994934 0.824643 0.954536 0.843729 0.954536 0.843729 0.994934 0.839800 0.994934 0.839800 0.954536 0.843729 0.752547 0.843729 0.792945 0.839800 0.792945 0.839800 0.752547 0.843729 0.833343 0.839800 0.833343 0.843729 0.873740 0.839800 0.873740 0.843729 0.914138 0.839800 0.914138 0.830256 0.752547 0.830256 0.792945 0.824643 0.792945 0.824643 0.752547 0.830256 0.833343 0.824643 0.833343 
						0.830256 0.873740 0.824643 0.873740 0.830256 0.914138 0.824643 0.914138 0.834186 0.752547 0.834186 0.792945 0.830256 0.792945 0.830256 0.752547 0.834186 0.833343 0.830256 0.833343 0.834186 0.873740 0.830256 0.873740 0.834186 0.914138 0.830256 0.914138 0.839800 0.752547 0.839800 0.792945 0.834186 0.792945 0.834186 0.752547 0.839800 0.833343 0.834186 0.833343 0.839800 0.873740 0.834186 0.873740 0.839800 0.914138 0.834186 0.914138 0.785380 0.995290 0.785380 0.954893 0.789310 0.954893 0.789310 0.995290 0.785380 0.914495 0.789310 0.914495 0.785380 0.874097 0.789310 0.874097 0.785380 0.833699 0.789310 0.833699 0.779766 0.995290 0.779766 0.954893 0.785380 0.954893 0.785380 0.995290 0.779766 0.914495 0.785380 0.914495 0.779766 0.874097 0.785380 0.874097 0.779766 0.833699 0.785380 0.833699 0.775837 0.995290 0.775837 0.954893 0.779766 0.954893 0.779766 0.995290 0.775837 0.914495 0.779766 0.914495 0.775837 0.874097 0.779766 0.874097 0.775837 0.833699 0.779766 0.833699 0.770223 0.995290 0.770223 0.954893 0.775837 0.954893 0.775837 0.995290 0.770223 0.914495 0.775837 0.914495 0.770223 0.874097 0.775837 0.874097 0.770223 0.833699 0.775837 0.833699 
						0.278667 0.377122 0.366595 0.377122 0.366595 0.498603 0.278667 0.498603 0.781014 0.466900 0.781014 0.480269 0.773440 0.480269 0.773440 0.466900 0.773440 0.466900 0.773440 0.480269 0.768948 0.480269 0.768948 0.466900 0.768948 0.466900 0.768948 0.480269 0.761374 0.480269 0.761374 0.466900 0.785506 0.466900 0.785506 0.480269 0.781014 0.480269 0.781014 0.466900 0.785506 0.386684 0.785506 0.400053 0.781014 0.400053 0.781014 0.386684 0.785506 0.413422 0.781014 0.413422 0.785506 0.426792 0.781014 0.426792 0.785506 0.440161 0.781014 0.440161 0.785506 0.453530 0.781014 0.453530 0.768948 0.386684 0.768948 0.400053 0.761375 0.400053 0.761375 0.386684 0.768948 0.413422 0.761375 0.413422 0.768948 0.426792 0.761375 0.426792 0.768948 0.440161 0.761374 0.440161 0.768948 0.453530 0.761374 0.453530 0.773441 0.386684 0.773441 0.400053 0.768948 0.400053 0.768948 0.386684 0.773441 0.413422 0.768948 0.413422 0.773441 0.426792 0.768948 0.426792 0.773440 0.440161 0.768948 0.440161 0.773440 0.453530 0.768948 0.453530 0.781014 0.386684 0.781014 0.400053 0.773441 0.400053 0.773441 0.386684 0.781014 0.413422 0.773441 0.413422 0.781014 0.426792 0.773441 0.426792 
						0.781014 0.440161 0.773440 0.440161 0.781014 0.453530 0.773440 0.453530 0.948453 0.365191 0.948453 0.378560 0.943961 0.378560 0.943961 0.365191 0.943961 0.365191 0.943961 0.378560 0.939469 0.378560 0.939469 0.365191 0.939469 0.365191 0.939469 0.378560 0.934977 0.378560 0.934977 0.365191 0.952945 0.365191 0.952945 0.378560 0.948453 0.378560 0.948453 0.365191 0.952945 0.284975 0.952945 0.298344 0.948453 0.298344 0.948453 0.284975 0.952945 0.311714 0.948453 0.311714 0.952945 0.325083 0.948453 0.325083 0.952945 0.338452 0.948453 0.338452 0.952945 0.351822 0.948453 0.351822 0.939469 0.284975 0.939469 0.298344 0.934977 0.298344 0.934977 0.284975 0.939469 0.311714 0.934977 0.311714 0.939469 0.325083 0.934977 0.325083 0.939469 0.338452 0.934977 0.338452 0.939469 0.351822 0.934977 0.351822 0.943961 0.284975 0.943961 0.298344 0.939469 0.298344 0.939469 0.284975 0.943961 0.311714 0.939469 0.311714 0.943961 0.325083 0.939469 0.325083 0.943961 0.338452 0.939469 0.338452 0.943961 0.351822 0.939469 0.351822 0.948453 0.284975 0.948453 0.298344 0.943961 0.298344 0.943961 0.284975 0.948453 0.311714 0.943961 0.311714 0.948453 0.325083 0.943961 0.325083 
						0.948453 0.338452 0.943961 0.338452 0.948453 0.351822 0.943961 0.351822 0.809583 0.297823 0.809583 0.284454 0.814075 0.284454 0.814075 0.297823 0.814075 0.297823 0.814075 0.284454 0.818567 0.284454 0.818567 0.297823 0.818567 0.297823 0.818567 0.284454 0.823059 0.284454 0.823059 0.297823 0.805091 0.297823 0.805091 0.284454 0.809583 0.284454 0.809583 0.297823 0.805091 0.378039 0.805091 0.364670 0.809583 0.364670 0.809583 0.378039 0.805091 0.351301 0.809583 0.351301 0.805091 0.337931 0.809583 0.337931 0.805091 0.324562 0.809583 0.324562 0.805091 0.311193 0.809583 0.311193 0.818567 0.378039 0.818567 0.364670 0.823059 0.364670 0.823059 0.378039 0.818567 0.351301 0.823059 0.351301 0.818567 0.337931 0.823059 0.337931 0.818567 0.324562 0.823059 0.324562 0.818567 0.311193 0.823059 0.311193 0.814075 0.378039 0.814075 0.364670 0.818567 0.364670 0.818567 0.378039 0.814075 0.351301 0.818567 0.351301 0.814075 0.337931 0.818567 0.337931 0.814075 0.324562 0.818567 0.324562 0.814075 0.311193 0.818567 0.311193 0.809583 0.378039 0.809583 0.364670 0.814075 0.364670 0.814075 0.378039 0.809583 0.351301 0.814075 0.351301 0.809583 0.337931 0.814075 0.337931 
						0.809583 0.324562 0.814075 0.324562 0.809583 0.311193 0.814075 0.311193 0.783491 0.297823 0.783491 0.284454 0.787983 0.284454 0.787983 0.297823 0.787983 0.297823 0.787983 0.284454 0.792476 0.284454 0.792476 0.297823 0.792476 0.297823 0.792476 0.284454 0.796968 0.284454 0.796968 0.297823 0.778999 0.297823 0.778999 0.284454 0.783491 0.284454 0.783491 0.297823 0.778999 0.378039 0.778999 0.364670 0.783491 0.364670 0.783491 0.378039 0.778999 0.351301 0.783491 0.351301 0.778999 0.337931 0.783491 0.337931 0.778999 0.324562 0.783491 0.324562 0.778999 0.311193 0.783491 0.311193 0.792476 0.378039 0.792476 0.364670 0.796968 0.364670 0.796968 0.378039 0.792476 0.351301 0.796968 0.351301 0.792476 0.337931 0.796968 0.337931 0.792476 0.324562 0.796968 0.324562 0.792476 0.311193 0.796968 0.311193 0.787983 0.378039 0.787983 0.364670 0.792476 0.364670 0.792476 0.378039 0.787983 0.351301 0.792476 0.351301 0.787983 0.337931 0.792476 0.337931 0.787983 0.324562 0.792476 0.324562 0.787983 0.311193 0.792476 0.311193 0.783491 0.378039 0.783491 0.364670 0.787983 0.364670 0.787983 0.378039 0.783491 0.351301 0.787983 0.351301 0.783491 0.337931 0.787983 0.337931 
						0.783491 0.324562 0.787983 0.324562 0.783491 0.311193 0.787983 0.311193 0.654731 0.296181 0.654731 0.282812 0.659223 0.282812 0.659223 0.296181 0.659223 0.296181 0.659223 0.282812 0.663715 0.282812 0.663715 0.296181 0.663715 0.296181 0.663715 0.282812 0.668207 0.282812 0.668207 0.296181 0.650239 0.296181 0.650239 0.282812 0.654731 0.282812 0.654731 0.296181 0.650239 0.376397 0.650239 0.363028 0.654731 0.363028 0.654731 0.376397 0.650239 0.349658 0.654731 0.349658 0.650239 0.336289 0.654731 0.336289 0.650239 0.322920 0.654731 0.322920 0.650239 0.309550 0.654731 0.309550 0.663715 0.376397 0.663715 0.363028 0.668207 0.363028 0.668207 0.376397 0.663715 0.349658 0.668207 0.349658 0.663715 0.336289 0.668207 0.336289 0.663715 0.322920 0.668207 0.322920 0.663715 0.309550 0.668207 0.309550 0.659223 0.376397 0.659223 0.363028 0.663715 0.363028 0.663715 0.376397 0.659223 0.349658 0.663715 0.349658 0.659223 0.336289 0.663715 0.336289 0.659223 0.322920 0.663715 0.322920 0.659223 0.309550 0.663715 0.309550 0.654731 0.376397 0.654731 0.363028 0.659223 0.363028 0.659223 0.376397 0.654731 0.349658 0.659223 0.349658 0.654731 0.336289 0.659223 0.336289 
						0.654731 0.322920 0.659223 0.322920 0.654731 0.309550 0.659223 0.309550 0.894887 0.400053 0.894887 0.386684 0.902461 0.386684 0.902461 0.400053 0.902461 0.400053 0.902461 0.386684 0.906953 0.386684 0.906953 0.400053 0.906953 0.400053 0.906953 0.386684 0.914527 0.386684 0.914527 0.400053 0.890395 0.400053 0.890395 0.386684 0.894887 0.386684 0.894887 0.400053 0.890395 0.480269 0.890395 0.466900 0.894887 0.466900 0.894887 0.480269 0.890395 0.453530 0.894887 0.453530 0.890395 0.440161 0.894887 0.440161 0.890395 0.426792 0.894887 0.426792 0.890395 0.413422 0.894887 0.413422 0.906953 0.480269 0.906953 0.466900 0.914527 0.466900 0.914527 0.480269 0.906953 0.453530 0.914527 0.453530 0.906953 0.440161 0.914527 0.440161 0.906953 0.426792 0.914527 0.426792 0.906953 0.413422 0.914527 0.413422 0.902461 0.480269 0.902461 0.466900 0.906953 0.466900 0.906953 0.480269 0.902461 0.453530 0.906953 0.453530 0.902461 0.440161 0.906953 0.440161 0.902461 0.426792 0.906953 0.426792 0.902461 0.413422 0.906953 0.413422 0.894887 0.480269 0.894887 0.466900 0.902461 0.466900 0.902461 0.480269 0.894887 0.453530 0.902461 0.453530 0.894887 0.440161 0.902461 0.440161 
						0.894887 0.426792 0.902461 0.426792 0.894887 0.413422 0.902461 0.413422 0.825356 0.524342 0.825356 0.488541 0.835380 0.488541 0.835380 0.524342 0.835380 0.524342 0.835380 0.488541 0.842397 0.488541 0.842397 0.524342 0.842397 0.524342 0.842397 0.488541 0.852421 0.488541 0.852421 0.524342 0.818338 0.524342 0.818338 0.488541 0.825356 0.488541 0.825356 0.524342 0.731840 0.863010 0.742832 0.863010 0.742832 0.878713 0.731840 0.878713 0.742622 0.771097 0.731630 0.771097 0.731630 0.755394 0.742622 0.755394 0.818338 0.739151 0.818338 0.703350 0.825356 0.703350 0.825356 0.739151 0.818338 0.667548 0.825356 0.667548 0.818338 0.631747 0.825356 0.631747 0.818338 0.595945 0.825356 0.595945 0.818338 0.560144 0.825356 0.560144 0.842397 0.739151 0.842397 0.703350 0.852421 0.703350 0.852421 0.739151 0.842397 0.667548 0.852421 0.667548 0.842397 0.631747 0.852422 0.631747 0.842397 0.595945 0.852422 0.595945 0.842397 0.560144 0.852422 0.560144 0.835380 0.739151 0.835380 0.703350 0.842397 0.703350 0.842397 0.739151 0.835380 0.667548 0.842397 0.667548 0.835380 0.631747 0.842397 0.631747 0.835380 0.595945 0.842397 0.595945 0.835380 0.560144 0.842397 0.560144 
						0.825356 0.739151 0.825356 0.703350 0.835380 0.703350 0.835380 0.739151 0.825356 0.667548 0.835380 0.667548 0.825356 0.631747 0.835380 0.631747 0.825356 0.595945 0.835380 0.595945 0.825356 0.560144 0.835380 0.560144 0.935815 0.703350 0.935815 0.739151 0.925790 0.739151 0.925790 0.703350 0.925790 0.703350 0.925790 0.739151 0.918773 0.739151 0.918773 0.703350 0.918773 0.703350 0.918773 0.739151 0.908749 0.739151 0.908749 0.703350 0.908749 0.703350 0.908749 0.739151 0.901732 0.739151 0.901732 0.703350 0.753375 0.810007 0.764367 0.810007 0.764367 0.825710 0.753375 0.825710 0.752621 0.836979 0.763613 0.836979 0.763613 0.852682 0.752621 0.852682 0.908749 0.488541 0.908749 0.524342 0.901732 0.524342 0.901732 0.488541 0.908749 0.560144 0.901732 0.560144 0.908749 0.595945 0.901732 0.595945 0.908749 0.631747 0.901732 0.631747 0.908749 0.667548 0.901732 0.667548 0.918773 0.488541 0.918773 0.524342 0.908749 0.524342 0.908749 0.488541 0.918773 0.560144 0.908749 0.560144 0.918773 0.595945 0.908749 0.595945 0.918773 0.631747 0.908749 0.631747 0.918773 0.667548 0.908749 0.667548 0.925791 0.488541 0.925791 0.524342 0.918773 0.524342 0.918773 0.488541 
						0.925791 0.560144 0.918773 0.560144 0.925791 0.595945 0.918773 0.595945 0.925790 0.631747 0.918773 0.631747 0.925790 0.667548 0.918773 0.667548 0.935815 0.488541 0.935815 0.524342 0.925791 0.524342 0.925791 0.488541 0.935815 0.560144 0.925791 0.560144 0.935815 0.595945 0.925791 0.595945 0.935815 0.631747 0.925790 0.631747 0.935815 0.667548 0.925790 0.667548 0.878043 0.792945 0.878043 0.752547 0.883657 0.752547 0.883657 0.792945 0.883657 0.792945 0.883657 0.752547 0.887586 0.752547 0.887586 0.792945 0.887586 0.792945 0.887586 0.752547 0.893200 0.752547 0.893200 0.792945 0.893200 0.792945 0.893200 0.752547 0.897130 0.752547 0.897130 0.792945 0.800853 0.793302 0.800853 0.752904 0.806466 0.752904 0.806466 0.793302 0.806466 0.793302 0.806466 0.752904 0.810396 0.752904 0.810396 0.793302 0.810396 0.793302 0.810396 0.752904 0.816010 0.752904 0.816010 0.793302 0.796923 0.793302 0.796923 0.752904 0.800853 0.752904 0.800853 0.793302 0.796923 0.995290 0.796923 0.954893 0.800853 0.954893 0.800853 0.995290 0.796923 0.914495 0.800853 0.914495 0.796923 0.874097 0.800853 0.874097 0.796923 0.833699 0.800853 0.833699 0.810396 0.995290 0.810396 0.954893 
						0.816010 0.954893 0.816010 0.995290 0.810396 0.914495 0.816010 0.914495 0.810396 0.874097 0.816010 0.874097 0.810396 0.833699 0.816010 0.833699 0.806466 0.995290 0.806466 0.954893 0.810396 0.954893 0.810396 0.995290 0.806466 0.914495 0.810396 0.914495 0.806466 0.874097 0.810396 0.874097 0.806466 0.833699 0.810396 0.833699 0.800853 0.995290 0.800853 0.954893 0.806466 0.954893 0.806466 0.995290 0.800853 0.914495 0.806466 0.914495 0.800853 0.874097 0.806466 0.874097 0.800853 0.833699 0.806466 0.833699 0.893200 0.994934 0.893200 0.954536 0.897130 0.954536 0.897130 0.994934 0.893200 0.914138 0.897130 0.914138 0.893200 0.873740 0.897130 0.873740 0.893200 0.833343 0.897130 0.833343 0.887586 0.994934 0.887586 0.954536 0.893200 0.954536 0.893200 0.994934 0.887586 0.914138 0.893200 0.914138 0.887586 0.873740 0.893200 0.873740 0.887586 0.833343 0.893200 0.833343 0.883657 0.994934 0.883657 0.954536 0.887586 0.954536 0.887586 0.994934 0.883657 0.914138 0.887586 0.914138 0.883657 0.873740 0.887586 0.873740 0.883657 0.833343 0.887586 0.833343 0.878043 0.994934 0.878043 0.954536 0.883657 0.954536 0.883657 0.994934 0.878043 0.914138 0.883657 0.914138 
						0.878043 0.873740 0.883657 0.873740 0.878043 0.833343 0.883657 0.833343 0.278667 0.869682 0.366595 0.869682 0.366595 0.991163 0.278666 0.991163 0.813269 0.466900 0.813269 0.480269 0.805695 0.480269 0.805695 0.466900 0.805695 0.466900 0.805695 0.480269 0.801203 0.480269 0.801203 0.466900 0.801203 0.466900 0.801203 0.480269 0.793630 0.480269 0.793630 0.466900 0.817761 0.466900 0.817761 0.480269 0.813269 0.480269 0.813269 0.466900 0.817761 0.386684 0.817761 0.400053 0.813269 0.400053 0.813269 0.386684 0.817761 0.413422 0.813269 0.413422 0.817761 0.426792 0.813269 0.426792 0.817761 0.440161 0.813269 0.440161 0.817761 0.453530 0.813269 0.453530 0.801204 0.386684 0.801204 0.400053 0.793630 0.400053 0.793630 0.386684 0.801204 0.413422 0.793630 0.413422 0.801204 0.426792 0.793630 0.426792 0.801203 0.440161 0.793630 0.440161 0.801203 0.453530 0.793630 0.453530 0.805696 0.386684 0.805696 0.400053 0.801204 0.400053 0.801204 0.386684 0.805696 0.413422 0.801204 0.413422 0.805696 0.426792 0.801204 0.426792 0.805696 0.440161 0.801203 0.440161 0.805695 0.453530 0.801203 0.453530 0.813269 0.386684 0.813269 0.400053 0.805696 0.400053 0.805696 0.386684 
						0.813269 0.413422 0.805696 0.413422 0.813269 0.426792 0.805696 0.426792 0.813269 0.440161 0.805696 0.440161 0.813269 0.453530 0.805695 0.453530 0.707078 0.296867 0.707078 0.283498 0.711570 0.283498 0.711570 0.296867 0.711570 0.296867 0.711570 0.283498 0.716062 0.283498 0.716062 0.296867 0.716062 0.296867 0.716062 0.283498 0.720554 0.283498 0.720554 0.296867 0.702586 0.296867 0.702586 0.283498 0.707078 0.283498 0.707078 0.296867 0.702586 0.377083 0.702586 0.363714 0.707078 0.363714 0.707078 0.377083 0.702586 0.350345 0.707078 0.350345 0.702586 0.336975 0.707078 0.336975 0.702586 0.323606 0.707078 0.323606 0.702586 0.310237 0.707078 0.310237 0.716062 0.377083 0.716062 0.363714 0.720554 0.363714 0.720554 0.377083 0.716062 0.350345 0.720554 0.350345 0.716062 0.336975 0.720554 0.336975 0.716062 0.323606 0.720554 0.323606 0.716062 0.310237 0.720554 0.310237 0.711570 0.377083 0.711570 0.363714 0.716062 0.363714 0.716062 0.377083 0.711570 0.350345 0.716062 0.350345 0.711570 0.336975 0.716062 0.336975 0.711570 0.323606 0.716062 0.323606 0.711570 0.310237 0.716062 0.310237 0.707078 0.377083 0.707078 0.363714 0.711570 0.363714 0.711570 0.377083 
						0.707078 0.350345 0.711570 0.350345 0.707078 0.336975 0.711570 0.336975 0.707078 0.323606 0.711570 0.323606 0.707078 0.310237 0.711570 0.310237 0.896270 0.365191 0.896270 0.378560 0.891778 0.378560 0.891778 0.365191 0.891778 0.365191 0.891778 0.378560 0.887286 0.378560 0.887286 0.365191 0.887286 0.365191 0.887286 0.378560 0.882794 0.378560 0.882794 0.365191 0.900762 0.365191 0.900762 0.378560 0.896270 0.378560 0.896270 0.365191 0.900762 0.284975 0.900762 0.298344 0.896270 0.298344 0.896270 0.284975 0.900762 0.311714 0.896270 0.311714 0.900762 0.325083 0.896270 0.325083 0.900762 0.338452 0.896270 0.338452 0.900762 0.351822 0.896270 0.351822 0.887286 0.284975 0.887286 0.298344 0.882794 0.298344 0.882794 0.284975 0.887286 0.311714 0.882794 0.311714 0.887286 0.325083 0.882794 0.325083 0.887286 0.338452 0.882794 0.338452 0.887286 0.351822 0.882794 0.351822 0.891778 0.284975 0.891778 0.298344 0.887286 0.298344 0.887286 0.284975 0.891778 0.311714 0.887286 0.311714 0.891778 0.325083 0.887286 0.325083 0.891778 0.338452 0.887286 0.338452 0.891778 0.351822 0.887286 0.351822 0.896270 0.284975 0.896270 0.298344 0.891778 0.298344 0.891778 0.284975 
						0.896270 0.311714 0.891778 0.311714 0.896270 0.325083 0.891778 0.325083 0.896270 0.338452 0.891778 0.338452 0.896270 0.351822 0.891778 0.351822 0.731308 0.297823 0.731308 0.284454 0.735800 0.284454 0.735800 0.297823 0.735800 0.297823 0.735800 0.284454 0.740292 0.284454 0.740292 0.297823 0.740292 0.297823 0.740292 0.284454 0.744784 0.284454 0.744784 0.297823 0.726816 0.297823 0.726816 0.284454 0.731308 0.284454 0.731308 0.297823 0.726816 0.378039 0.726816 0.364670 0.731308 0.364670 0.731308 0.378039 0.726816 0.351301 0.731308 0.351301 0.726816 0.337931 0.731308 0.337931 0.726816 0.324562 0.731308 0.324562 0.726816 0.311193 0.731308 0.311193 0.740292 0.378039 0.740292 0.364670 0.744784 0.364670 0.744784 0.378039 0.740292 0.351301 0.744784 0.351301 0.740292 0.337931 0.744784 0.337931 0.740292 0.324562 0.744784 0.324562 0.740292 0.311193 0.744784 0.311193 0.735800 0.378039 0.735800 0.364670 0.740292 0.364670 0.740292 0.378039 0.735800 0.351301 0.740292 0.351301 0.735800 0.337931 0.740292 0.337931 0.735800 0.324562 0.740292 0.324562 0.735800 0.311193 0.740292 0.311193 0.731308 0.378039 0.731308 0.364670 0.735800 0.364670 0.735800 0.378039 
						0.731308 0.351301 0.735800 0.351301 0.731308 0.337931 0.735800 0.337931 0.731308 0.324562 0.735800 0.324562 0.731308 0.311193 0.735800 0.311193 0.680823 0.296181 0.680823 0.282812 0.685315 0.282812 0.685315 0.296181 0.685315 0.296181 0.685315 0.282812 0.689807 0.282812 0.689807 0.296181 0.689807 0.296181 0.689807 0.282812 0.694299 0.282812 0.694299 0.296181 0.676331 0.296181 0.676331 0.282812 0.680823 0.282812 0.680823 0.296181 0.676331 0.376397 0.676331 0.363028 0.680823 0.363028 0.680823 0.376397 0.676331 0.349658 0.680823 0.349658 0.676331 0.336289 0.680823 0.336289 0.676331 0.322920 0.680823 0.322920 0.676331 0.309550 0.680823 0.309550 0.689807 0.376397 0.689807 0.363028 0.694299 0.363028 0.694299 0.376397 0.689807 0.349658 0.694299 0.349658 0.689807 0.336289 0.694299 0.336289 0.689807 0.322920 0.694299 0.322920 0.689807 0.309550 0.694299 0.309550 0.685315 0.376397 0.685315 0.363028 0.689807 0.363028 0.689807 0.376397 0.685315 0.349658 0.689807 0.349658 0.685315 0.336289 0.689807 0.336289 0.685315 0.322920 0.689807 0.322920 0.685315 0.309550 0.689807 0.309550 0.680823 0.376397 0.680823 0.363028 0.685315 0.363028 0.685315 0.376397 
						0.680823 0.349658 0.685315 0.349658 0.680823 0.336289 0.685315 0.336289 0.680823 0.322920 0.685315 0.322920 0.680823 0.309550 0.685315 0.309550 0.927142 0.400053 0.927142 0.386684 0.934716 0.386684 0.934716 0.400053 0.934716 0.400053 0.934716 0.386684 0.939208 0.386684 0.939208 0.400053 0.939208 0.400053 0.939208 0.386684 0.946782 0.386684 0.946782 0.400053 0.922650 0.400053 0.922650 0.386684 0.927142 0.386684 0.927142 0.400053 0.922650 0.480269 0.922650 0.466900 0.927142 0.466900 0.927142 0.480269 0.922650 0.453530 0.927142 0.453530 0.922650 0.440161 0.927142 0.440161 0.922650 0.426792 0.927142 0.426792 0.922650 0.413422 0.927142 0.413422 0.939208 0.480269 0.939208 0.466900 0.946782 0.466900 0.946782 0.480269 0.939208 0.453530 0.946782 0.453530 0.939208 0.440161 0.946782 0.440161 0.939208 0.426792 0.946782 0.426792 0.939208 0.413422 0.946782 0.413422 0.934716 0.480269 0.934716 0.466900 0.939208 0.466900 0.939208 0.480269 0.934716 0.453530 0.939208 0.453530 0.934716 0.440161 0.939208 0.440161 0.934716 0.426792 0.939208 0.426792 0.934716 0.413422 0.939208 0.413422 0.927142 0.480269 0.927142 0.466900 0.934716 0.466900 0.934716 0.480269 
						0.927142 0.453530 0.934716 0.453530 0.927142 0.440161 0.934716 0.440161 0.927142 0.426792 0.934716 0.426792 0.927142 0.413422 0.934716 0.413422 0.950446 0.524342 0.950446 0.488541 0.960470 0.488541 0.960470 0.524342 0.960470 0.524342 0.960470 0.488541 0.967487 0.488541 0.967487 0.524342 0.967487 0.524342 0.967487 0.488541 0.977512 0.488541 0.977512 0.524342 0.943429 0.524342 0.943429 0.488541 0.950446 0.488541 0.950446 0.524342 0.731630 0.783024 0.742622 0.783024 0.742622 0.798727 0.731630 0.798727 0.742078 0.903440 0.731086 0.903440 0.731086 0.887737 0.742078 0.887737 0.943429 0.739151 0.943429 0.703350 0.950446 0.703350 0.950446 0.739151 0.943429 0.667548 0.950446 0.667548 0.943429 0.631747 0.950446 0.631747 0.943429 0.595945 0.950446 0.595945 0.943429 0.560144 0.950446 0.560144 0.967487 0.739151 0.967487 0.703350 0.977512 0.703350 0.977512 0.739151 0.967487 0.667548 0.977512 0.667548 0.967487 0.631747 0.977512 0.631747 0.967487 0.595945 0.977512 0.595945 0.967487 0.560144 0.977512 0.560144 0.960470 0.739151 0.960470 0.703350 0.967487 0.703350 0.967487 0.739151 0.960470 0.667548 0.967487 0.667548 0.960470 0.631747 0.967487 0.631747 
						0.960470 0.595945 0.967487 0.595945 0.960470 0.560144 0.967487 0.560144 0.950446 0.739151 0.950446 0.703350 0.960470 0.703350 0.960470 0.739151 0.950446 0.667548 0.960470 0.667548 0.950446 0.631747 0.960470 0.631747 0.950446 0.595945 0.960470 0.595945 0.950446 0.560144 0.960470 0.560144 0.685635 0.703350 0.685635 0.739151 0.675610 0.739151 0.675610 0.703350 0.675610 0.703350 0.675610 0.739151 0.668593 0.739151 0.668593 0.703350 0.668593 0.703350 0.668593 0.739151 0.658569 0.739151 0.658569 0.703350 0.658569 0.703350 0.658569 0.739151 0.651552 0.739151 0.651552 0.703350 0.764367 0.770451 0.753375 0.770451 0.753375 0.754748 0.764367 0.754748 0.731840 0.807751 0.742832 0.807751 0.742832 0.823454 0.731840 0.823454 0.658569 0.488541 0.658569 0.524342 0.651552 0.524342 0.651552 0.488541 0.658569 0.560144 0.651552 0.560144 0.658569 0.595945 0.651552 0.595945 0.658569 0.631747 0.651552 0.631747 0.658569 0.667548 0.651552 0.667548 0.668593 0.488541 0.668593 0.524342 0.658569 0.524342 0.658569 0.488541 0.668593 0.560144 0.658569 0.560144 0.668593 0.595945 0.658569 0.595945 0.668593 0.631747 0.658569 0.631747 0.668593 0.667548 0.658569 0.667548 
						0.675610 0.488541 0.675610 0.524342 0.668593 0.524342 0.668593 0.488541 0.675610 0.560144 0.668593 0.560144 0.675610 0.595945 0.668593 0.595945 0.675610 0.631747 0.668593 0.631747 0.675610 0.667548 0.668593 0.667548 0.685635 0.488541 0.685635 0.524342 0.675610 0.524342 0.675610 0.488541 0.685635 0.560144 0.675610 0.560144 0.685635 0.595945 0.675610 0.595945 0.685635 0.631747 0.675610 0.631747 0.685635 0.667548 0.675610 0.667548 0.923830 0.954536 0.923830 0.994934 0.918216 0.994934 0.918216 0.954536 0.918216 0.954536 0.918216 0.994934 0.914286 0.994934 0.914286 0.954536 0.914286 0.954536 0.914286 0.994934 0.908673 0.994934 0.908673 0.954536 0.908673 0.954536 0.908673 0.994934 0.904743 0.994934 0.904743 0.954536 0.855273 0.792945 0.855273 0.752547 0.860886 0.752547 0.860886 0.792945 0.860886 0.792945 0.860886 0.752547 0.864816 0.752547 0.864816 0.792945 0.864816 0.792945 0.864816 0.752547 0.870430 0.752547 0.870430 0.792945 0.851343 0.792945 0.851343 0.752547 0.855273 0.752547 0.855273 0.792945 0.851343 0.994934 0.851343 0.954536 0.855272 0.954536 0.855272 0.994934 0.851343 0.914138 0.855272 0.914138 0.851343 0.873740 0.855272 0.873740 
						0.851343 0.833343 0.855273 0.833343 0.864816 0.994934 0.864816 0.954536 0.870429 0.954536 0.870429 0.994934 0.864816 0.914138 0.870429 0.914138 0.864816 0.873740 0.870429 0.873740 0.864816 0.833343 0.870430 0.833343 0.860886 0.994934 0.860886 0.954536 0.864816 0.954536 0.864816 0.994934 0.860886 0.914138 0.864816 0.914138 0.860886 0.873740 0.864816 0.873740 0.860886 0.833343 0.864816 0.833343 0.855272 0.994934 0.855272 0.954536 0.860886 0.954536 0.860886 0.994934 0.855272 0.914138 0.860886 0.914138 0.855272 0.873740 0.860886 0.873740 0.855273 0.833343 0.860886 0.833343 0.908673 0.752547 0.908673 0.792945 0.904743 0.792945 0.904743 0.752547 0.908673 0.833343 0.904743 0.833343 0.908673 0.873740 0.904743 0.873740 0.908673 0.914138 0.904743 0.914138 0.914287 0.752547 0.914287 0.792945 0.908673 0.792945 0.908673 0.752547 0.914287 0.833343 0.908673 0.833343 0.914286 0.873740 0.908673 0.873740 0.914286 0.914138 0.908673 0.914138 0.918216 0.752547 0.918216 0.792945 0.914287 0.792945 0.914287 0.752547 0.918216 0.833343 0.914287 0.833343 0.918216 0.873740 0.914286 0.873740 0.918216 0.914138 0.914286 0.914138 0.923830 0.752547 0.923830 0.792945 
						0.918216 0.792945 0.918216 0.752547 0.923830 0.833343 0.918216 0.833343 0.923830 0.873740 0.918216 0.873740 0.923830 0.914138 0.918216 0.914138 0.099083 0.377122 0.187012 0.377122 0.187012 0.498603 0.099083 0.498603 0.862632 0.400053 0.862632 0.386684 0.870206 0.386684 0.870206 0.400053 0.870206 0.400053 0.870206 0.386684 0.874698 0.386684 0.874698 0.400053 0.874698 0.400053 0.874698 0.386684 0.882272 0.386684 0.882272 0.400053 0.858140 0.400053 0.858140 0.386684 0.862632 0.386684 0.862632 0.400053 0.858140 0.480269 0.858140 0.466900 0.862632 0.466900 0.862632 0.480269 0.858140 0.453530 0.862632 0.453530 0.858140 0.440161 0.862632 0.440161 0.858140 0.426792 0.862632 0.426792 0.858140 0.413422 0.862632 0.413422 0.874698 0.480269 0.874698 0.466900 0.882271 0.466900 0.882272 0.480269 0.874698 0.453530 0.882272 0.453530 0.874698 0.440161 0.882272 0.440161 0.874698 0.426792 0.882272 0.426792 0.874698 0.413422 0.882272 0.413422 0.870206 0.480269 0.870206 0.466900 0.874698 0.466900 0.874698 0.480269 0.870206 0.453530 0.874698 0.453530 0.870206 0.440161 0.874698 0.440161 0.870206 0.426792 0.874698 0.426792 0.870206 0.413422 0.874698 0.413422 
						0.862632 0.480269 0.862632 0.466900 0.870206 0.466900 0.870206 0.480269 0.862632 0.453530 0.870206 0.453530 0.862632 0.440161 0.870206 0.440161 0.862632 0.426792 0.870206 0.426792 0.862632 0.413422 0.870206 0.413422 0.683825 0.400574 0.683825 0.387205 0.688317 0.387205 0.688317 0.400574 0.688317 0.400574 0.688317 0.387205 0.692809 0.387205 0.692809 0.400574 0.692809 0.400574 0.692809 0.387205 0.697301 0.387205 0.697301 0.400574 0.679333 0.400574 0.679333 0.387205 0.683825 0.387205 0.683825 0.400574 0.679333 0.480790 0.679333 0.467421 0.683825 0.467421 0.683825 0.480790 0.679333 0.454051 0.683825 0.454051 0.679333 0.440682 0.683825 0.440682 0.679333 0.427313 0.683825 0.427313 0.679333 0.413943 0.683825 0.413943 0.692809 0.480790 0.692809 0.467421 0.697301 0.467421 0.697301 0.480790 0.692809 0.454051 0.697301 0.454051 0.692809 0.440682 0.697301 0.440682 0.692809 0.427313 0.697301 0.427313 0.692809 0.413943 0.697301 0.413943 0.688317 0.480790 0.688317 0.467421 0.692809 0.467421 0.692809 0.480790 0.688317 0.454051 0.692809 0.454051 0.688317 0.440682 0.692809 0.440682 0.688317 0.427313 0.692809 0.427313 0.688317 0.413943 0.692809 0.413943 
						0.683825 0.480790 0.683825 0.467421 0.688317 0.467421 0.688317 0.480790 0.683825 0.454051 0.688317 0.454051 0.683825 0.440682 0.688317 0.440682 0.683825 0.427313 0.688317 0.427313 0.683825 0.413943 0.688317 0.413943 0.861194 0.298344 0.861194 0.284975 0.865686 0.284975 0.865686 0.298344 0.865686 0.298344 0.865686 0.284975 0.870178 0.284975 0.870178 0.298344 0.870178 0.298344 0.870178 0.284975 0.874670 0.284975 0.874670 0.298344 0.856702 0.298344 0.856702 0.284975 0.861194 0.284975 0.861194 0.298344 0.856702 0.378560 0.856702 0.365191 0.861194 0.365191 0.861194 0.378560 0.856702 0.351822 0.861194 0.351822 0.856702 0.338452 0.861194 0.338452 0.856702 0.325083 0.861194 0.325083 0.856702 0.311714 0.861194 0.311714 0.870178 0.378560 0.870178 0.365191 0.874670 0.365191 0.874670 0.378560 0.870178 0.351822 0.874670 0.351822 0.870178 0.338452 0.874670 0.338452 0.870178 0.325083 0.874670 0.325083 0.870178 0.311714 0.874670 0.311714 0.865686 0.378560 0.865686 0.365191 0.870178 0.365191 0.870178 0.378560 0.865686 0.351822 0.870178 0.351822 0.865686 0.338452 0.870178 0.338452 0.865686 0.325083 0.870178 0.325083 0.865686 0.311714 0.870178 0.311714 
						0.861194 0.378560 0.861194 0.365191 0.865686 0.365191 0.865686 0.378560 0.861194 0.351822 0.865686 0.351822 0.861194 0.338452 0.865686 0.338452 0.861194 0.325083 0.865686 0.325083 0.861194 0.311714 0.865686 0.311714 0.708844 0.400574 0.708844 0.387205 0.713336 0.387205 0.713336 0.400574 0.713336 0.400574 0.713336 0.387205 0.717828 0.387205 0.717828 0.400574 0.717828 0.400574 0.717828 0.387205 0.722320 0.387205 0.722320 0.400574 0.704352 0.400574 0.704352 0.387205 0.708844 0.387205 0.708844 0.400574 0.704352 0.480790 0.704352 0.467421 0.708844 0.467421 0.708844 0.480790 0.704352 0.454051 0.708844 0.454051 0.704352 0.440682 0.708844 0.440682 0.704352 0.427313 0.708844 0.427313 0.704352 0.413943 0.708844 0.413943 0.717828 0.480790 0.717828 0.467421 0.722320 0.467421 0.722320 0.480790 0.717828 0.454051 0.722320 0.454051 0.717828 0.440682 0.722320 0.440682 0.717828 0.427313 0.722320 0.427313 0.717828 0.413943 0.722320 0.413943 0.713336 0.480790 0.713336 0.467421 0.717828 0.467421 0.717828 0.480790 0.713336 0.454051 0.717828 0.454051 0.713336 0.440682 0.717828 0.440682 0.713336 0.427313 0.717828 0.427313 0.713336 0.413943 0.717828 0.413943 
						0.708844 0.480790 0.708844 0.467421 0.713336 0.467421 0.713336 0.480790 0.708844 0.454051 0.713336 0.454051 0.708844 0.440682 0.713336 0.440682 0.708844 0.427313 0.713336 0.427313 0.708844 0.413943 0.713336 0.413943 0.657733 0.400574 0.657733 0.387205 0.662225 0.387205 0.662225 0.400574 0.662225 0.400574 0.662225 0.387205 0.666717 0.387205 0.666717 0.400574 0.666717 0.400574 0.666717 0.387205 0.671210 0.387205 0.671209 0.400574 0.653241 0.400574 0.653241 0.387205 0.657733 0.387205 0.657733 0.400574 0.653241 0.480790 0.653241 0.467421 0.657733 0.467421 0.657733 0.480790 0.653241 0.454051 0.657733 0.454051 0.653241 0.440682 0.657733 0.440682 0.653241 0.427313 0.657733 0.427313 0.653241 0.413943 0.657733 0.413943 0.666717 0.480790 0.666717 0.467421 0.671209 0.467421 0.671209 0.480790 0.666717 0.454051 0.671209 0.454051 0.666717 0.440682 0.671209 0.440682 0.666717 0.427313 0.671209 0.427313 0.666717 0.413943 0.671209 0.413943 0.662225 0.480790 0.662225 0.467421 0.666717 0.467421 0.666717 0.480790 0.662225 0.454051 0.666717 0.454051 0.662225 0.440682 0.666717 0.440682 0.662225 0.427313 0.666717 0.427313 0.662225 0.413943 0.666717 0.413943 
						0.657733 0.480790 0.657733 0.467421 0.662225 0.467421 0.662225 0.480790 0.657733 0.454051 0.662225 0.454051 0.657733 0.440682 0.662225 0.440682 0.657733 0.427313 0.662225 0.427313 0.657733 0.413943 0.662225 0.413943 0.959397 0.400053 0.959397 0.386684 0.966971 0.386684 0.966971 0.400053 0.966971 0.400053 0.966971 0.386684 0.971463 0.386684 0.971463 0.400053 0.971463 0.400053 0.971463 0.386684 0.979037 0.386684 0.979037 0.400053 0.954905 0.400053 0.954905 0.386684 0.959397 0.386684 0.959397 0.400053 0.954905 0.480269 0.954905 0.466900 0.959397 0.466900 0.959397 0.480269 0.954905 0.453530 0.959397 0.453530 0.954905 0.440161 0.959397 0.440161 0.954905 0.426792 0.959397 0.426792 0.954905 0.413422 0.959397 0.413422 0.971463 0.480269 0.971463 0.466900 0.979037 0.466900 0.979037 0.480269 0.971463 0.453530 0.979037 0.453530 0.971463 0.440161 0.979037 0.440161 0.971463 0.426792 0.979037 0.426792 0.971463 0.413422 0.979037 0.413422 0.966971 0.480269 0.966971 0.466900 0.971463 0.466900 0.971463 0.480269 0.966971 0.453530 0.971463 0.453530 0.966971 0.440161 0.971463 0.440161 0.966971 0.426792 0.971463 0.426792 0.966971 0.413422 0.971463 0.413422 
						0.959397 0.480269 0.959397 0.466900 0.966971 0.466900 0.966971 0.480269 0.959397 0.453530 0.966971 0.453530 0.959397 0.440161 0.966971 0.440161 0.959397 0.426792 0.966971 0.426792 0.959397 0.413422 0.966971 0.413422 0.720314 0.703350 0.720314 0.739151 0.710290 0.739151 0.710290 0.703350 0.710290 0.703350 0.710290 0.739151 0.703273 0.739151 0.703273 0.703350 0.703273 0.703350 0.703273 0.739151 0.693248 0.739151 0.693248 0.703350 0.727331 0.703350 0.727331 0.739151 0.720314 0.739151 0.720314 0.703350 0.752621 0.864609 0.763613 0.864609 0.763613 0.880312 0.752621 0.880312 0.763613 0.935571 0.752621 0.935571 0.752621 0.919868 0.763613 0.919868 0.727331 0.488541 0.727331 0.524342 0.720314 0.524342 0.720314 0.488541 0.727331 0.560144 0.720314 0.560144 0.727331 0.595945 0.720314 0.595945 0.727331 0.631747 0.720314 0.631747 0.727331 0.667548 0.720314 0.667548 0.703273 0.488541 0.703273 0.524342 0.693248 0.524342 0.693248 0.488541 0.703273 0.560144 0.693248 0.560144 0.703273 0.595945 0.693248 0.595945 0.703273 0.631747 0.693248 0.631747 0.703273 0.667548 0.693248 0.667548 0.710290 0.488541 0.710290 0.524342 0.703273 0.524342 0.703273 0.488541 
						0.710290 0.560144 0.703273 0.560144 0.710290 0.595945 0.703273 0.595945 0.710290 0.631747 0.703273 0.631747 0.710290 0.667548 0.703273 0.667548 0.720314 0.488541 0.720314 0.524342 0.710290 0.524342 0.710290 0.488541 0.720314 0.560144 0.710290 0.560144 0.720314 0.595945 0.710290 0.595945 0.720314 0.631747 0.710290 0.631747 0.720314 0.667548 0.710290 0.667548 0.810725 0.703350 0.810725 0.739151 0.800700 0.739151 0.800700 0.703350 0.800700 0.703350 0.800700 0.739151 0.793683 0.739151 0.793683 0.703350 0.793683 0.703350 0.793683 0.739151 0.783659 0.739151 0.783659 0.703350 0.783659 0.703350 0.783659 0.739151 0.776642 0.739151 0.776642 0.703350 0.763613 0.907941 0.752621 0.907941 0.752621 0.892238 0.763613 0.892238 0.753375 0.782378 0.764367 0.782378 0.764367 0.798081 0.753375 0.798081 0.783659 0.488541 0.783659 0.524342 0.776642 0.524342 0.776642 0.488541 0.783659 0.560144 0.776642 0.560144 0.783659 0.595945 0.776642 0.595945 0.783659 0.631747 0.776642 0.631747 0.783659 0.667548 0.776642 0.667548 0.793683 0.488541 0.793683 0.524342 0.783659 0.524342 0.783659 0.488541 0.793683 0.560144 0.783659 0.560144 0.793683 0.595945 0.783659 0.595945 
						0.793683 0.631747 0.783659 0.631747 0.793683 0.667548 0.783659 0.667548 0.800700 0.488541 0.800700 0.524342 0.793683 0.524342 0.793683 0.488541 0.800700 0.560144 0.793683 0.560144 0.800700 0.595945 0.793683 0.595945 0.800700 0.631747 0.793683 0.631747 0.800700 0.667548 0.793683 0.667548 0.810725 0.488541 0.810725 0.524342 0.800700 0.524342 0.800700 0.488541 0.810725 0.560144 0.800700 0.560144 0.810725 0.595945 0.800700 0.595945 0.810725 0.631747 0.800700 0.631747 0.810725 0.667548 0.800700 0.667548 0.977230 0.954536 0.977230 0.994934 0.971616 0.994934 0.971616 0.954536 0.971616 0.954536 0.971616 0.994934 0.967687 0.994934 0.967687 0.954536 0.967687 0.954536 0.967687 0.994934 0.962073 0.994934 0.962073 0.954536 0.962073 0.954536 0.962073 0.994934 0.958144 0.994934 0.958144 0.954536 0.946600 0.954536 0.946600 0.994934 0.940987 0.994934 0.940987 0.954536 0.940987 0.954536 0.940987 0.994934 0.937057 0.994934 0.937057 0.954536 0.937057 0.954536 0.937057 0.994934 0.931443 0.994934 0.931443 0.954536 0.950530 0.954536 0.950530 0.994934 0.946600 0.994934 0.946600 0.954536 0.950530 0.752547 0.950530 0.792945 0.946600 0.792945 0.946600 0.752547 
						0.950530 0.833343 0.946600 0.833343 0.950530 0.873740 0.946600 0.873740 0.950530 0.914138 0.946600 0.914138 0.937057 0.752547 0.937057 0.792945 0.931443 0.792945 0.931443 0.752547 0.937057 0.833343 0.931443 0.833343 0.937057 0.873740 0.931443 0.873740 0.937057 0.914138 0.931443 0.914138 0.940987 0.752547 0.940987 0.792945 0.937057 0.792945 0.937057 0.752547 0.940987 0.833343 0.937057 0.833343 0.940987 0.873740 0.937057 0.873740 0.940987 0.914138 0.937057 0.914138 0.946600 0.752547 0.946600 0.792945 0.940987 0.792945 0.940987 0.752547 0.946600 0.833343 0.940987 0.833343 0.946600 0.873740 0.940987 0.873740 0.946600 0.914138 0.940987 0.914138 0.962073 0.752547 0.962073 0.792945 0.958144 0.792945 0.958144 0.752547 0.962073 0.833343 0.958144 0.833343 0.962073 0.873740 0.958144 0.873740 0.962073 0.914138 0.958144 0.914138 0.967687 0.752547 0.967687 0.792945 0.962073 0.792945 0.962073 0.752547 0.967687 0.833343 0.962073 0.833343 0.967687 0.873740 0.962073 0.873740 0.967687 0.914138 0.962073 0.914138 0.971617 0.752547 0.971617 0.792945 0.967687 0.792945 0.967687 0.752547 0.971617 0.833343 0.967687 0.833343 0.971617 0.873740 0.967687 0.873740 
						0.971616 0.914138 0.967687 0.914138 0.977230 0.752547 0.977230 0.792945 0.971617 0.792945 0.971617 0.752547 0.977230 0.833343 0.971617 0.833343 0.977230 0.873740 0.971617 0.873740 0.977230 0.914138 0.971616 0.914138 0.099083 0.869682 0.187012 0.869682 0.187012 0.991163 0.099083 0.991163 0.867752 0.237560 0.888454 0.238444 0.888203 0.244760 0.867599 0.243940 0.845875 0.217953 0.825607 0.220398 0.815644 0.194218 0.836594 0.187843 0.868655 0.217572 0.888726 0.220083 0.889016 0.225858 0.868211 0.224533 0.898272 0.218189 0.899394 0.224153 0.894698 0.228001 0.889016 0.225858 0.888726 0.220083 0.892546 0.216179 0.868211 0.224533 0.889016 0.225858 0.888718 0.232138 0.867944 0.231097 0.867944 0.231097 0.888718 0.232138 0.888454 0.238444 0.867752 0.237560 0.815028 0.225067 0.815734 0.219069 0.821281 0.216681 0.825607 0.220398 0.825496 0.226049 0.819870 0.228678 0.825882 0.232282 0.846479 0.231055 0.846676 0.237499 0.826206 0.238522 0.825496 0.226049 0.846205 0.224501 0.846479 0.231055 0.825882 0.232282 0.825607 0.220398 0.845875 0.217953 0.846205 0.224501 0.825496 0.226049 0.846690 0.210928 0.868005 0.211038 0.868655 0.217572 0.845875 0.217953 
						0.826206 0.238522 0.846676 0.237499 0.846822 0.243847 0.826495 0.244760 0.878394 0.187465 0.896707 0.192425 0.896113 0.194620 0.877799 0.189661 0.814879 0.191706 0.835830 0.185331 0.836594 0.187843 0.815644 0.194218 0.813401 0.195103 0.815644 0.194218 0.846690 0.210928 0.845875 0.217953 0.836594 0.187843 0.839114 0.187112 0.896113 0.194620 0.898290 0.195280 0.868655 0.217572 0.868005 0.211038 0.875460 0.188938 0.877799 0.189661 0.888726 0.220083 0.868655 0.217572 0.877799 0.189661 0.896113 0.194620 0.682169 0.236495 0.702942 0.237280 0.702720 0.243624 0.682026 0.242898 0.660280 0.216772 0.639915 0.219139 0.630031 0.192783 0.651118 0.186481 0.683048 0.216527 0.702731 0.218999 0.703437 0.224639 0.682604 0.223462 0.711972 0.217340 0.712999 0.222861 0.708731 0.226510 0.703437 0.224639 0.702731 0.218999 0.706678 0.215469 0.682604 0.223462 0.703437 0.224639 0.703175 0.230947 0.682351 0.230021 0.682351 0.230021 0.703175 0.230947 0.702942 0.237280 0.682169 0.236495 0.629263 0.223781 0.630000 0.217756 0.635586 0.215383 0.639915 0.219139 0.639778 0.224817 0.634112 0.227432 0.640140 0.231082 0.660833 0.229926 0.661012 0.236397 0.640442 0.237353 
						0.639778 0.224817 0.660580 0.223345 0.660833 0.229926 0.640140 0.231082 0.639915 0.219139 0.660280 0.216772 0.660580 0.223345 0.639778 0.224817 0.661137 0.209725 0.682544 0.209981 0.683048 0.216527 0.660280 0.216772 0.640442 0.237353 0.661012 0.236397 0.661143 0.242776 0.640711 0.243624 0.693596 0.186533 0.712002 0.192097 0.711334 0.194304 0.692929 0.188740 0.629276 0.190255 0.650362 0.183953 0.651118 0.186481 0.630031 0.192783 0.627773 0.193662 0.630031 0.192783 0.661137 0.209725 0.660280 0.216772 0.651118 0.186481 0.653653 0.185760 0.711334 0.194304 0.713457 0.195070 0.683048 0.216527 0.682544 0.209981 0.690595 0.187954 0.692929 0.188740 0.702731 0.218999 0.683048 0.216527 0.692929 0.188740 0.711334 0.194304 0.682169 0.174089 0.702942 0.174874 0.702720 0.181218 0.682026 0.180492 0.660280 0.154366 0.639915 0.156733 0.630031 0.130377 0.651118 0.124075 0.683048 0.154121 0.702731 0.156593 0.703437 0.162233 0.682604 0.161056 0.711972 0.154934 0.712999 0.160455 0.708731 0.164104 0.703437 0.162233 0.702731 0.156593 0.706678 0.153063 0.682604 0.161056 0.703437 0.162233 0.703175 0.168541 0.682351 0.167615 0.682351 0.167615 0.703175 0.168541 
						0.702942 0.174874 0.682169 0.174089 0.629263 0.161375 0.630000 0.155351 0.635587 0.152977 0.639915 0.156733 0.639778 0.162411 0.634112 0.165026 0.640140 0.168676 0.660833 0.167520 0.661013 0.173992 0.640442 0.174947 0.639778 0.162411 0.660580 0.160940 0.660833 0.167520 0.640140 0.168676 0.639915 0.156733 0.660280 0.154366 0.660580 0.160940 0.639778 0.162411 0.661138 0.147319 0.682544 0.147576 0.683048 0.154121 0.660280 0.154366 0.640442 0.174947 0.661013 0.173992 0.661143 0.180370 0.640712 0.181218 0.693596 0.124127 0.712002 0.129691 0.711335 0.131898 0.692929 0.126334 0.629276 0.127849 0.650362 0.121547 0.651118 0.124075 0.630031 0.130377 0.627773 0.131256 0.630031 0.130377 0.661138 0.147319 0.660280 0.154366 0.651118 0.124075 0.653653 0.123354 0.711335 0.131898 0.713457 0.132664 0.683048 0.154121 0.682544 0.147576 0.690596 0.125549 0.692929 0.126334 0.702731 0.156593 0.683048 0.154121 0.692929 0.126334 0.711335 0.131898 0.956524 0.175950 0.977297 0.176736 0.977075 0.183080 0.956381 0.182354 0.934636 0.156227 0.914270 0.158594 0.904387 0.132239 0.925473 0.125937 0.957404 0.155982 0.977086 0.158454 0.977792 0.164095 0.956960 0.162917 
						0.986327 0.156796 0.987354 0.162316 0.983087 0.165966 0.977792 0.164095 0.977086 0.158454 0.981033 0.154925 0.956960 0.162917 0.977792 0.164095 0.977530 0.170402 0.956706 0.169477 0.956706 0.169477 0.977530 0.170402 0.977297 0.176736 0.956524 0.175950 0.903618 0.163237 0.904356 0.157212 0.909942 0.154838 0.914270 0.158594 0.914133 0.164272 0.908467 0.166888 0.914495 0.170537 0.935188 0.169382 0.935368 0.175853 0.914798 0.176809 0.914133 0.164272 0.934936 0.162801 0.935188 0.169382 0.914495 0.170537 0.914270 0.158594 0.934636 0.156227 0.934936 0.162801 0.914133 0.164272 0.935493 0.149181 0.956899 0.149437 0.957404 0.155982 0.934636 0.156227 0.914798 0.176809 0.935368 0.175853 0.935499 0.182231 0.915067 0.183080 0.967951 0.125989 0.986357 0.131552 0.985690 0.133759 0.967284 0.128195 0.903631 0.129710 0.924717 0.123408 0.925473 0.125937 0.904387 0.132239 0.902128 0.133117 0.904387 0.132239 0.935493 0.149181 0.934636 0.156227 0.925473 0.125937 0.928008 0.125216 0.985690 0.133759 0.987812 0.134526 0.957404 0.155982 0.956899 0.149437 0.964951 0.127410 0.967284 0.128195 0.977086 0.158454 0.957404 0.155982 0.967284 0.128195 0.985690 0.133759 
						0.956524 0.113544 0.977297 0.114330 0.977075 0.120674 0.956381 0.119948 0.934636 0.093822 0.914270 0.096189 0.904387 0.069833 0.925473 0.063531 0.957404 0.093577 0.977086 0.096048 0.977792 0.101689 0.956960 0.100511 0.986327 0.094390 0.987354 0.099910 0.983087 0.103560 0.977792 0.101689 0.977086 0.096048 0.981033 0.092519 0.956960 0.100511 0.977792 0.101689 0.977530 0.107996 0.956706 0.107071 0.956706 0.107071 0.977530 0.107996 0.977297 0.114330 0.956524 0.113544 0.903618 0.100831 0.904355 0.094806 0.909942 0.092433 0.914270 0.096189 0.914133 0.101866 0.908467 0.104482 0.914495 0.108132 0.935188 0.106976 0.935368 0.113447 0.914798 0.114403 0.914133 0.101866 0.934936 0.100395 0.935188 0.106976 0.914495 0.108132 0.914270 0.096189 0.934636 0.093822 0.934936 0.100395 0.914133 0.101866 0.935493 0.086775 0.956899 0.087031 0.957404 0.093577 0.934636 0.093822 0.914798 0.114403 0.935368 0.113447 0.935499 0.119825 0.915067 0.120674 0.967951 0.063583 0.986357 0.069147 0.985690 0.071353 0.967284 0.065790 0.903631 0.067305 0.924717 0.061003 0.925473 0.063531 0.904387 0.069833 0.902128 0.070711 0.904387 0.069833 0.935493 0.086775 0.934636 0.093822 
						0.925473 0.063531 0.928008 0.062810 0.985690 0.071353 0.987812 0.072120 0.957404 0.093577 0.956899 0.087031 0.964951 0.065004 0.967284 0.065790 0.977086 0.096048 0.957404 0.093577 0.967284 0.065790 0.985690 0.071353 0.683923 0.108190 0.704625 0.109074 0.704374 0.115390 0.683770 0.114570 0.662047 0.088583 0.641778 0.091027 0.631815 0.064847 0.652765 0.058473 0.684826 0.088202 0.704897 0.090713 0.705188 0.096488 0.684382 0.095163 0.714443 0.088819 0.715565 0.094782 0.710869 0.098631 0.705188 0.096488 0.704897 0.090713 0.708718 0.086809 0.684382 0.095163 0.705188 0.096488 0.704889 0.102768 0.684116 0.101727 0.684116 0.101727 0.704889 0.102768 0.704625 0.109074 0.683923 0.108190 0.631199 0.095697 0.631905 0.089698 0.637453 0.087310 0.641778 0.091027 0.641668 0.096679 0.636041 0.099308 0.642053 0.102912 0.662650 0.101685 0.662847 0.108129 0.642377 0.109152 0.641668 0.096679 0.662376 0.095130 0.662650 0.101685 0.642053 0.102912 0.641778 0.091027 0.662047 0.088583 0.662376 0.095130 0.641668 0.096679 0.662862 0.081558 0.684176 0.081668 0.684826 0.088202 0.662047 0.088583 0.642377 0.109152 0.662847 0.108129 0.662993 0.114477 0.642667 0.115390 
						0.694565 0.058095 0.712878 0.063055 0.712284 0.065250 0.693971 0.060291 0.631050 0.062335 0.652001 0.055961 0.652765 0.058473 0.631815 0.064847 0.629572 0.065733 0.631815 0.064847 0.662862 0.081558 0.662047 0.088583 0.652765 0.058473 0.655285 0.057742 0.712284 0.065250 0.714462 0.065909 0.684826 0.088202 0.684176 0.081668 0.691631 0.059568 0.693971 0.060291 0.704897 0.090713 0.684826 0.088202 0.693971 0.060291 0.712284 0.065250 0.867752 0.113232 0.888454 0.114116 0.888203 0.120432 0.867599 0.119612 0.845875 0.093625 0.825607 0.096069 0.815644 0.069889 0.836594 0.063515 0.868655 0.093244 0.888726 0.095755 0.889016 0.101530 0.868211 0.100205 0.898272 0.093861 0.899394 0.099824 0.894698 0.103673 0.889016 0.101530 0.888726 0.095755 0.892546 0.091851 0.868211 0.100205 0.889016 0.101530 0.888718 0.107810 0.867944 0.106769 0.867944 0.106769 0.888718 0.107810 0.888454 0.114116 0.867752 0.113232 0.815028 0.100739 0.815734 0.094740 0.821281 0.092352 0.825607 0.096069 0.825496 0.101721 0.819870 0.104350 0.825882 0.107954 0.846479 0.106727 0.846676 0.113171 0.826206 0.114194 0.825496 0.101721 0.846205 0.100172 0.846479 0.106727 0.825882 0.107954 
						0.825607 0.096069 0.845875 0.093625 0.846205 0.100172 0.825496 0.101721 0.846690 0.086600 0.868005 0.086710 0.868655 0.093244 0.845875 0.093625 0.826206 0.114194 0.846676 0.113171 0.846822 0.119519 0.826495 0.120432 0.878394 0.063137 0.896707 0.068096 0.896113 0.070292 0.877799 0.065333 0.814879 0.067377 0.835830 0.061003 0.836594 0.063515 0.815644 0.069889 0.813400 0.070775 0.815644 0.069889 0.846690 0.086600 0.845875 0.093625 0.836594 0.063515 0.839114 0.062784 0.896113 0.070292 0.898290 0.070951 0.868655 0.093244 0.868005 0.086710 0.875460 0.064610 0.877799 0.065333 0.888726 0.095755 0.868655 0.093244 0.877799 0.065333 0.896113 0.070292 0.867752 0.175396 0.888454 0.176280 0.888203 0.182596 0.867599 0.181776 0.845875 0.155789 0.825607 0.158233 0.815644 0.132054 0.836594 0.125679 0.868655 0.155408 0.888726 0.157919 0.889016 0.163694 0.868211 0.162369 0.898272 0.156025 0.899394 0.161989 0.894698 0.165837 0.889016 0.163694 0.888726 0.157919 0.892546 0.154015 0.868211 0.162369 0.889016 0.163694 0.888718 0.169974 0.867944 0.168933 0.867944 0.168933 0.888718 0.169974 0.888454 0.176280 0.867752 0.175396 0.815028 0.162903 0.815733 0.156905 
						0.821281 0.154516 0.825607 0.158233 0.825496 0.163885 0.819870 0.166514 0.825882 0.170118 0.846479 0.168891 0.846676 0.175335 0.826206 0.176358 0.825496 0.163885 0.846205 0.162336 0.846479 0.168891 0.825882 0.170118 0.825607 0.158233 0.845875 0.155789 0.846205 0.162336 0.825496 0.163885 0.846690 0.148764 0.868005 0.148874 0.868655 0.155408 0.845875 0.155789 0.826206 0.176358 0.846676 0.175335 0.846822 0.181683 0.826495 0.182596 0.878394 0.125301 0.896707 0.130261 0.896113 0.132456 0.877799 0.127497 0.814879 0.129542 0.835830 0.123167 0.836594 0.125679 0.815644 0.132054 0.813400 0.132939 0.815644 0.132054 0.846690 0.148764 0.845875 0.155789 0.836594 0.125679 0.839114 0.124948 0.896113 0.132456 0.898290 0.133116 0.868655 0.155408 0.868005 0.148874 0.875460 0.126774 0.877799 0.127497 0.888726 0.157919 0.868655 0.155408 0.877799 0.127497 0.896113 0.132456 0.772695 0.109227 0.793469 0.110013 0.793246 0.116357 0.772553 0.115631 0.750807 0.089505 0.730441 0.091872 0.720558 0.065516 0.741644 0.059214 0.773575 0.089260 0.793258 0.091732 0.793963 0.097372 0.773131 0.096194 0.802499 0.090073 0.803525 0.095593 0.799258 0.099243 0.793963 0.097372 
						0.793258 0.091732 0.797204 0.088202 0.773131 0.096194 0.793963 0.097372 0.793701 0.103680 0.772877 0.102754 0.772877 0.102754 0.793701 0.103680 0.793469 0.110013 0.772695 0.109227 0.719789 0.096514 0.720527 0.090489 0.726113 0.088116 0.730441 0.091872 0.730304 0.097549 0.724638 0.100165 0.730666 0.103815 0.751359 0.102659 0.751539 0.109130 0.730969 0.110086 0.730304 0.097549 0.751107 0.096078 0.751359 0.102659 0.730666 0.103815 0.730441 0.091872 0.750807 0.089505 0.751107 0.096078 0.730304 0.097549 0.751664 0.082458 0.773071 0.082714 0.773575 0.089260 0.750807 0.089505 0.730969 0.110086 0.751539 0.109130 0.751670 0.115508 0.731238 0.116357 0.784122 0.059266 0.802528 0.064830 0.801861 0.067037 0.783455 0.061473 0.719802 0.062988 0.740889 0.056686 0.741644 0.059214 0.720558 0.065516 0.718300 0.066394 0.720558 0.065516 0.751664 0.082458 0.750807 0.089505 0.741644 0.059214 0.744179 0.058493 0.801861 0.067037 0.803983 0.067803 0.773575 0.089260 0.773071 0.082714 0.781122 0.060687 0.783455 0.061473 0.793258 0.091732 0.773575 0.089260 0.783455 0.061473 0.801861 0.067037 0.773975 0.171824 0.794748 0.172609 0.794526 0.178953 0.773832 0.178227 
						0.752087 0.152101 0.731721 0.154468 0.721838 0.128112 0.742924 0.121810 0.774855 0.151856 0.794538 0.154328 0.795243 0.159968 0.774411 0.158791 0.803778 0.152669 0.804805 0.158190 0.800538 0.161839 0.795243 0.159968 0.794538 0.154328 0.798484 0.150798 0.774411 0.158791 0.795243 0.159968 0.794981 0.166276 0.774158 0.165350 0.774158 0.165350 0.794981 0.166276 0.794748 0.172609 0.773975 0.171824 0.721069 0.159110 0.721807 0.153086 0.727393 0.150712 0.731721 0.154468 0.731584 0.160146 0.725918 0.162761 0.731946 0.166411 0.752639 0.165255 0.752819 0.171727 0.732249 0.172682 0.731584 0.160146 0.752387 0.158674 0.752639 0.165255 0.731946 0.166411 0.731721 0.154468 0.752087 0.152101 0.752387 0.158674 0.731584 0.160146 0.752944 0.145054 0.774350 0.145311 0.774855 0.151856 0.752087 0.152101 0.732249 0.172682 0.752819 0.171727 0.752950 0.178105 0.732518 0.178953 0.785402 0.121862 0.803808 0.127426 0.803141 0.129633 0.784735 0.124069 0.721082 0.125584 0.742168 0.119282 0.742924 0.121810 0.721838 0.128112 0.719580 0.128991 0.721838 0.128112 0.752944 0.145054 0.752087 0.152101 0.742924 0.121810 0.745459 0.121089 0.803141 0.129633 0.805263 0.130399 
						0.774855 0.151856 0.774350 0.145311 0.782402 0.123283 0.784735 0.124069 0.794538 0.154328 0.774855 0.151856 0.784735 0.124069 0.803141 0.129633 0.773975 0.234229 0.794748 0.235015 0.794526 0.241359 0.773832 0.240633 0.752087 0.214507 0.731721 0.216874 0.721838 0.190518 0.742924 0.184216 0.774855 0.214262 0.794538 0.216734 0.795243 0.222374 0.774411 0.221196 0.803778 0.215075 0.804805 0.220595 0.800538 0.224245 0.795243 0.222374 0.794538 0.216734 0.798484 0.213204 0.774411 0.221196 0.795243 0.222374 0.794981 0.228682 0.774157 0.227756 0.774157 0.227756 0.794981 0.228682 0.794748 0.235015 0.773975 0.234229 0.721069 0.221516 0.721807 0.215491 0.727393 0.213118 0.731721 0.216874 0.731584 0.222551 0.725918 0.225167 0.731946 0.228817 0.752639 0.227661 0.752819 0.234132 0.732249 0.235088 0.731584 0.222551 0.752387 0.221080 0.752639 0.227661 0.731946 0.228817 0.731721 0.216874 0.752087 0.214507 0.752387 0.221080 0.731584 0.222551 0.752944 0.207460 0.774350 0.207716 0.774855 0.214262 0.752087 0.214507 0.732249 0.235088 0.752819 0.234132 0.752950 0.240510 0.732518 0.241359 0.785402 0.184268 0.803808 0.189832 0.803141 0.192039 0.784735 0.186475 
						0.721082 0.187990 0.742168 0.181688 0.742924 0.184216 0.721838 0.190518 0.719580 0.191396 0.721838 0.190518 0.752944 0.207460 0.752087 0.214507 0.742924 0.184216 0.745459 0.183495 0.803141 0.192039 0.805263 0.192805 0.774855 0.214262 0.774350 0.207716 0.782402 0.185689 0.784735 0.186475 0.794538 0.216734 0.774855 0.214262 0.784735 0.186475 0.803141 0.192039 0.956524 0.238356 0.977297 0.239142 0.977075 0.245486 0.956381 0.244760 0.934636 0.218633 0.914270 0.221000 0.904387 0.194644 0.925473 0.188342 0.957404 0.218388 0.977086 0.220860 0.977792 0.226500 0.956960 0.225323 0.986327 0.219201 0.987354 0.224722 0.983087 0.228371 0.977792 0.226500 0.977086 0.220860 0.981033 0.217330 0.956960 0.225323 0.977792 0.226500 0.977530 0.232808 0.956706 0.231882 0.956706 0.231882 0.977530 0.232808 0.977297 0.239142 0.956524 0.238356 0.903618 0.225643 0.904356 0.219618 0.909942 0.217244 0.914270 0.221000 0.914133 0.226678 0.908467 0.229293 0.914495 0.232943 0.935188 0.231788 0.935368 0.238259 0.914798 0.239215 0.914133 0.226678 0.934936 0.225207 0.935188 0.231788 0.914495 0.232943 0.914270 0.221000 0.934636 0.218633 0.934936 0.225207 0.914133 0.226678 
						0.935493 0.211586 0.956899 0.211843 0.957404 0.218388 0.934636 0.218633 0.914798 0.239215 0.935368 0.238259 0.935499 0.244637 0.915067 0.245486 0.967951 0.188394 0.986357 0.193958 0.985690 0.196165 0.967284 0.190601 0.903631 0.192116 0.924717 0.185814 0.925473 0.188342 0.904387 0.194644 0.902128 0.195523 0.904387 0.194644 0.935493 0.211586 0.934636 0.218633 0.925473 0.188342 0.928008 0.187622 0.985690 0.196165 0.987812 0.196932 0.957404 0.218388 0.956899 0.211843 0.964951 0.189816 0.967284 0.190601 0.977086 0.220860 0.957404 0.218388 0.967284 0.190601 0.985690 0.196165 0.278667 0.134159 0.366595 0.134159 0.366595 0.255640 0.278667 0.255640 0.278667 0.626719 0.366595 0.626719 0.366595 0.748200 0.278667 0.748200 0.099083 0.134159 0.187012 0.134159 0.187012 0.255640 0.099083 0.255640 0.099083 0.626719 0.187012 0.626719 0.187012 0.748200 0.099083 0.748200 0.011155 0.626719 0.011155 0.748200 0.011155 0.869682 0.011155 0.991163 0.011155 0.255641 0.011155 0.377122 0.011155 0.134159 0.011155 0.498603 0.190738 0.748200 0.190738 0.869682 0.190738 0.626719 0.190738 0.991163 0.190738 0.255640 0.190738 0.377122 0.190738 0.134159 0.190738 0.498603 
						0.190738 0.073418 0.278667 0.073418 0.366595 0.073418 0.190738 0.565978 0.278667 0.565978 0.366595 0.565978 0.011155 0.073418 0.099083 0.073418 0.187012 0.073418 0.011155 0.565978 0.099083 0.565978 0.187012 0.565978 0.099083 0.505237 0.187012 0.505237 0.011155 0.505237 0.099083 0.012677 0.187012 0.012677 0.011155 0.012678 0.278667 0.505237 0.366595 0.505237 0.190738 0.505237 0.278667 0.012677 0.366595 0.012677 0.190738 0.012677 
					</float_array>
					<technique_common>
						<accessor count="3544" offset="0" source="#meshId0-tex0-array" stride="2">
							<param name="S" type="float" />
							<param name="T" type="float" />
						</accessor>
					</technique_common>
				</source>
				<vertices id="meshId0-vertices">
					<input semantic="POSITION" source="#meshId0-positions" />
				</vertices>
				<polylist count="2888" material="defaultMaterial">
					<input offset="0" semantic="VERTEX" source="#meshId0-vertices" />
					<input offset="0" semantic="NORMAL" source="#meshId0-normals" />
					<input offset="0" semantic="TANGENT" source="#meshId0-tangents" />
					<input offset="0" semantic="BINORMAL" source="#meshId0-bitangents" />
					<input offset="0" semantic="TEXCOORD" source="#meshId0-tex0" set="0" />
					<vcount>
						3 3 3 3 3 3 3 3 3 3 3 3 3 3 3 3 3 3 3 3 3 3 3 3 3 3 3 3 3 3 3 3 3 3 3 3 3 3 3 3 3 3 3 3 3 3 3 3 3 3 3 3 3 3 3 3 3 3 3 3 3 3 3 3 
						3 3 3 3 3 3 3 3 3 3 3 3 3 3 3 3 3 3 3 3 3 3 3 3 3 3 3 3 3 3 3 3 3 3 3 3 3 3 3 3 3 3 3 3 3 3 3 3 3 3 3 3 3 3 3 3 3 3 3 3 3 3 3 3 
						3 3 3 3 3 3 3 3 3 3 3 3 3 3 3 3 3 3 3 3 3 3 3 3 3 3 3 3 3 3 3 3 3 3 3 3 3 3 3 3 3 3 3 3 3 3 3 3 3 3 3 3 3 3 3 3 3 3 3 3 3 3 3 3 
						3 3 3 3 3 3 3 3 3 3 3 3 3 3 3 3 3 3 3 3 3 3 3 3 3 3 3 3 3 3 3 3 3 3 3 3 3 3 3 3 3 3 3 3 3 3 3 3 3 3 3 3 3 3 3 3 3 3 3 3 3 3 3 3 
						3 3 3 3 3 3 3 3 3 3 3 3 3 3 3 3 3 3 3 3 3 3 3 3 3 3 3 3 3 3 3 3 3 3 3 3 3 3 3 3 3 3 3 3 3 3 3 3 3 3 3 3 3 3 3 3 3 3 3 3 3 3 3 3 
						3 3 3 3 3 3 3 3 3 3 3 3 3 3 3 3 3 3 3 3 3 3 3 3 3 3 3 3 3 3 3 3 3 3 3 3 3 3 3 3 3 3 3 3 3 3 3 3 3 3 3 3 3 3 3 3 3 3 3 3 3 3 3 3 
						3 3 3 3 3 3 3 3 3 3 3 3 3 3 3 3 3 3 3 3 3 3 3 3 3 3 3 3 3 3 3 3 3 3 3 3 3 3 3 3 3 3 3 3 3 3 3 3 3 3 3 3 3 3 3 3 3 3 3 3 3 3 3 3 
						3 3 3 3 3 3 3 3 3 3 3 3 3 3 3 3 3 3 3 3 3 3 3 3 3 3 3 3 3 3 3 3 3 3 3 3 3 3 3 3 3 3 3 3 3 3 3 3 3 3 3 3 3 3 3 3 3 3 3 3 3 3 3 3 
						3 3 3 3 3 3 3 3 3 3 3 3 3 3 3 3 3 3 3 3 3 3 3 3 3 3 3 3 3 3 3 3 3 3 3 3 3 3 3 3 3 3 3 3 3 3 3 3 3 3 3 3 3 3 3 3 3 3 3 3 3 3 3 3 
						3 3 3 3 3 3 3 3 3 3 3 3 3 3 3 3 3 3 3 3 3 3 3 3 3 3 3 3 3 3 3 3 3 3 3 3 3 3 3 3 3 3 3 3 3 3 3 3 3 3 3 3 3 3 3 3 3 3 3 3 3 3 3 3 
						3 3 3 3 3 3 3 3 3 3 3 3 3 3 3 3 3 3 3 3 3 3 3 3 3 3 3 3 3 3 3 3 3 3 3 3 3 3 3 3 3 3 3 3 3 3 3 3 3 3 3 3 3 3 3 3 3 3 3 3 3 3 3 3 
						3 3 3 3 3 3 3 3 3 3 3 3 3 3 3 3 3 3 3 3 3 3 3 3 3 3 3 3 3 3 3 3 3 3 3 3 3 3 3 3 3 3 3 3 3 3 3 3 3 3 3 3 3 3 3 3 3 3 3 3 3 3 3 3 
						3 3 3 3 3 3 3 3 3 3 3 3 3 3 3 3 3 3 3 3 3 3 3 3 3 3 3 3 3 3 3 3 3 3 3 3 3 3 3 3 3 3 3 3 3 3 3 3 3 3 3 3 3 3 3 3 3 3 3 3 3 3 3 3 
						3 3 3 3 3 3 3 3 3 3 3 3 3 3 3 3 3 3 3 3 3 3 3 3 3 3 3 3 3 3 3 3 3 3 3 3 3 3 3 3 3 3 3 3 3 3 3 3 3 3 3 3 3 3 3 3 3 3 3 3 3 3 3 3 
						3 3 3 3 3 3 3 3 3 3 3 3 3 3 3 3 3 3 3 3 3 3 3 3 3 3 3 3 3 3 3 3 3 3 3 3 3 3 3 3 3 3 3 3 3 3 3 3 3 3 3 3 3 3 3 3 3 3 3 3 3 3 3 3 
						3 3 3 3 3 3 3 3 3 3 3 3 3 3 3 3 3 3 3 3 3 3 3 3 3 3 3 3 3 3 3 3 3 3 3 3 3 3 3 3 3 3 3 3 3 3 3 3 3 3 3 3 3 3 3 3 3 3 3 3 3 3 3 3 
						3 3 3 3 3 3 3 3 3 3 3 3 3 3 3 3 3 3 3 3 3 3 3 3 3 3 3 3 3 3 3 3 3 3 3 3 3 3 3 3 3 3 3 3 3 3 3 3 3 3 3 3 3 3 3 3 3 3 3 3 3 3 3 3 
						3 3 3 3 3 3 3 3 3 3 3 3 3 3 3 3 3 3 3 3 3 3 3 3 3 3 3 3 3 3 3 3 3 3 3 3 3 3 3 3 3 3 3 3 3 3 3 3 3 3 3 3 3 3 3 3 3 3 3 3 3 3 3 3 
						3 3 3 3 3 3 3 3 3 3 3 3 3 3 3 3 3 3 3 3 3 3 3 3 3 3 3 3 3 3 3 3 3 3 3 3 3 3 3 3 3 3 3 3 3 3 3 3 3 3 3 3 3 3 3 3 3 3 3 3 3 3 3 3 
						3 3 3 3 3 3 3 3 3 3 3 3 3 3 3 3 3 3 3 3 3 3 3 3 3 3 3 3 3 3 3 3 3 3 3 3 3 3 3 3 3 3 3 3 3 3 3 3 3 3 3 3 3 3 3 3 3 3 3 3 3 3 3 3 
						3 3 3 3 3 3 3 3 3 3 3 3 3 3 3 3 3 3 3 3 3 3 3 3 3 3 3 3 3 3 3 3 3 3 3 3 3 3 3 3 3 3 3 3 3 3 3 3 3 3 3 3 3 3 3 3 3 3 3 3 3 3 3 3 
						3 3 3 3 3 3 3 3 3 3 3 3 3 3 3 3 3 3 3 3 3 3 3 3 3 3 3 3 3 3 3 3 3 3 3 3 3 3 3 3 3 3 3 3 3 3 3 3 3 3 3 3 3 3 3 3 3 3 3 3 3 3 3 3 
						3 3 3 3 3 3 3 3 3 3 3 3 3 3 3 3 3 3 3 3 3 3 3 3 3 3 3 3 3 3 3 3 3 3 3 3 3 3 3 3 3 3 3 3 3 3 3 3 3 3 3 3 3 3 3 3 3 3 3 3 3 3 3 3 
						3 3 3 3 3 3 3 3 3 3 3 3 3 3 3 3 3 3 3 3 3 3 3 3 3 3 3 3 3 3 3 3 3 3 3 3 3 3 3 3 3 3 3 3 3 3 3 3 3 3 3 3 3 3 3 3 3 3 3 3 3 3 3 3 
						3 3 3 3 3 3 3 3 3 3 3 3 3 3 3 3 3 3 3 3 3 3 3 3 3 3 3 3 3 3 3 3 3 3 3 3 3 3 3 3 3 3 3 3 3 3 3 3 3 3 3 3 3 3 3 3 3 3 3 3 3 3 3 3 
						3 3 3 3 3 3 3 3 3 3 3 3 3 3 3 3 3 3 3 3 3 3 3 3 3 3 3 3 3 3 3 3 3 3 3 3 3 3 3 3 3 3 3 3 3 3 3 3 3 3 3 3 3 3 3 3 3 3 3 3 3 3 3 3 
						3 3 3 3 3 3 3 3 3 3 3 3 3 3 3 3 3 3 3 3 3 3 3 3 3 3 3 3 3 3 3 3 3 3 3 3 3 3 3 3 3 3 3 3 3 3 3 3 3 3 3 3 3 3 3 3 3 3 3 3 3 3 3 3 
						3 3 3 3 3 3 3 3 3 3 3 3 3 3 3 3 3 3 3 3 3 3 3 3 3 3 3 3 3 3 3 3 3 3 3 3 3 3 3 3 3 3 3 3 3 3 3 3 3 3 3 3 3 3 3 3 3 3 3 3 3 3 3 3 
						3 3 3 3 3 3 3 3 3 3 3 3 3 3 3 3 3 3 3 3 3 3 3 3 3 3 3 3 3 3 3 3 3 3 3 3 3 3 3 3 3 3 3 3 3 3 3 3 3 3 3 3 3 3 3 3 3 3 3 3 3 3 3 3 
						3 3 3 3 3 3 3 3 3 3 3 3 3 3 3 3 3 3 3 3 3 3 3 3 3 3 3 3 3 3 3 3 3 3 3 3 3 3 3 3 3 3 3 3 3 3 3 3 3 3 3 3 3 3 3 3 3 3 3 3 3 3 3 3 
						3 3 3 3 3 3 3 3 3 3 3 3 3 3 3 3 3 3 3 3 3 3 3 3 3 3 3 3 3 3 3 3 3 3 3 3 3 3 3 3 3 3 3 3 3 3 3 3 3 3 3 3 3 3 3 3 3 3 3 3 3 3 3 3 
						3 3 3 3 3 3 3 3 3 3 3 3 3 3 3 3 3 3 3 3 3 3 3 3 3 3 3 3 3 3 3 3 3 3 3 3 3 3 3 3 3 3 3 3 3 3 3 3 3 3 3 3 3 3 3 3 3 3 3 3 3 3 3 3 
						3 3 3 3 3 3 3 3 3 3 3 3 3 3 3 3 3 3 3 3 3 3 3 3 3 3 3 3 3 3 3 3 3 3 3 3 3 3 3 3 3 3 3 3 3 3 3 3 3 3 3 3 3 3 3 3 3 3 3 3 3 3 3 3 
						3 3 3 3 3 3 3 3 3 3 3 3 3 3 3 3 3 3 3 3 3 3 3 3 3 3 3 3 3 3 3 3 3 3 3 3 3 3 3 3 3 3 3 3 3 3 3 3 3 3 3 3 3 3 3 3 3 3 3 3 3 3 3 3 
						3 3 3 3 3 3 3 3 3 3 3 3 3 3 3 3 3 3 3 3 3 3 3 3 3 3 3 3 3 3 3 3 3 3 3 3 3 3 3 3 3 3 3 3 3 3 3 3 3 3 3 3 3 3 3 3 3 3 3 3 3 3 3 3 
						3 3 3 3 3 3 3 3 3 3 3 3 3 3 3 3 3 3 3 3 3 3 3 3 3 3 3 3 3 3 3 3 3 3 3 3 3 3 3 3 3 3 3 3 3 3 3 3 3 3 3 3 3 3 3 3 3 3 3 3 3 3 3 3 
						3 3 3 3 3 3 3 3 3 3 3 3 3 3 3 3 3 3 3 3 3 3 3 3 3 3 3 3 3 3 3 3 3 3 3 3 3 3 3 3 3 3 3 3 3 3 3 3 3 3 3 3 3 3 3 3 3 3 3 3 3 3 3 3 
						3 3 3 3 3 3 3 3 3 3 3 3 3 3 3 3 3 3 3 3 3 3 3 3 3 3 3 3 3 3 3 3 3 3 3 3 3 3 3 3 3 3 3 3 3 3 3 3 3 3 3 3 3 3 3 3 3 3 3 3 3 3 3 3 
						3 3 3 3 3 3 3 3 3 3 3 3 3 3 3 3 3 3 3 3 3 3 3 3 3 3 3 3 3 3 3 3 3 3 3 3 3 3 3 3 3 3 3 3 3 3 3 3 3 3 3 3 3 3 3 3 3 3 3 3 3 3 3 3 
						3 3 3 3 3 3 3 3 3 3 3 3 3 3 3 3 3 3 3 3 3 3 3 3 3 3 3 3 3 3 3 3 3 3 3 3 3 3 3 3 3 3 3 3 3 3 3 3 3 3 3 3 3 3 3 3 3 3 3 3 3 3 3 3 
						3 3 3 3 3 3 3 3 3 3 3 3 3 3 3 3 3 3 3 3 3 3 3 3 3 3 3 3 3 3 3 3 3 3 3 3 3 3 3 3 3 3 3 3 3 3 3 3 3 3 3 3 3 3 3 3 3 3 3 3 3 3 3 3 
						3 3 3 3 3 3 3 3 3 3 3 3 3 3 3 3 3 3 3 3 3 3 3 3 3 3 3 3 3 3 3 3 3 3 3 3 3 3 3 3 3 3 3 3 3 3 3 3 3 3 3 3 3 3 3 3 3 3 3 3 3 3 3 3 
						3 3 3 3 3 3 3 3 3 3 3 3 3 3 3 3 3 3 3 3 3 3 3 3 3 3 3 3 3 3 3 3 3 3 3 3 3 3 3 3 3 3 3 3 3 3 3 3 3 3 3 3 3 3 3 3 3 3 3 3 3 3 3 3 
						3 3 3 3 3 3 3 3 3 3 3 3 3 3 3 3 3 3 3 3 3 3 3 3 3 3 3 3 3 3 3 3 3 3 3 3 3 3 3 3 3 3 3 3 3 3 3 3 3 3 3 3 3 3 3 3 3 3 3 3 3 3 3 3 
						3 3 3 3 3 3 3 3 3 3 3 3 3 3 3 3 3 3 3 3 3 3 3 3 3 3 3 3 3 3 3 3 3 3 3 3 3 3 3 3 3 3 3 3 3 3 3 3 3 3 3 3 3 3 3 3 3 3 3 3 3 3 3 3 
						3 3 3 3 3 3 3 3 
					</vcount>
					<p>
						3 0 1 1 2 3 7 4 5 5 6 7 11 8 9 9 10 11 15 12 13 13 14 15 19 16 17 17 18 19 18 17 20 20 21 18 21 20 22 22 23 21 23 22 24 24 25 23 25 24 26 26 27 25 27 26 12 12 15 27 31 28 29 29 30 31 30 29 32 32 33 30 33 32 34 34 35 33 35 34 36 36 37 35 37 36 38 38 39 37 39 38 8 8 11 39 43 40 41 41 42 43 42 41 44 44 45 42 45 44 46 46 47 45 47 46 48 48 49 47 49 48 50 50 51 49 51 50 4 4 7 51 55 52 53 53 54 55 54 53 56 56 57 54 57 56 58 58 59 57 59 58 60 60 61 59 61 60 62 62 63 61 63 62 0 0 3 63 67 64 65 65 66 67 71 68 69 69 70 71 75 72 73 73 74 75 79 76 77 77 78 79 
						83 80 81 81 82 83 82 81 84 84 85 82 85 84 86 86 87 85 87 86 88 88 89 87 89 88 90 90 91 89 91 90 76 76 79 91 95 92 93 93 94 95 94 93 96 96 97 94 97 96 98 98 99 97 99 98 100 100 101 99 101 100 102 102 103 101 103 102 72 72 75 103 107 104 105 105 106 107 106 105 108 108 109 106 109 108 110 110 111 109 111 110 112 112 113 111 113 112 114 114 115 113 115 114 68 68 71 115 119 116 117 117 118 119 118 117 120 120 121 118 121 120 122 122 123 121 123 122 124 124 125 123 125 124 126 126 127 125 127 126 64 64 67 127 131 128 129 129 130 131 135 132 133 133 134 135 139 136 137 137 138 139 143 140 141 141 142 143 147 144 145 145 146 147 146 145 148 148 149 146 149 148 150 150 151 149 151 150 152 152 153 151 
						153 152 154 154 155 153 155 154 140 140 143 155 159 156 157 157 158 159 158 157 160 160 161 158 161 160 162 162 163 161 163 162 164 164 165 163 165 164 166 166 167 165 167 166 136 136 139 167 171 168 169 169 170 171 170 169 172 172 173 170 173 172 174 174 175 173 175 174 176 176 177 175 177 176 178 178 179 177 179 178 132 132 135 179 183 180 181 181 182 183 182 181 184 184 185 182 185 184 186 186 187 185 187 186 188 188 189 187 189 188 190 190 191 189 191 190 128 128 131 191 195 192 193 193 194 195 199 196 197 197 198 199 203 200 201 201 202 203 207 204 205 205 206 207 211 208 209 209 210 211 210 209 212 212 213 210 213 212 214 214 215 213 215 214 216 216 217 215 217 216 218 218 219 217 219 218 204 204 207 219 223 220 221 221 222 223 222 221 224 224 225 222 
						225 224 226 226 227 225 227 226 228 228 229 227 229 228 230 230 231 229 231 230 200 200 203 231 235 232 233 233 234 235 234 233 236 236 237 234 237 236 238 238 239 237 239 238 240 240 241 239 241 240 242 242 243 241 243 242 196 196 199 243 247 244 245 245 246 247 246 245 248 248 249 246 249 248 250 250 251 249 251 250 252 252 253 251 253 252 254 254 255 253 255 254 192 192 195 255 259 256 257 257 258 259 263 260 261 261 262 263 267 264 265 265 266 267 271 268 269 269 270 271 275 272 273 273 274 275 274 273 276 276 277 274 277 276 278 278 279 277 279 278 280 280 281 279 281 280 282 282 283 281 283 282 268 268 271 283 287 284 285 285 286 287 286 285 288 288 289 286 289 288 290 290 291 289 291 290 292 292 293 291 293 292 294 294 295 293 295 294 264 264 267 295 
						299 296 297 297 298 299 298 297 300 300 301 298 301 300 302 302 303 301 303 302 304 304 305 303 305 304 306 306 307 305 307 306 260 260 263 307 311 308 309 309 310 311 310 309 312 312 313 310 313 312 314 314 315 313 315 314 316 316 317 315 317 316 318 318 319 317 319 318 256 256 259 319 323 320 321 321 322 323 327 324 325 325 326 327 331 328 329 329 330 331 335 332 333 333 334 335 339 336 337 337 338 339 338 337 340 340 341 338 341 340 342 342 343 341 343 342 344 344 345 343 345 344 346 346 347 345 347 346 332 332 335 347 351 348 349 349 350 351 350 349 352 352 353 350 353 352 354 354 355 353 355 354 356 356 357 355 357 356 358 358 359 357 359 358 328 328 331 359 363 360 361 361 362 363 362 361 364 364 365 362 365 364 366 366 367 365 367 366 368 368 369 367 
						369 368 370 370 371 369 371 370 324 324 327 371 375 372 373 373 374 375 374 373 376 376 377 374 377 376 378 378 379 377 379 378 380 380 381 379 381 380 382 382 383 381 383 382 320 320 323 383 387 384 385 385 386 387 391 388 389 389 390 391 395 392 393 393 394 395 399 396 397 397 398 399 403 400 401 401 402 403 407 404 405 405 406 407 411 408 409 409 410 411 410 409 412 412 413 410 413 412 414 414 415 413 415 414 416 416 417 415 417 416 418 418 419 417 419 418 396 396 399 419 423 420 421 421 422 423 422 421 424 424 425 422 425 424 426 426 427 425 427 426 428 428 429 427 429 428 430 430 431 429 431 430 392 392 395 431 435 432 433 433 434 435 434 433 436 436 437 434 437 436 438 438 439 437 439 438 440 440 441 439 441 440 442 442 443 441 443 442 388 388 391 443 
						447 444 445 445 446 447 446 445 448 448 449 446 449 448 450 450 451 449 451 450 452 452 453 451 453 452 454 454 455 453 455 454 384 384 387 455 459 456 457 457 458 459 463 460 461 461 462 463 467 464 465 465 466 467 471 468 469 469 470 471 475 472 473 473 474 475 479 476 477 477 478 479 483 480 481 481 482 483 482 481 484 484 485 482 485 484 486 486 487 485 487 486 488 488 489 487 489 488 490 490 491 489 491 490 468 468 471 491 495 492 493 493 494 495 494 493 496 496 497 494 497 496 498 498 499 497 499 498 500 500 501 499 501 500 502 502 503 501 503 502 464 464 467 503 507 504 505 505 506 507 506 505 508 508 509 506 509 508 510 510 511 509 511 510 512 512 513 511 513 512 514 514 515 513 515 514 460 460 463 515 519 516 517 517 518 519 518 517 520 520 521 518 
						521 520 522 522 523 521 523 522 524 524 525 523 525 524 526 526 527 525 527 526 456 456 459 527 531 528 529 529 530 531 535 532 533 533 534 535 539 536 537 537 538 539 543 540 541 541 542 543 547 544 545 545 546 547 551 548 549 549 550 551 555 552 553 553 554 555 559 556 557 557 558 559 563 560 561 561 562 563 562 561 564 564 565 562 565 564 566 566 567 565 567 566 568 568 569 567 569 568 556 556 559 569 573 570 571 571 572 573 572 571 574 574 575 572 575 574 576 576 577 575 577 576 578 578 579 577 579 578 552 552 555 579 583 580 581 581 582 583 582 581 584 584 585 582 585 584 586 586 587 585 587 586 588 588 589 587 589 588 548 548 551 589 593 590 591 591 592 593 592 591 594 594 595 592 595 594 596 596 597 595 597 596 598 598 599 597 599 598 544 544 547 599 
						603 600 601 601 602 603 602 601 604 604 605 602 605 604 606 606 607 605 607 606 608 608 609 607 609 608 540 540 543 609 613 610 611 611 612 613 612 611 614 614 615 612 615 614 616 616 617 615 617 616 618 618 619 617 619 618 536 536 539 619 623 620 621 621 622 623 622 621 624 624 625 622 625 624 626 626 627 625 627 626 628 628 629 627 629 628 532 532 535 629 633 630 631 631 632 633 632 631 634 634 635 632 635 634 636 636 637 635 637 636 638 638 639 637 639 638 528 528 531 639 643 640 641 641 642 643 647 644 645 645 646 647 651 648 649 649 650 651 655 652 653 653 654 655 659 656 657 657 658 659 663 660 661 661 662 663 662 661 664 664 665 662 665 664 666 666 667 665 667 666 668 668 669 667 669 668 670 670 671 669 671 670 656 656 659 671 675 672 673 673 674 675 
						674 673 676 676 677 674 677 676 678 678 679 677 679 678 680 680 681 679 681 680 682 682 683 681 683 682 652 652 655 683 687 684 685 685 686 687 686 685 688 688 689 686 689 688 690 690 691 689 691 690 692 692 693 691 693 692 694 694 695 693 695 694 648 648 651 695 699 696 697 697 698 699 698 697 700 700 701 698 701 700 702 702 703 701 703 702 704 704 705 703 705 704 706 706 707 705 707 706 644 644 647 707 711 708 709 709 710 711 715 712 713 713 714 715 719 716 717 717 718 719 723 720 721 721 722 723 727 724 725 725 726 727 726 725 728 728 729 726 729 728 730 730 731 729 731 730 732 732 733 731 733 732 734 734 735 733 735 734 720 720 723 735 739 736 737 737 738 739 738 737 740 740 741 738 741 740 742 742 743 741 743 742 744 744 745 743 745 744 746 746 747 745 
						747 746 716 716 719 747 751 748 749 749 750 751 750 749 752 752 753 750 753 752 754 754 755 753 755 754 756 756 757 755 757 756 758 758 759 757 759 758 712 712 715 759 763 760 761 761 762 763 762 761 764 764 765 762 765 764 766 766 767 765 767 766 768 768 769 767 769 768 770 770 771 769 771 770 708 708 711 771 775 772 773 773 774 775 779 776 777 777 778 779 783 780 781 781 782 783 787 784 785 785 786 787 791 788 789 789 790 791 790 789 792 792 793 790 793 792 794 794 795 793 795 794 796 796 797 795 797 796 798 798 799 797 799 798 784 784 787 799 803 800 801 801 802 803 802 801 804 804 805 802 805 804 806 806 807 805 807 806 808 808 809 807 809 808 810 810 811 809 811 810 780 780 783 811 815 812 813 813 814 815 814 813 816 816 817 814 817 816 818 818 819 817 
						819 818 820 820 821 819 821 820 822 822 823 821 823 822 776 776 779 823 827 824 825 825 826 827 826 825 828 828 829 826 829 828 830 830 831 829 831 830 832 832 833 831 833 832 834 834 835 833 835 834 772 772 775 835 839 836 837 837 838 839 843 840 841 841 842 843 847 844 845 845 846 847 851 848 849 849 850 851 855 852 853 853 854 855 854 853 856 856 857 854 857 856 858 858 859 857 859 858 860 860 861 859 861 860 862 862 863 861 863 862 848 848 851 863 867 864 865 865 866 867 866 865 868 868 869 866 869 868 870 870 871 869 871 870 872 872 873 871 873 872 874 874 875 873 875 874 844 844 847 875 879 876 877 877 878 879 878 877 880 880 881 878 881 880 882 882 883 881 883 882 884 884 885 883 885 884 886 886 887 885 887 886 840 840 843 887 891 888 889 889 890 891 
						890 889 892 892 893 890 893 892 894 894 895 893 895 894 896 896 897 895 897 896 898 898 899 897 899 898 836 836 839 899 903 900 901 901 902 903 907 904 905 905 906 907 911 908 909 909 910 911 915 912 913 913 914 915 919 916 917 917 918 919 918 917 920 920 921 918 921 920 922 922 923 921 923 922 924 924 925 923 925 924 926 926 927 925 927 926 912 912 915 927 931 928 929 929 930 931 930 929 932 932 933 930 933 932 934 934 935 933 935 934 936 936 937 935 937 936 938 938 939 937 939 938 908 908 911 939 943 940 941 941 942 943 942 941 944 944 945 942 945 944 946 946 947 945 947 946 948 948 949 947 949 948 950 950 951 949 951 950 904 904 907 951 955 952 953 953 954 955 954 953 956 956 957 954 957 956 958 958 959 957 959 958 960 960 961 959 961 960 962 962 963 961 
						963 962 900 900 903 963 967 964 965 965 966 967 971 968 969 969 970 971 975 972 973 973 974 975 979 976 977 977 978 979 983 980 981 981 982 983 982 981 984 984 985 982 985 984 986 986 987 985 987 986 988 988 989 987 989 988 990 990 991 989 991 990 976 976 979 991 995 992 993 993 994 995 994 993 996 996 997 994 997 996 998 998 999 997 999 998 1000 1000 1001 999 1001 1000 1002 1002 1003 1001 1003 1002 972 972 975 1003 1007 1004 1005 1005 1006 1007 1006 1005 1008 1008 1009 1006 1009 1008 1010 1010 1011 1009 1011 1010 1012 1012 1013 1011 1013 1012 1014 1014 1015 1013 1015 1014 968 968 971 1015 1019 1016 1017 1017 1018 1019 1018 1017 1020 1020 1021 1018 1021 1020 1022 1022 1023 1021 1023 1022 1024 1024 1025 1023 1025 1024 1026 1026 1027 1025 1027 1026 964 964 967 1027 1031 1028 1029 1029 1030 1031 1035 1032 1033 1033 1034 1035 1039 1036 1037 1037 1038 1039 
						1043 1040 1041 1041 1042 1043 1047 1044 1045 1045 1046 1047 1051 1048 1049 1049 1050 1051 1055 1052 1053 1053 1054 1055 1054 1053 1056 1056 1057 1054 1057 1056 1058 1058 1059 1057 1059 1058 1060 1060 1061 1059 1061 1060 1062 1062 1063 1061 1063 1062 1040 1040 1043 1063 1067 1064 1065 1065 1066 1067 1066 1065 1068 1068 1069 1066 1069 1068 1070 1070 1071 1069 1071 1070 1072 1072 1073 1071 1073 1072 1074 1074 1075 1073 1075 1074 1036 1036 1039 1075 1079 1076 1077 1077 1078 1079 1078 1077 1080 1080 1081 1078 1081 1080 1082 1082 1083 1081 1083 1082 1084 1084 1085 1083 1085 1084 1086 1086 1087 1085 1087 1086 1032 1032 1035 1087 1091 1088 1089 1089 1090 1091 1090 1089 1092 1092 1093 1090 1093 1092 1094 1094 1095 1093 1095 1094 1096 1096 1097 1095 1097 1096 1098 1098 1099 1097 1099 1098 1028 1028 1031 1099 1103 1100 1101 1101 1102 1103 1107 1104 1105 1105 1106 1107 1111 1108 1109 1109 1110 1111 1115 1112 1113 1113 1114 1115 1119 1116 1117 1117 1118 1119 
						1123 1120 1121 1121 1122 1123 1127 1124 1125 1125 1126 1127 1126 1125 1128 1128 1129 1126 1129 1128 1130 1130 1131 1129 1131 1130 1132 1132 1133 1131 1133 1132 1134 1134 1135 1133 1135 1134 1112 1112 1115 1135 1139 1136 1137 1137 1138 1139 1138 1137 1140 1140 1141 1138 1141 1140 1142 1142 1143 1141 1143 1142 1144 1144 1145 1143 1145 1144 1146 1146 1147 1145 1147 1146 1108 1108 1111 1147 1151 1148 1149 1149 1150 1151 1150 1149 1152 1152 1153 1150 1153 1152 1154 1154 1155 1153 1155 1154 1156 1156 1157 1155 1157 1156 1158 1158 1159 1157 1159 1158 1104 1104 1107 1159 1163 1160 1161 1161 1162 1163 1162 1161 1164 1164 1165 1162 1165 1164 1166 1166 1167 1165 1167 1166 1168 1168 1169 1167 1169 1168 1170 1170 1171 1169 1171 1170 1100 1100 1103 1171 1175 1172 1173 1173 1174 1175 1179 1176 1177 1177 1178 1179 1183 1180 1181 1181 1182 1183 1187 1184 1185 1185 1186 1187 1191 1188 1189 1189 1190 1191 1195 1192 1193 1193 1194 1195 1199 1196 1197 1197 1198 1199 
						1203 1200 1201 1201 1202 1203 1207 1204 1205 1205 1206 1207 1206 1205 1208 1208 1209 1206 1209 1208 1210 1210 1211 1209 1211 1210 1212 1212 1213 1211 1213 1212 1200 1200 1203 1213 1217 1214 1215 1215 1216 1217 1216 1215 1218 1218 1219 1216 1219 1218 1220 1220 1221 1219 1221 1220 1222 1222 1223 1221 1223 1222 1196 1196 1199 1223 1227 1224 1225 1225 1226 1227 1226 1225 1228 1228 1229 1226 1229 1228 1230 1230 1231 1229 1231 1230 1232 1232 1233 1231 1233 1232 1192 1192 1195 1233 1237 1234 1235 1235 1236 1237 1236 1235 1238 1238 1239 1236 1239 1238 1240 1240 1241 1239 1241 1240 1242 1242 1243 1241 1243 1242 1188 1188 1191 1243 1247 1244 1245 1245 1246 1247 1246 1245 1248 1248 1249 1246 1249 1248 1250 1250 1251 1249 1251 1250 1252 1252 1253 1251 1253 1252 1184 1184 1187 1253 1257 1254 1255 1255 1256 1257 1256 1255 1258 1258 1259 1256 1259 1258 1260 1260 1261 1259 1261 1260 1262 1262 1263 1261 1263 1262 1180 1180 1183 1263 1267 1264 1265 1265 1266 1267 
						1266 1265 1268 1268 1269 1266 1269 1268 1270 1270 1271 1269 1271 1270 1272 1272 1273 1271 1273 1272 1176 1176 1179 1273 1277 1274 1275 1275 1276 1277 1276 1275 1278 1278 1279 1276 1279 1278 1280 1280 1281 1279 1281 1280 1282 1282 1283 1281 1283 1282 1172 1172 1175 1283 1287 1284 1285 1285 1286 1287 1291 1288 1289 1289 1290 1291 1295 1292 1293 1293 1294 1295 1299 1296 1297 1297 1298 1299 1303 1300 1301 1301 1302 1303 1307 1304 1305 1305 1306 1307 1306 1305 1308 1308 1309 1306 1309 1308 1310 1310 1311 1309 1311 1310 1312 1312 1313 1311 1313 1312 1314 1314 1315 1313 1315 1314 1300 1300 1303 1315 1319 1316 1317 1317 1318 1319 1318 1317 1320 1320 1321 1318 1321 1320 1322 1322 1323 1321 1323 1322 1324 1324 1325 1323 1325 1324 1326 1326 1327 1325 1327 1326 1296 1296 1299 1327 1331 1328 1329 1329 1330 1331 1330 1329 1332 1332 1333 1330 1333 1332 1334 1334 1335 1333 1335 1334 1336 1336 1337 1335 1337 1336 1338 1338 1339 1337 1339 1338 1292 1292 1295 1339 
						1343 1340 1341 1341 1342 1343 1342 1341 1344 1344 1345 1342 1345 1344 1346 1346 1347 1345 1347 1346 1348 1348 1349 1347 1349 1348 1350 1350 1351 1349 1351 1350 1288 1288 1291 1351 1355 1352 1353 1353 1354 1355 1359 1356 1357 1357 1358 1359 1363 1360 1361 1361 1362 1363 1367 1364 1365 1365 1366 1367 1371 1368 1369 1369 1370 1371 1370 1369 1372 1372 1373 1370 1373 1372 1374 1374 1375 1373 1375 1374 1376 1376 1377 1375 1377 1376 1378 1378 1379 1377 1379 1378 1364 1364 1367 1379 1383 1380 1381 1381 1382 1383 1382 1381 1384 1384 1385 1382 1385 1384 1386 1386 1387 1385 1387 1386 1388 1388 1389 1387 1389 1388 1390 1390 1391 1389 1391 1390 1360 1360 1363 1391 1395 1392 1393 1393 1394 1395 1394 1393 1396 1396 1397 1394 1397 1396 1398 1398 1399 1397 1399 1398 1400 1400 1401 1399 1401 1400 1402 1402 1403 1401 1403 1402 1356 1356 1359 1403 1407 1404 1405 1405 1406 1407 1406 1405 1408 1408 1409 1406 1409 1408 1410 1410 1411 1409 1411 1410 1412 1412 1413 1411 
						1413 1412 1414 1414 1415 1413 1415 1414 1352 1352 1355 1415 1419 1416 1417 1417 1418 1419 1423 1420 1421 1421 1422 1423 1427 1424 1425 1425 1426 1427 1431 1428 1429 1429 1430 1431 1435 1432 1433 1433 1434 1435 1434 1433 1436 1436 1437 1434 1437 1436 1438 1438 1439 1437 1439 1438 1440 1440 1441 1439 1441 1440 1442 1442 1443 1441 1443 1442 1428 1428 1431 1443 1447 1444 1445 1445 1446 1447 1446 1445 1448 1448 1449 1446 1449 1448 1450 1450 1451 1449 1451 1450 1452 1452 1453 1451 1453 1452 1454 1454 1455 1453 1455 1454 1424 1424 1427 1455 1459 1456 1457 1457 1458 1459 1458 1457 1460 1460 1461 1458 1461 1460 1462 1462 1463 1461 1463 1462 1464 1464 1465 1463 1465 1464 1466 1466 1467 1465 1467 1466 1420 1420 1423 1467 1471 1468 1469 1469 1470 1471 1470 1469 1472 1472 1473 1470 1473 1472 1474 1474 1475 1473 1475 1474 1476 1476 1477 1475 1477 1476 1478 1478 1479 1477 1479 1478 1416 1416 1419 1479 1483 1480 1481 1481 1482 1483 1487 1484 1485 1485 1486 1487 
						1491 1488 1489 1489 1490 1491 1495 1492 1493 1493 1494 1495 1499 1496 1497 1497 1498 1499 1498 1497 1500 1500 1501 1498 1501 1500 1502 1502 1503 1501 1503 1502 1504 1504 1505 1503 1505 1504 1506 1506 1507 1505 1507 1506 1492 1492 1495 1507 1511 1508 1509 1509 1510 1511 1510 1509 1512 1512 1513 1510 1513 1512 1514 1514 1515 1513 1515 1514 1516 1516 1517 1515 1517 1516 1518 1518 1519 1517 1519 1518 1488 1488 1491 1519 1523 1520 1521 1521 1522 1523 1522 1521 1524 1524 1525 1522 1525 1524 1526 1526 1527 1525 1527 1526 1528 1528 1529 1527 1529 1528 1530 1530 1531 1529 1531 1530 1484 1484 1487 1531 1535 1532 1533 1533 1534 1535 1534 1533 1536 1536 1537 1534 1537 1536 1538 1538 1539 1537 1539 1538 1540 1540 1541 1539 1541 1540 1542 1542 1543 1541 1543 1542 1480 1480 1483 1543 1547 1544 1545 1545 1546 1547 1551 1548 1549 1549 1550 1551 1555 1552 1553 1553 1554 1555 1559 1556 1557 1557 1558 1559 1563 1560 1561 1561 1562 1563 1562 1561 1564 1564 1565 1562 
						1565 1564 1566 1566 1567 1565 1567 1566 1568 1568 1569 1567 1569 1568 1570 1570 1571 1569 1571 1570 1556 1556 1559 1571 1575 1572 1573 1573 1574 1575 1574 1573 1576 1576 1577 1574 1577 1576 1578 1578 1579 1577 1579 1578 1580 1580 1581 1579 1581 1580 1582 1582 1583 1581 1583 1582 1552 1552 1555 1583 1587 1584 1585 1585 1586 1587 1586 1585 1588 1588 1589 1586 1589 1588 1590 1590 1591 1589 1591 1590 1592 1592 1593 1591 1593 1592 1594 1594 1595 1593 1595 1594 1548 1548 1551 1595 1599 1596 1597 1597 1598 1599 1598 1597 1600 1600 1601 1598 1601 1600 1602 1602 1603 1601 1603 1602 1604 1604 1605 1603 1605 1604 1606 1606 1607 1605 1607 1606 1544 1544 1547 1607 1611 1608 1609 1609 1610 1611 1615 1612 1613 1613 1614 1615 1619 1616 1617 1617 1618 1619 1623 1620 1621 1621 1622 1623 1627 1624 1625 1625 1626 1627 1626 1625 1628 1628 1629 1626 1629 1628 1630 1630 1631 1629 1631 1630 1632 1632 1633 1631 1633 1632 1634 1634 1635 1633 1635 1634 1620 1620 1623 1635 
						1639 1636 1637 1637 1638 1639 1638 1637 1640 1640 1641 1638 1641 1640 1642 1642 1643 1641 1643 1642 1644 1644 1645 1643 1645 1644 1646 1646 1647 1645 1647 1646 1616 1616 1619 1647 1651 1648 1649 1649 1650 1651 1650 1649 1652 1652 1653 1650 1653 1652 1654 1654 1655 1653 1655 1654 1656 1656 1657 1655 1657 1656 1658 1658 1659 1657 1659 1658 1612 1612 1615 1659 1663 1660 1661 1661 1662 1663 1662 1661 1664 1664 1665 1662 1665 1664 1666 1666 1667 1665 1667 1666 1668 1668 1669 1667 1669 1668 1670 1670 1671 1669 1671 1670 1608 1608 1611 1671 1675 1672 1673 1673 1674 1675 1679 1676 1677 1677 1678 1679 1683 1680 1681 1681 1682 1683 1687 1684 1685 1685 1686 1687 1691 1688 1689 1689 1690 1691 1695 1692 1693 1693 1694 1695 1699 1696 1697 1697 1698 1699 1698 1697 1700 1700 1701 1698 1701 1700 1702 1702 1703 1701 1703 1702 1704 1704 1705 1703 1705 1704 1706 1706 1707 1705 1707 1706 1684 1684 1687 1707 1711 1708 1709 1709 1710 1711 1710 1709 1712 1712 1713 1710 
						1713 1712 1714 1714 1715 1713 1715 1714 1716 1716 1717 1715 1717 1716 1718 1718 1719 1717 1719 1718 1680 1680 1683 1719 1723 1720 1721 1721 1722 1723 1722 1721 1724 1724 1725 1722 1725 1724 1726 1726 1727 1725 1727 1726 1728 1728 1729 1727 1729 1728 1730 1730 1731 1729 1731 1730 1676 1676 1679 1731 1735 1732 1733 1733 1734 1735 1734 1733 1736 1736 1737 1734 1737 1736 1738 1738 1739 1737 1739 1738 1740 1740 1741 1739 1741 1740 1742 1742 1743 1741 1743 1742 1672 1672 1675 1743 1747 1744 1745 1745 1746 1747 1751 1748 1749 1749 1750 1751 1755 1752 1753 1753 1754 1755 1759 1756 1757 1757 1758 1759 1763 1760 1761 1761 1762 1763 1767 1764 1765 1765 1766 1767 1771 1768 1769 1769 1770 1771 1770 1769 1772 1772 1773 1770 1773 1772 1774 1774 1775 1773 1775 1774 1776 1776 1777 1775 1777 1776 1778 1778 1779 1777 1779 1778 1756 1756 1759 1779 1783 1780 1781 1781 1782 1783 1782 1781 1784 1784 1785 1782 1785 1784 1786 1786 1787 1785 1787 1786 1788 1788 1789 1787 
						1789 1788 1790 1790 1791 1789 1791 1790 1752 1752 1755 1791 1795 1792 1793 1793 1794 1795 1794 1793 1796 1796 1797 1794 1797 1796 1798 1798 1799 1797 1799 1798 1800 1800 1801 1799 1801 1800 1802 1802 1803 1801 1803 1802 1748 1748 1751 1803 1807 1804 1805 1805 1806 1807 1806 1805 1808 1808 1809 1806 1809 1808 1810 1810 1811 1809 1811 1810 1812 1812 1813 1811 1813 1812 1814 1814 1815 1813 1815 1814 1744 1744 1747 1815 1819 1816 1817 1817 1818 1819 1823 1820 1821 1821 1822 1823 1827 1824 1825 1825 1826 1827 1831 1828 1829 1829 1830 1831 1835 1832 1833 1833 1834 1835 1839 1836 1837 1837 1838 1839 1843 1840 1841 1841 1842 1843 1847 1844 1845 1845 1846 1847 1851 1848 1849 1849 1850 1851 1850 1849 1852 1852 1853 1850 1853 1852 1854 1854 1855 1853 1855 1854 1856 1856 1857 1855 1857 1856 1844 1844 1847 1857 1861 1858 1859 1859 1860 1861 1860 1859 1862 1862 1863 1860 1863 1862 1864 1864 1865 1863 1865 1864 1866 1866 1867 1865 1867 1866 1840 1840 1843 1867 
						1871 1868 1869 1869 1870 1871 1870 1869 1872 1872 1873 1870 1873 1872 1874 1874 1875 1873 1875 1874 1876 1876 1877 1875 1877 1876 1836 1836 1839 1877 1881 1878 1879 1879 1880 1881 1880 1879 1882 1882 1883 1880 1883 1882 1884 1884 1885 1883 1885 1884 1886 1886 1887 1885 1887 1886 1832 1832 1835 1887 1891 1888 1889 1889 1890 1891 1890 1889 1892 1892 1893 1890 1893 1892 1894 1894 1895 1893 1895 1894 1896 1896 1897 1895 1897 1896 1828 1828 1831 1897 1901 1898 1899 1899 1900 1901 1900 1899 1902 1902 1903 1900 1903 1902 1904 1904 1905 1903 1905 1904 1906 1906 1907 1905 1907 1906 1824 1824 1827 1907 1911 1908 1909 1909 1910 1911 1910 1909 1912 1912 1913 1910 1913 1912 1914 1914 1915 1913 1915 1914 1916 1916 1917 1915 1917 1916 1820 1820 1823 1917 1921 1918 1919 1919 1920 1921 1920 1919 1922 1922 1923 1920 1923 1922 1924 1924 1925 1923 1925 1924 1926 1926 1927 1925 1927 1926 1816 1816 1819 1927 1931 1928 1929 1929 1930 1931 1935 1932 1933 1933 1934 1935 
						1939 1936 1937 1937 1938 1939 1943 1940 1941 1941 1942 1943 1947 1944 1945 1945 1946 1947 1951 1948 1949 1949 1950 1951 1950 1949 1952 1952 1953 1950 1953 1952 1954 1954 1955 1953 1955 1954 1956 1956 1957 1955 1957 1956 1958 1958 1959 1957 1959 1958 1944 1944 1947 1959 1963 1960 1961 1961 1962 1963 1962 1961 1964 1964 1965 1962 1965 1964 1966 1966 1967 1965 1967 1966 1968 1968 1969 1967 1969 1968 1970 1970 1971 1969 1971 1970 1940 1940 1943 1971 1975 1972 1973 1973 1974 1975 1974 1973 1976 1976 1977 1974 1977 1976 1978 1978 1979 1977 1979 1978 1980 1980 1981 1979 1981 1980 1982 1982 1983 1981 1983 1982 1936 1936 1939 1983 1987 1984 1985 1985 1986 1987 1986 1985 1988 1988 1989 1986 1989 1988 1990 1990 1991 1989 1991 1990 1992 1992 1993 1991 1993 1992 1994 1994 1995 1993 1995 1994 1932 1932 1935 1995 1999 1996 1997 1997 1998 1999 2003 2000 2001 2001 2002 2003 2007 2004 2005 2005 2006 2007 2011 2008 2009 2009 2010 2011 2015 2012 2013 2013 2014 2015 
						2014 2013 2016 2016 2017 2014 2017 2016 2018 2018 2019 2017 2019 2018 2020 2020 2021 2019 2021 2020 2022 2022 2023 2021 2023 2022 2008 2008 2011 2023 2027 2024 2025 2025 2026 2027 2026 2025 2028 2028 2029 2026 2029 2028 2030 2030 2031 2029 2031 2030 2032 2032 2033 2031 2033 2032 2034 2034 2035 2033 2035 2034 2004 2004 2007 2035 2039 2036 2037 2037 2038 2039 2038 2037 2040 2040 2041 2038 2041 2040 2042 2042 2043 2041 2043 2042 2044 2044 2045 2043 2045 2044 2046 2046 2047 2045 2047 2046 2000 2000 2003 2047 2051 2048 2049 2049 2050 2051 2050 2049 2052 2052 2053 2050 2053 2052 2054 2054 2055 2053 2055 2054 2056 2056 2057 2055 2057 2056 2058 2058 2059 2057 2059 2058 1996 1996 1999 2059 2063 2060 2061 2061 2062 2063 2067 2064 2065 2065 2066 2067 2071 2068 2069 2069 2070 2071 2075 2072 2073 2073 2074 2075 2079 2076 2077 2077 2078 2079 2078 2077 2080 2080 2081 2078 2081 2080 2082 2082 2083 2081 2083 2082 2084 2084 2085 2083 2085 2084 2086 2086 2087 2085 
						2087 2086 2072 2072 2075 2087 2091 2088 2089 2089 2090 2091 2090 2089 2092 2092 2093 2090 2093 2092 2094 2094 2095 2093 2095 2094 2096 2096 2097 2095 2097 2096 2098 2098 2099 2097 2099 2098 2068 2068 2071 2099 2103 2100 2101 2101 2102 2103 2102 2101 2104 2104 2105 2102 2105 2104 2106 2106 2107 2105 2107 2106 2108 2108 2109 2107 2109 2108 2110 2110 2111 2109 2111 2110 2064 2064 2067 2111 2115 2112 2113 2113 2114 2115 2114 2113 2116 2116 2117 2114 2117 2116 2118 2118 2119 2117 2119 2118 2120 2120 2121 2119 2121 2120 2122 2122 2123 2121 2123 2122 2060 2060 2063 2123 2127 2124 2125 2125 2126 2127 2131 2128 2129 2129 2130 2131 2135 2132 2133 2133 2134 2135 2139 2136 2137 2137 2138 2139 2143 2140 2141 2141 2142 2143 2142 2141 2144 2144 2145 2142 2145 2144 2146 2146 2147 2145 2147 2146 2148 2148 2149 2147 2149 2148 2150 2150 2151 2149 2151 2150 2136 2136 2139 2151 2155 2152 2153 2153 2154 2155 2154 2153 2156 2156 2157 2154 2157 2156 2158 2158 2159 2157 
						2159 2158 2160 2160 2161 2159 2161 2160 2162 2162 2163 2161 2163 2162 2132 2132 2135 2163 2167 2164 2165 2165 2166 2167 2166 2165 2168 2168 2169 2166 2169 2168 2170 2170 2171 2169 2171 2170 2172 2172 2173 2171 2173 2172 2174 2174 2175 2173 2175 2174 2128 2128 2131 2175 2179 2176 2177 2177 2178 2179 2178 2177 2180 2180 2181 2178 2181 2180 2182 2182 2183 2181 2183 2182 2184 2184 2185 2183 2185 2184 2186 2186 2187 2185 2187 2186 2124 2124 2127 2187 2191 2188 2189 2189 2190 2191 2195 2192 2193 2193 2194 2195 2199 2196 2197 2197 2198 2199 2203 2200 2201 2201 2202 2203 2207 2204 2205 2205 2206 2207 2206 2205 2208 2208 2209 2206 2209 2208 2210 2210 2211 2209 2211 2210 2212 2212 2213 2211 2213 2212 2214 2214 2215 2213 2215 2214 2200 2200 2203 2215 2219 2216 2217 2217 2218 2219 2218 2217 2220 2220 2221 2218 2221 2220 2222 2222 2223 2221 2223 2222 2224 2224 2225 2223 2225 2224 2226 2226 2227 2225 2227 2226 2196 2196 2199 2227 2231 2228 2229 2229 2230 2231 
						2230 2229 2232 2232 2233 2230 2233 2232 2234 2234 2235 2233 2235 2234 2236 2236 2237 2235 2237 2236 2238 2238 2239 2237 2239 2238 2192 2192 2195 2239 2243 2240 2241 2241 2242 2243 2242 2241 2244 2244 2245 2242 2245 2244 2246 2246 2247 2245 2247 2246 2248 2248 2249 2247 2249 2248 2250 2250 2251 2249 2251 2250 2188 2188 2191 2251 2255 2252 2253 2253 2254 2255 2259 2256 2257 2257 2258 2259 2263 2260 2261 2261 2262 2263 2267 2264 2265 2265 2266 2267 2271 2268 2269 2269 2270 2271 2270 2269 2272 2272 2273 2270 2273 2272 2274 2274 2275 2273 2275 2274 2276 2276 2277 2275 2277 2276 2278 2278 2279 2277 2279 2278 2264 2264 2267 2279 2283 2280 2281 2281 2282 2283 2282 2281 2284 2284 2285 2282 2285 2284 2286 2286 2287 2285 2287 2286 2288 2288 2289 2287 2289 2288 2290 2290 2291 2289 2291 2290 2260 2260 2263 2291 2295 2292 2293 2293 2294 2295 2294 2293 2296 2296 2297 2294 2297 2296 2298 2298 2299 2297 2299 2298 2300 2300 2301 2299 2301 2300 2302 2302 2303 2301 
						2303 2302 2256 2256 2259 2303 2307 2304 2305 2305 2306 2307 2306 2305 2308 2308 2309 2306 2309 2308 2310 2310 2311 2309 2311 2310 2312 2312 2313 2311 2313 2312 2314 2314 2315 2313 2315 2314 2252 2252 2255 2315 2319 2316 2317 2317 2318 2319 2323 2320 2321 2321 2322 2323 2327 2324 2325 2325 2326 2327 2331 2328 2329 2329 2330 2331 2335 2332 2333 2333 2334 2335 2339 2336 2337 2337 2338 2339 2343 2340 2341 2341 2342 2343 2342 2341 2344 2344 2345 2342 2345 2344 2346 2346 2347 2345 2347 2346 2348 2348 2349 2347 2349 2348 2350 2350 2351 2349 2351 2350 2328 2328 2331 2351 2355 2352 2353 2353 2354 2355 2354 2353 2356 2356 2357 2354 2357 2356 2358 2358 2359 2357 2359 2358 2360 2360 2361 2359 2361 2360 2362 2362 2363 2361 2363 2362 2324 2324 2327 2363 2367 2364 2365 2365 2366 2367 2366 2365 2368 2368 2369 2366 2369 2368 2370 2370 2371 2369 2371 2370 2372 2372 2373 2371 2373 2372 2374 2374 2375 2373 2375 2374 2320 2320 2323 2375 2379 2376 2377 2377 2378 2379 
						2378 2377 2380 2380 2381 2378 2381 2380 2382 2382 2383 2381 2383 2382 2384 2384 2385 2383 2385 2384 2386 2386 2387 2385 2387 2386 2316 2316 2319 2387 2391 2388 2389 2389 2390 2391 2395 2392 2393 2393 2394 2395 2399 2396 2397 2397 2398 2399 2403 2400 2401 2401 2402 2403 2407 2404 2405 2405 2406 2407 2411 2408 2409 2409 2410 2411 2415 2412 2413 2413 2414 2415 2414 2413 2416 2416 2417 2414 2417 2416 2418 2418 2419 2417 2419 2418 2420 2420 2421 2419 2421 2420 2422 2422 2423 2421 2423 2422 2400 2400 2403 2423 2427 2424 2425 2425 2426 2427 2426 2425 2428 2428 2429 2426 2429 2428 2430 2430 2431 2429 2431 2430 2432 2432 2433 2431 2433 2432 2434 2434 2435 2433 2435 2434 2396 2396 2399 2435 2439 2436 2437 2437 2438 2439 2438 2437 2440 2440 2441 2438 2441 2440 2442 2442 2443 2441 2443 2442 2444 2444 2445 2443 2445 2444 2446 2446 2447 2445 2447 2446 2392 2392 2395 2447 2451 2448 2449 2449 2450 2451 2450 2449 2452 2452 2453 2450 2453 2452 2454 2454 2455 2453 
						2455 2454 2456 2456 2457 2455 2457 2456 2458 2458 2459 2457 2459 2458 2388 2388 2391 2459 2463 2460 2461 2461 2462 2463 2467 2464 2465 2465 2466 2467 2471 2468 2469 2469 2470 2471 2475 2472 2473 2473 2474 2475 2479 2476 2477 2477 2478 2479 2483 2480 2481 2481 2482 2483 2487 2484 2485 2485 2486 2487 2491 2488 2489 2489 2490 2491 2495 2492 2493 2493 2494 2495 2494 2493 2496 2496 2497 2494 2497 2496 2498 2498 2499 2497 2499 2498 2500 2500 2501 2499 2501 2500 2488 2488 2491 2501 2505 2502 2503 2503 2504 2505 2504 2503 2506 2506 2507 2504 2507 2506 2508 2508 2509 2507 2509 2508 2510 2510 2511 2509 2511 2510 2484 2484 2487 2511 2515 2512 2513 2513 2514 2515 2514 2513 2516 2516 2517 2514 2517 2516 2518 2518 2519 2517 2519 2518 2520 2520 2521 2519 2521 2520 2480 2480 2483 2521 2525 2522 2523 2523 2524 2525 2524 2523 2526 2526 2527 2524 2527 2526 2528 2528 2529 2527 2529 2528 2530 2530 2531 2529 2531 2530 2476 2476 2479 2531 2535 2532 2533 2533 2534 2535 
						2534 2533 2536 2536 2537 2534 2537 2536 2538 2538 2539 2537 2539 2538 2540 2540 2541 2539 2541 2540 2472 2472 2475 2541 2545 2542 2543 2543 2544 2545 2544 2543 2546 2546 2547 2544 2547 2546 2548 2548 2549 2547 2549 2548 2550 2550 2551 2549 2551 2550 2468 2468 2471 2551 2555 2552 2553 2553 2554 2555 2554 2553 2556 2556 2557 2554 2557 2556 2558 2558 2559 2557 2559 2558 2560 2560 2561 2559 2561 2560 2464 2464 2467 2561 2565 2562 2563 2563 2564 2565 2564 2563 2566 2566 2567 2564 2567 2566 2568 2568 2569 2567 2569 2568 2570 2570 2571 2569 2571 2570 2460 2460 2463 2571 2575 2572 2573 2573 2574 2575 2579 2576 2577 2577 2578 2579 2583 2580 2581 2581 2582 2583 2587 2584 2585 2585 2586 2587 2593 2588 2589 2593 2589 2590 2593 2590 2591 2591 2592 2593 2597 2594 2595 2595 2596 2597 2601 2598 2599 2599 2600 2601 2607 2602 2603 2607 2603 2604 2607 2604 2605 2605 2606 2607 2611 2608 2609 2609 2610 2611 2610 2609 2598 2598 2601 2610 2615 2612 2613 2613 2614 2615 
						2614 2613 2594 2594 2597 2614 2619 2616 2617 2617 2618 2619 2618 2617 2584 2584 2587 2618 2623 2620 2621 2621 2622 2623 2627 2624 2625 2625 2626 2627 2626 2625 2576 2576 2579 2626 2631 2628 2629 2629 2630 2631 2635 2632 2633 2633 2634 2635 2637 2605 2604 2604 2636 2637 2641 2638 2639 2639 2640 2641 2643 2593 2592 2592 2642 2643 2647 2644 2645 2645 2646 2647 2651 2648 2649 2649 2650 2651 2655 2652 2653 2653 2654 2655 2659 2656 2657 2657 2658 2659 2663 2660 2661 2661 2662 2663 2669 2664 2665 2669 2665 2666 2669 2666 2667 2667 2668 2669 2673 2670 2671 2671 2672 2673 2677 2674 2675 2675 2676 2677 2683 2678 2679 2683 2679 2680 2683 2680 2681 2681 2682 2683 2687 2684 2685 2685 2686 2687 2686 2685 2674 2674 2677 2686 2691 2688 2689 2689 2690 2691 2690 2689 2670 2670 2673 2690 2695 2692 2693 2693 2694 2695 2694 2693 2660 2660 2663 2694 2699 2696 2697 2697 2698 2699 2703 2700 2701 2701 2702 2703 2702 2701 2652 2652 2655 2702 2707 2704 2705 2705 2706 2707 
						2711 2708 2709 2709 2710 2711 2713 2681 2680 2680 2712 2713 2717 2714 2715 2715 2716 2717 2719 2669 2668 2668 2718 2719 2723 2720 2721 2721 2722 2723 2727 2724 2725 2725 2726 2727 2731 2728 2729 2729 2730 2731 2735 2732 2733 2733 2734 2735 2739 2736 2737 2737 2738 2739 2745 2740 2741 2745 2741 2742 2745 2742 2743 2743 2744 2745 2749 2746 2747 2747 2748 2749 2753 2750 2751 2751 2752 2753 2759 2754 2755 2759 2755 2756 2759 2756 2757 2757 2758 2759 2763 2760 2761 2761 2762 2763 2762 2761 2750 2750 2753 2762 2767 2764 2765 2765 2766 2767 2766 2765 2746 2746 2749 2766 2771 2768 2769 2769 2770 2771 2770 2769 2736 2736 2739 2770 2775 2772 2773 2773 2774 2775 2779 2776 2777 2777 2778 2779 2778 2777 2728 2728 2731 2778 2783 2780 2781 2781 2782 2783 2787 2784 2785 2785 2786 2787 2789 2757 2756 2756 2788 2789 2793 2790 2791 2791 2792 2793 2795 2745 2744 2744 2794 2795 2799 2796 2797 2797 2798 2799 2803 2800 2801 2801 2802 2803 2807 2804 2805 2805 2806 2807 
						2811 2808 2809 2809 2810 2811 2815 2812 2813 2813 2814 2815 2821 2816 2817 2821 2817 2818 2821 2818 2819 2819 2820 2821 2825 2822 2823 2823 2824 2825 2829 2826 2827 2827 2828 2829 2835 2830 2831 2835 2831 2832 2835 2832 2833 2833 2834 2835 2839 2836 2837 2837 2838 2839 2838 2837 2826 2826 2829 2838 2843 2840 2841 2841 2842 2843 2842 2841 2822 2822 2825 2842 2847 2844 2845 2845 2846 2847 2846 2845 2812 2812 2815 2846 2851 2848 2849 2849 2850 2851 2855 2852 2853 2853 2854 2855 2854 2853 2804 2804 2807 2854 2859 2856 2857 2857 2858 2859 2863 2860 2861 2861 2862 2863 2865 2833 2832 2832 2864 2865 2869 2866 2867 2867 2868 2869 2871 2821 2820 2820 2870 2871 2875 2872 2873 2873 2874 2875 2879 2876 2877 2877 2878 2879 2883 2880 2881 2881 2882 2883 2887 2884 2885 2885 2886 2887 2891 2888 2889 2889 2890 2891 2897 2892 2893 2897 2893 2894 2897 2894 2895 2895 2896 2897 2901 2898 2899 2899 2900 2901 2905 2902 2903 2903 2904 2905 2911 2906 2907 2911 2907 2908 
						2911 2908 2909 2909 2910 2911 2915 2912 2913 2913 2914 2915 2914 2913 2902 2902 2905 2914 2919 2916 2917 2917 2918 2919 2918 2917 2898 2898 2901 2918 2923 2920 2921 2921 2922 2923 2922 2921 2888 2888 2891 2922 2927 2924 2925 2925 2926 2927 2931 2928 2929 2929 2930 2931 2930 2929 2880 2880 2883 2930 2935 2932 2933 2933 2934 2935 2939 2936 2937 2937 2938 2939 2941 2909 2908 2908 2940 2941 2945 2942 2943 2943 2944 2945 2947 2897 2896 2896 2946 2947 2951 2948 2949 2949 2950 2951 2955 2952 2953 2953 2954 2955 2959 2956 2957 2957 2958 2959 2963 2960 2961 2961 2962 2963 2967 2964 2965 2965 2966 2967 2973 2968 2969 2973 2969 2970 2973 2970 2971 2971 2972 2973 2977 2974 2975 2975 2976 2977 2981 2978 2979 2979 2980 2981 2987 2982 2983 2987 2983 2984 2987 2984 2985 2985 2986 2987 2991 2988 2989 2989 2990 2991 2990 2989 2978 2978 2981 2990 2995 2992 2993 2993 2994 2995 2994 2993 2974 2974 2977 2994 2999 2996 2997 2997 2998 2999 2998 2997 2964 2964 2967 2998 
						3003 3000 3001 3001 3002 3003 3007 3004 3005 3005 3006 3007 3006 3005 2956 2956 2959 3006 3011 3008 3009 3009 3010 3011 3015 3012 3013 3013 3014 3015 3017 2985 2984 2984 3016 3017 3021 3018 3019 3019 3020 3021 3023 2973 2972 2972 3022 3023 3027 3024 3025 3025 3026 3027 3031 3028 3029 3029 3030 3031 3035 3032 3033 3033 3034 3035 3039 3036 3037 3037 3038 3039 3043 3040 3041 3041 3042 3043 3049 3044 3045 3049 3045 3046 3049 3046 3047 3047 3048 3049 3053 3050 3051 3051 3052 3053 3057 3054 3055 3055 3056 3057 3063 3058 3059 3063 3059 3060 3063 3060 3061 3061 3062 3063 3067 3064 3065 3065 3066 3067 3066 3065 3054 3054 3057 3066 3071 3068 3069 3069 3070 3071 3070 3069 3050 3050 3053 3070 3075 3072 3073 3073 3074 3075 3074 3073 3040 3040 3043 3074 3079 3076 3077 3077 3078 3079 3083 3080 3081 3081 3082 3083 3082 3081 3032 3032 3035 3082 3087 3084 3085 3085 3086 3087 3091 3088 3089 3089 3090 3091 3093 3061 3060 3060 3092 3093 3097 3094 3095 3095 3096 3097 
						3099 3049 3048 3048 3098 3099 3103 3100 3101 3101 3102 3103 3107 3104 3105 3105 3106 3107 3111 3108 3109 3109 3110 3111 3115 3112 3113 3113 3114 3115 3119 3116 3117 3117 3118 3119 3125 3120 3121 3125 3121 3122 3125 3122 3123 3123 3124 3125 3129 3126 3127 3127 3128 3129 3133 3130 3131 3131 3132 3133 3139 3134 3135 3139 3135 3136 3139 3136 3137 3137 3138 3139 3143 3140 3141 3141 3142 3143 3142 3141 3130 3130 3133 3142 3147 3144 3145 3145 3146 3147 3146 3145 3126 3126 3129 3146 3151 3148 3149 3149 3150 3151 3150 3149 3116 3116 3119 3150 3155 3152 3153 3153 3154 3155 3159 3156 3157 3157 3158 3159 3158 3157 3108 3108 3111 3158 3163 3160 3161 3161 3162 3163 3167 3164 3165 3165 3166 3167 3169 3137 3136 3136 3168 3169 3173 3170 3171 3171 3172 3173 3175 3125 3124 3124 3174 3175 3179 3176 3177 3177 3178 3179 3183 3180 3181 3181 3182 3183 3187 3184 3185 3185 3186 3187 3191 3188 3189 3189 3190 3191 3195 3192 3193 3193 3194 3195 3201 3196 3197 3201 3197 3198 
						3201 3198 3199 3199 3200 3201 3205 3202 3203 3203 3204 3205 3209 3206 3207 3207 3208 3209 3215 3210 3211 3215 3211 3212 3215 3212 3213 3213 3214 3215 3219 3216 3217 3217 3218 3219 3218 3217 3206 3206 3209 3218 3223 3220 3221 3221 3222 3223 3222 3221 3202 3202 3205 3222 3227 3224 3225 3225 3226 3227 3226 3225 3192 3192 3195 3226 3231 3228 3229 3229 3230 3231 3235 3232 3233 3233 3234 3235 3234 3233 3184 3184 3187 3234 3239 3236 3237 3237 3238 3239 3243 3240 3241 3241 3242 3243 3245 3213 3212 3212 3244 3245 3249 3246 3247 3247 3248 3249 3251 3201 3200 3200 3250 3251 3255 3252 3253 3253 3254 3255 3259 3256 3257 3257 3258 3259 3263 3260 3261 3261 3262 3263 3267 3264 3265 3265 3266 3267 3271 3268 3269 3269 3270 3271 3277 3272 3273 3277 3273 3274 3277 3274 3275 3275 3276 3277 3281 3278 3279 3279 3280 3281 3285 3282 3283 3283 3284 3285 3291 3286 3287 3291 3287 3288 3291 3288 3289 3289 3290 3291 3295 3292 3293 3293 3294 3295 3294 3293 3282 3282 3285 3294 
						3299 3296 3297 3297 3298 3299 3298 3297 3278 3278 3281 3298 3303 3300 3301 3301 3302 3303 3302 3301 3268 3268 3271 3302 3307 3304 3305 3305 3306 3307 3311 3308 3309 3309 3310 3311 3310 3309 3260 3260 3263 3310 3315 3312 3313 3313 3314 3315 3319 3316 3317 3317 3318 3319 3321 3289 3288 3288 3320 3321 3325 3322 3323 3323 3324 3325 3327 3277 3276 3276 3326 3327 3331 3328 3329 3329 3330 3331 3335 3332 3333 3333 3334 3335 3339 3336 3337 3337 3338 3339 3343 3340 3341 3341 3342 3343 3347 3344 3345 3345 3346 3347 3353 3348 3349 3353 3349 3350 3353 3350 3351 3351 3352 3353 3357 3354 3355 3355 3356 3357 3361 3358 3359 3359 3360 3361 3367 3362 3363 3367 3363 3364 3367 3364 3365 3365 3366 3367 3371 3368 3369 3369 3370 3371 3370 3369 3358 3358 3361 3370 3375 3372 3373 3373 3374 3375 3374 3373 3354 3354 3357 3374 3379 3376 3377 3377 3378 3379 3378 3377 3344 3344 3347 3378 3383 3380 3381 3381 3382 3383 3387 3384 3385 3385 3386 3387 3386 3385 3336 3336 3339 3386 
						3391 3388 3389 3389 3390 3391 3395 3392 3393 3393 3394 3395 3397 3365 3364 3364 3396 3397 3401 3398 3399 3399 3400 3401 3403 3353 3352 3352 3402 3403 3407 3404 3405 3405 3406 3407 3411 3408 3409 3409 3410 3411 3415 3412 3413 3413 3414 3415 3419 3416 3417 3417 3418 3419 3423 3420 3421 3421 3422 3423 3429 3424 3425 3429 3425 3426 3429 3426 3427 3427 3428 3429 3433 3430 3431 3431 3432 3433 3437 3434 3435 3435 3436 3437 3443 3438 3439 3443 3439 3440 3443 3440 3441 3441 3442 3443 3447 3444 3445 3445 3446 3447 3446 3445 3434 3434 3437 3446 3451 3448 3449 3449 3450 3451 3450 3449 3430 3430 3433 3450 3455 3452 3453 3453 3454 3455 3454 3453 3420 3420 3423 3454 3459 3456 3457 3457 3458 3459 3463 3460 3461 3461 3462 3463 3462 3461 3412 3412 3415 3462 3467 3464 3465 3465 3466 3467 3471 3468 3469 3469 3470 3471 3473 3441 3440 3440 3472 3473 3477 3474 3475 3475 3476 3477 3479 3429 3428 3428 3478 3479 3483 3480 3481 3481 3482 3483 3487 3484 3485 3485 3486 3487 
						3491 3488 3489 3489 3490 3491 3495 3492 3493 3493 3494 3495 3499 3496 3497 3497 3498 3499 3503 3500 3501 3501 3502 3503 3505 3504 3500 3500 3503 3505 3507 3506 2572 2572 2575 3507 1928 3499 3498 3498 1929 1928 1284 3495 3494 3494 1285 1284 640 3491 3490 3490 641 640 3506 3505 3503 3503 2572 3506 2572 3503 3502 3502 2573 2572 3509 3508 3499 3499 1928 3509 3508 3510 3496 3496 3499 3508 3511 3509 1928 1928 1931 3511 3513 3512 3495 3495 1284 3513 3512 3514 3492 3492 3495 3512 3515 3513 1284 1284 1287 3515 3517 3516 3491 3491 640 3517 3516 3518 3488 3488 3491 3516 3519 3517 640 640 643 3519 3518 3520 3521 3521 3488 3518 3488 3521 3522 3522 3489 3488 3514 3523 3524 3524 3492 3514 3492 3524 3525 3525 3493 3492 3510 3526 3527 3527 3496 3510 3496 3527 3528 3528 3497 3496 3504 3529 3530 3530 3500 3504 3500 3530 3531 3531 3501 3500 3530 3532 3533 3533 3531 3530 3529 3534 3532 3532 3530 3529 3527 3535 3536 3536 3528 3527 3526 3537 3535 3535 3527 3526 
						3524 3538 3539 3539 3525 3524 3523 3540 3538 3538 3524 3523 3521 3541 3542 3542 3522 3521 3520 3543 3541 3541 3521 3520 
					</p>
				</polylist>
			</mesh>
		</geometry>
	</library_geometries>
	<library_visual_scenes>
		<visual_scene id="RootNode" name="RootNode">
			<node id="Cube.006" name="Cube.006">
				<matrix>1.000000 0.000000 0.000000 0.000000 0.000000 1.000000 0.000000 0.000000 0.000000 0.000000 1.000000 0.000000 0.000000 0.000000 0.000000 1.000000</matrix>
				<instance_geometry url="#meshId0">
					<bind_material>
						<technique_common>
							<instance_material symbol="defaultMaterial" target="#DefaultMaterial" />
						</technique_common>
					</bind_material>
				</instance_geometry>
			</node>
		</visual_scene>
	</library_visual_scenes>
	<scene>
		<instance_visual_scene url="#RootNode" />
	</scene>
</COLLADA>
